{
  "source_file": "GEMC-511687701265917.pdf",
  "extraction_date": "2026-01-15T00:35:02.786669",
  "extraction_method": "pdfplumber",
  "metadata": {
    "Title": "Contract",
    "Creator": "wkhtmltopdf 0.12.4",
    "Producer": "Qt 4.8.7",
    "CreationDate": "D:20260108160645+05'30'"
  },
  "text_content": "(cid:16)(cid:16) ||CCoonnttrraacctt NNoo:: GEMC-511687701265917\n(cid:34)(cid:34) (cid:34)(cid:34) ||GGeenneerraatteedd DDaattee :: 08-Jan-2026\n(cid:34)(cid:34) ||OOrrggaanniissaattiioonn DDeettaaiillss (cid:34)(cid:34) ||BBuuyyeerr DDeettaaiillss\n(cid:52)(cid:53) |Type : Central Autonomous |Designation : store incharge2\n(cid:61) |Ministry : Ministry of Labour and Employment (cid:72) |Contact No. : -\n(cid:34) |Department : NA |Email ID : dr.dileep.sharma@esic.gov.in\n|Organisation Name : Employees State Insurance Corporation (ESIC) (cid:93) |GSTIN : -\n(cid:72) (cid:73) (cid:61)|Office Zone: Esic Model Hospital, Sec-9a, Gurgaon sector-9a,\n|Address :\nGURGAON, HARYANA-122001, India\n(cid:34)(cid:34) (cid:97)(cid:97) (cid:98)(cid:98) (cid:34)(cid:34) (cid:34)(cid:34) ||FFiinnaanncciiaall AApppprroovvaall DDeettaaiill (cid:52)(cid:52) (cid:34)(cid:34) (cid:34)(cid:34) ||PPaayyiinngg AAuutthhoorriittyy DDeettaaiillss\n(cid:34) |IFD Concurrence : No Role: PAO\nMEDICAL SUPERINTENDENT Offline\nDesignation of Administrative Approval: Payment Mode:\n(cid:34) (cid:97) | |Designation : Assistant Director\nAD(F)\nDesignation of Financial Approval : |Email ID : shanti.mehendran@esic.nic.in\nsector-9a,\n|Address:\nGURGAON, HARYANA-122001, India\n(cid:34)(cid:34) (cid:16)(cid:16) (cid:34)(cid:34) ||SSeelllleerr DDeettaaiillss\n(cid:34) (cid:16) |GeM Seller ID : 5I7A200001827894\n|Company Name : GAJANAND SURGITECH\n(cid:72) |Contact No. : 09999310348\n|Email ID : gajanandsurgitech@gmail.com\nTHIRD FLOOR , R-136 AND R-136A R BLOCK,VANI VIHAR,NEAR VANI PUBLIC SCHOOL,UTTAM NAGAR,\n| Address :\nWest Delhi, DELHI-110059, -\n(cid:112) |MSME Registration number : UDYAM-DL-11-0033484\n(cid:93) |GSTIN: 07GGNPS8978C1ZH (R)\n(cid:34) (cid:113) |MSE Social Category : General\n(cid:34) (cid:113) |MSE Gender : Female\n*(cid:34) (cid:73) (cid:115) GST/TAX (cid:34) |GST / Tax invoice to be raised in the name of - Buyer\n(cid:34) (cid:34) (cid:121) | Delivery Instructions : NA\n(cid:123)(cid:123) (cid:34)(cid:34) ||PPrroodduucctt DDeettaaiillss\n(cid:127) (cid:127)\n((IINNRR (cid:115) (cid:115)\n## (cid:34)(cid:34) ||IItteemm DDeessccrriippttiioonn\nOOrrddeerreedd UUnniitt UUnniitt PPrriiccee TTaaxx BBiiffuurrccaattiioonn ((IINNRR)) PPrriiccee\nQQuuaannttiittyy ((IINNRR)) ((IInncclluussiivvee ooff\naallll DDuuttiieess aanndd\nTTaaxxeess iinn IINNRR))\n(cid:123)(cid:123) ||PPrroodduucctt NNaammee :: LOTUS Flat mesh Rectangular\n(cid:129)(cid:129) ||BBrraanndd :: LOTUS\n(cid:129)(cid:129) (cid:52)(cid:52) ||BBrraanndd TTyyppee :: Registered Brand\n(cid:131)(cid:131) (cid:34)(cid:34)(cid:132)(cid:132)(cid:34)(cid:34) ||CCaattaalloogguuee SSttaattuuss:: OEM verified catalogue\n1 30 pieces 1,648 NA 49,440\n| |SSeelllliinngg AAss :: OEM verified Reseller\n(cid:113)(cid:113) (cid:134) (cid:134) ||CCaatteeggoorryy NNaammee && QQuuaaddrraanntt :: Hernia Mesh (V2) (Q2)\n||MMooddeell:: Lotus LM150-1\n||HHSSNN CCooddee:: HSN not specified by seller\n(cid:72) (cid:127) |Total Order Value (in INR) 4499,,444400\n(cid:34) (cid:34) (cid:34)(cid:34) ||CCoonnssiiggnneeee DDeettaaiill\n(cid:16)(cid:16).. . .||SS..NNoo (cid:34) (cid:34) ||CCoonnssiiggnneeee (cid:98)(cid:98) | |IItteemm (cid:61)(cid:61) ||QQuuaannttiittyy | |\nLLoott NNoo.. BBee\nDDeelliivveerryy SSttaarrtt\nCCoommpplleetteedd\nAAfftteerr\nBByy\n| Designation : Pharmacist\n|Email ID : babu.saini@esic.nic.in\n(cid:72)|Contact : - LOTUS Flat mesh\n1 - 30 08-Jan-2026 23-Jan-2026\n(cid:93) |GSTIN : - Rectangular\n|Address : sector-9a,\nGURGAON, HARYANA-122001, India\nPPrroodduucctt SSppeecciiffiiccaattiioonn ffoorr LLOOTTUUSS FFllaatt mmeesshh RReeccttaanngguullaarr\n(cid:34)(cid:34) (cid:34)(cid:34) (cid:121)(cid:121) ||SSppeecciifificcaattiioonn --(cid:34)(cid:34) (cid:34)(cid:34) (cid:121)(cid:121) ||SSuubb--SSppeecc (cid:127) (cid:127) ||VVaalluuee\nProduct Description Hernia Mesh\nHernia mesh is used in hernia repair surgeries to provide\nGENERAL Purpose additional support and reduce the risk of hernia\nrecurrence\nSterility Sterile\nType of Mesh Flat mesh\nMesh Material Polypropylene\nComposition of Layer NA\nConstruction Type Monofilament\nMesh Shape Rectangular\nPRODUCT\nMesh Size in cms ( 0.5 cm) 10 cm x 15 cm\nINFORMATION\nAvailability of orientation mark to guide mesh position and fixation No\nBurst strength in terms of abdominal pressure for health adults More than 1.5 Times\nType of positioning system for mesh NA if not provided\nIntroducer Tool for smooth insertion of Mesh Yes\nInflation assembly provided No\nPACKING Type of Packing Sterile Packing\nCompliance to Medical Device Rules (MDR) 2017 as amended till date Yes\nAvailability of valid medical device license for the product issued from the competent\nauthority defined under Drugs and Cosmetic Act 1940 and Rules made there under as Yes\namended till date\nValid Medical Device License Number MFG/MD/2024/000202\nCERTIFICATIONS\nManufacturer Facility Certification ISO:13485 (Latest)\nAvailability of Test Report for each supplied batch/product as per Medical Device Rules (MDR)\nYes\n2017 as amended till date\nSubmission of all necessary certifications, licenses and test reports to the buyer at the time\nYes\nof bid submission and/or along with supplies as per buyer requirement\nShelf life in months from the date of manufacture 60 month\nSHELF LIFE\nMinimum shelf life of the product at the time of delivery to the consignee 3/4 th of Total Shelf Life\nAgree to provide advance sample of the product for buyer's approval after award of contract\nADVANCE SAMPLE Yes\nand before commencement of supply in case of bidding only\nADDITIONAL\nAdditional Requirement NA\nREQUIREMENTS\nNNAA\n(cid:34)(cid:34) (cid:145)|(cid:145)|TTeerrmmss aanndd CCoonnddiittiioonnss\n11.. SSppeecciiaall tteerrmmss aanndd ccoonnddiittiioonnss-- VVeerrssiioonn::11 eeffffeeccttiivvee ffrroomm 1166--0077--22002244\n11..11 11.. AAllll PPrroovviissiioonnss ooff DDrruuggss aanndd CCoossmmeettiiccss AAcctt,, 11994400 aanndd RRuulleess ((iinncclluuddiinngg MMeeddiiccaall DDeevviiccee RRuullee 22001177)) mmaaddee tthheerree uunnddeerr aass aammeennddeedd ttiillll ddaattee wwiillll aallwwaayyss bbee aapppplliiccaabbllee.. TThhiiss\nwwiillll iinncclluuddee aallll nnoottiiffiiccaattiioonnss iissssuueedd bbyy CCeennttrraall DDrruuggss SSttaannddaarrdd CCoonnttrrooll OOrrggaanniizzaattiioonn ((CCDDSSCCOO)),, MMiinniissttrryy ooff HHeeaalltthh && FFaammiillyy WWeellffaarree ((MMooHHFFWW)) aanndd DDeeppaarrttmmeenntt ooff\nPPhhaarrmmaacceeuuttiiccaallss ((DDOOPP)),, MMiinniissttrryy ooff CChheemmiiccaallss && FFeerrttiilliizzeerrss ttiimmee ttoo ttiimmee iinn tthhiiss rreeggaarrdd..\n22.. TThhee sseelllleerrss aarree rreeggiisstteerreedd oonn GGeeMM bbaasseedd oonn sseellff--ddeeccllaarraattiioonn ooff vvaalliidd MMeeddiiccaall DDeevviiccee LLiicceennssee,, pprroodduucctt cceerrttiiffiiccaattiioonn,, tteesstt rreeppoorrttss eettcc.. HHoowweevveerr,, bbuuyyeerrss mmuusstt cchheecckk aanndd\nvvaalliiddaattee tthhee ddeettaaiillss aatt tthheeiirr eenndd ffoorr aallll aapppplliiccaabbllee lliicceennsseess aanndd cceerrttiiffiiccaattiioonnss ee..gg..,, vvaalliiddiittyy aanndd aauutthheennttiicciittyy//ggeennuuiinneenneessss ooff lliicceennssee,, pprroodduucctt cceerrttiiffiiccaattiioonn,, mmaannuuffaaccttuurreerr\ncceerrttiiffiiccaattiioonn//lliicceennsseess,, tteesstt rreeppoorrttss eettcc..\n33.. IInn ccaassee ooff aauutthhoorriizzeedd rreesseelllleerrss//ddiissttrriibbuuttoorrss,, iitt wwiillll bbee tthhee lleeggaall && rreegguullaattoorryy lliiaabbiilliittyy ooff tthhee mmaannuuffaaccttuurreerr ttoo eennssuurree tthhaatt tthheeiirr rreesseelllleerrss//ddiissttrriibbuuttoorrss aarree ooppeerraattiinngg iinn\nccoommpplliiaannccee wwiitthh aallll rreelleevvaanntt llaawwss aanndd rreegguullaattiioonnss aanndd aarree pprrooppeerrllyy lliicceennsseedd ttoo sseellll tthhee mmaannuuffaaccttuurreerr''ss pprroodduuccttss,, iinncclluuddiinngg vveerriiffyyiinngg tthhee vvaalliiddiittyy aanndd aauutthheennttiicciittyy ooff\nMMeeddiiccaall DDeevviiccee LLiicceennssee lliicceennssee hheelldd bbyy tthheemm..\n44.. TThhee pprriiccee ooffffeerreedd bbyy tthhee sseelllleerr//bbiiddddeerr sshhaallll nnoott,, iinn aannyy ccaassee eexxcceeeedd tthhee DDPPCCOO//NNPPPPAA ccoonnttrroolllleedd pprriiccee oorr pprriiccee ffiixxeedd bbyy SSttaattee GGoovveerrnnmmeenntt,, iiff aannyy.. TThhee sseelllleerr mmuusstt rreedduuccee\ntthhee pprriicceess iiff tthheerree iiss aannyy rreedduuccttiioonn iinn DDPPCCOO//NNPPPPAA cceeiilliinngg pprriiccee oorr pprriiccee ffiixxeedd bbyy SSttaattee GGoovveerrnnmmeenntt,, iiff aannyy..\n55.. AAnnyy ootthheerr TTeerrmmss aanndd CCoonnddiittiioonnss wwhhiicchh iiss nnoott iinncclluuddeedd oorr aatt vvaarriiaannccee wwiitthh tthhee ccoonnddiittiioonnss ssppeecciiffiieedd iinn SSTTCC//GGTTCC,, mmaayy bbee aaddddeedd bbyy tthhee bbuuyyeerr tthhrroouugghh AAddddiittiioonnaall TTeerrmmss\naanndd CCoonnddiittiioonnss ((AATTCC)) iinn tthhee bbiidd ttoo eennssuurree iitteemmss aarree pprrooccuurreedd ffrroomm aauutthheennttiicc//vvaalliiddaatteedd ssoouurrccee wwiitthh aapppprroopprriiaattee aanndd aapppplliiccaabbllee qquuaalliittyy.. TThhee aabboovvee tteerrmmss aanndd\nccoonnddiittiioonnss aarree iinn rreevveerrssee oorrddeerr ooff pprreecceeddeennccee ii..ee.. AATTCC sshhaallll ssuuppeerrsseeddee ssppeecciiffiicc SSTTCC wwhhiicchh sshhaallll ssuuppeerrsseeddee GGeenneerraall TTeerrmmss aanndd CCoonnddiittiioonnss ((GGTTCC)),, wwhheenneevveerr tthheerree aarree\naannyy ccoonnfflliiccttiinngg pprroovviissiioonnss..\n22.. GGeenneerraall TTeerrmmss aanndd CCoonnddiittiioonnss--\n22..11TThhiiss ccoonnttrraacctt iiss ggoovveerrnneedd bbyy tthhee GGeenneerraall TTeerrmmss aanndd CCoonnddiittiioonnss,, ccoonnddiittiioonnss ssttiippuullaatteedd ttoo tthhiiss PPrroodduucctt//SSeerrvviiccee aass pprroovviiddeedd iinn tthhee MMaarrkkeettppllaaccee..\n22..22TThhiiss CCoonnttrraacctt bbeettwweeeenn tthhee SSeelllleerr aanndd tthhee BBuuyyeerr,, iiss ffoorr tthhee ssuuppppllyy ooff tthhee GGooooddss aanndd// oorr SSeerrvviicceess,, ddeettaaiilleedd iinn tthhee sscchheedduullee aabboovvee,, iinn aaccccoorrddaannccee wwiitthh tthhee GGeenneerraall TTeerrmmss aanndd\nCCoonnddiittiioonnss ((GGTTCC)) uunnlleessss ootthheerrwwiissee ssuuppeerrsseeddeedd bbyy GGooooddss // SSeerrvviicceess ssppeecciiffiicc SSppeecciiaall TTeerrmmss aanndd CCoonnddiittiioonnss ((SSTTCC)) aanndd// oorr BBIIDD//RReevveerrssee AAuuccttiioonn AAddddiittiioonnaall TTeerrmmss aanndd CCoonnddiittiioonnss\n((AATTCC)),, aass aapppplliiccaabbllee\n22..33AAllll GGeeMM SSeelllleerrss // SSeerrvviiccee PPrroovviiddeerrss aarree mmaannddaatteedd ttoo eennssuurree ccoommpplliiaannccee wwiitthh aallll tthhee aapppplliiccaabbllee llaawwss // aaccttss // rruulleess iinncclluuddiinngg bbuutt nnoott lliimmiitteedd ttoo aallll LLaabboouurr LLaawwss ssuucchh aass TThhee\nMMiinniimmuumm WWaaggeess AAcctt,, 11994488,, TThhee PPaayymmeenntt ooff WWaaggeess AAcctt,, 11993366,, TThhee PPaayymmeenntt ooff BBoonnuuss AAcctt,, 11996655,, TThhee EEqquuaall RReemmuunneerraattiioonn AAcctt,, 11997766,, TThhee PPaayymmeenntt ooff GGrraattuuiittyy AAcctt,, 11997722 eettcc.. AAnnyy\nnnoonn--ccoommpplliiaannccee wwiillll bbee ttrreeaatteedd aass bbrreeaacchh ooff ccoonnttrraacctt aanndd BBuuyyeerr mmaayy ttaakkee ssuuiittaabbllee aaccttiioonnss aass ppeerr GGeeMM CCoonnttrraacctt..\nNNoottee:: Sellers are required to raise invoices online as per the contract terms on GeM portal. Timely invoice submission is mandatory for compliances, smooth payment processing,\nand will also contribute to improving their ratings.\nNote: This is system generated file. No signature is required. Print out of this document is not valid for payment/ transaction purpose.",
  "tables": [
    {
      "page": 1,
      "table_number": 1,
      "data": [
        [
          "(cid:34)(cid:34) ||OOrrggaanniissaattiioonn DDeettaaiillss (cid:34)(cid:34) ||BBuuyyeerr DDeettaaiillss\n(cid:52)(cid:53) |Type : Central Autonomous |Designation : store incharge2\n(cid:61) |Ministry : Ministry of Labour and Employment (cid:72) |Contact No. : -\n(cid:34) |Department : NA |Email ID : dr.dileep.sharma@esic.gov.in\n|Organisation Name : Employees State Insurance Corporation (ESIC) (cid:93) |GSTIN : -\n(cid:72) (cid:73) (cid:61)|Office Zone: Esic Model Hospital, Sec-9a, Gurgaon sector-9a,\n|Address :\nGURGAON, HARYANA-122001, India",
          "",
          "",
          "",
          "",
          "",
          "",
          "",
          "",
          "",
          "",
          ""
        ],
        [
          "(cid:34)(cid:34) (cid:97)(cid:97) (cid:98)(cid:98) (cid:34)(cid:34) (cid:34)(cid:34) ||FFiinnaanncciiaall AApppprroovvaall DDeettaaiill (cid:52)(cid:52) (cid:34)(cid:34) (cid:34)(cid:34) ||PPaayyiinngg AAuutthhoorriittyy DDeettaaiillss\n(cid:34) |IFD Concurrence : No Role: PAO\nMEDICAL SUPERINTENDENT Offline\nDesignation of Administrative Approval: Payment Mode:\n(cid:34) (cid:97) | |Designation : Assistant Director\nAD(F)\nDesignation of Financial Approval : |Email ID : shanti.mehendran@esic.nic.in\nsector-9a,\n|Address:\nGURGAON, HARYANA-122001, India",
          "",
          "",
          "",
          "",
          "",
          "",
          "",
          "",
          "",
          "",
          ""
        ],
        [
          "(cid:34)(cid:34) (cid:16)(cid:16) (cid:34)(cid:34) ||SSeelllleerr DDeettaaiillss\n(cid:34) (cid:16) |GeM Seller ID : 5I7A200001827894\n|Company Name : GAJANAND SURGITECH\n(cid:72) |Contact No. : 09999310348\n|Email ID : gajanandsurgitech@gmail.com\nTHIRD FLOOR , R-136 AND R-136A R BLOCK,VANI VIHAR,NEAR VANI PUBLIC SCHOOL,UTTAM NAGAR,\n| Address :\nWest Delhi, DELHI-110059, -\n(cid:112) |MSME Registration number : UDYAM-DL-11-0033484\n(cid:93) |GSTIN: 07GGNPS8978C1ZH (R)",
          "",
          "",
          "",
          "",
          "",
          "",
          "",
          "",
          "",
          "",
          ""
        ],
        [
          "(cid:34) (cid:113) |MSE Social Category : General\n(cid:34) (cid:113) |MSE Gender : Female",
          "",
          "",
          "",
          "",
          "",
          "",
          "",
          "",
          "",
          "",
          ""
        ],
        [
          "*(cid:34) (cid:73) (cid:115) GST/TAX (cid:34) |GST / Tax invoice to be raised in the name of - Buyer",
          "",
          "",
          "",
          "",
          "",
          "",
          "",
          "",
          "",
          "",
          ""
        ],
        [
          "(cid:34) (cid:34) (cid:121) | Delivery Instructions : NA",
          "",
          "",
          "",
          "",
          "",
          "",
          "",
          "",
          "",
          "",
          ""
        ],
        [
          "(cid:123)(cid:123) (cid:34)(cid:34) ||PPrroodduucctt DDeettaaiillss",
          "",
          "",
          "",
          "",
          "",
          "",
          "",
          "",
          "",
          "",
          ""
        ],
        [
          "",
          "(cid:34)(cid:34) ||IItteemm DDeessccrriippttiioonn",
          "",
          "",
          "OOrrddeerreedd\nQQuuaannttiittyy",
          "",
          "",
          "((IINNRR))||\nUUnniitt PPrriiccee\n((IINNRR))",
          "",
          "TTaaxx BBiiffuurrccaattiioonn ((IINNRR))",
          "",
          "(cid:127) (cid:127)\n((IINNRR (cid:115) (cid:115)\nPPrriiccee\n((IInncclluussiivvee ooff\naallll DDuuttiieess aanndd\nTTaaxxeess iinn IINNRR))"
        ],
        [
          "1",
          "(cid:123)(cid:123) ||PPrroodduucctt NNaammee :: LOTUS Flat mesh Rectangular\n(cid:129)(cid:129) ||BBrraanndd :: LOTUS\n(cid:129)(cid:129) (cid:52)(cid:52) ||BBrraanndd TTyyppee :: Registered Brand\n(cid:131)(cid:131) (cid:34)(cid:34)(cid:132)(cid:132)(cid:34)(cid:34) ||CCaattaalloogguuee SSttaattuuss:: OEM verified catalogue\n| |SSeelllliinngg AAss :: OEM verified Reseller\n(cid:113)(cid:113) (cid:134) (cid:134) ||CCaatteeggoorryy NNaammee && QQuuaaddrraanntt :: Hernia Mesh (V2) (Q2)\n||MMooddeell:: Lotus LM150-1\n||HHSSNN CCooddee:: HSN not specified by seller",
          "",
          "",
          "30",
          "pieces",
          "",
          "1,648",
          "",
          "NA",
          "",
          "49,440"
        ],
        [
          "(cid:72) (cid:127) |Total Order Value (in INR)",
          "",
          "",
          "",
          "",
          "",
          "",
          "",
          "",
          "",
          "",
          "4499,,444400"
        ],
        [
          "(cid:34) (cid:34) (cid:34)(cid:34) ||CCoonnssiiggnneeee DDeettaaiill",
          "",
          "",
          "",
          "",
          "",
          "",
          "",
          "",
          "",
          "",
          ""
        ],
        [
          "(cid:16)(cid:16).. . .||SS..NNoo",
          "",
          "(cid:34) (cid:34) ||CCoonnssiiggnneeee",
          "(cid:98)(cid:98) | |IItteemm",
          "",
          "",
          "",
          "",
          "(cid:61)(cid:61) ||QQuuaannttiittyy",
          "",
          "DDeelliivveerryy SSttaarrtt\nAAfftteerr",
          "DDeelliivveerryy TToo\nBBee\nCCoommpplleetteedd\nBByy"
        ],
        [
          "1",
          "",
          "| Designation : Pharmacist\n|Email ID : babu.saini@esic.nic.in\n(cid:72)|Contact : -\n|Address : sector-9a,",
          "LOTUS Flat mesh\nRectangular",
          "",
          "",
          "",
          "",
          "30",
          "",
          "08-Jan-2026",
          "23-Jan-2026"
        ]
      ]
    },
    {
      "page": 2,
      "table_number": 1,
      "data": [
        [
          "GURGAON, HARYANA-122001, India",
          "",
          ""
        ],
        [
          "PPrroodduucctt SSppeecciiffiiccaattiioonn ffoorr LLOOTTUUSS FFllaatt mmeesshh RReeccttaanngguullaarr",
          "",
          ""
        ],
        [
          "(cid:34)(cid:34) (cid:34)(cid:34) (cid:121)(cid:121) ||SSppeecciifificcaattiioonn",
          "--(cid:34)(cid:34) (cid:34)(cid:34) (cid:121)(cid:121) ||SSuubb--SSppeecc",
          "(cid:127) (cid:127) ||VVaalluuee"
        ],
        [
          "GENERAL",
          "Product Description",
          "Hernia Mesh"
        ],
        [
          "",
          "Purpose",
          "Hernia mesh is used in hernia repair surgeries to provide\nadditional support and reduce the risk of hernia\nrecurrence"
        ],
        [
          "",
          "Sterility",
          "Sterile"
        ],
        [
          "PRODUCT\nINFORMATION",
          "Type of Mesh",
          "Flat mesh"
        ],
        [
          "",
          "Mesh Material",
          "Polypropylene"
        ],
        [
          "",
          "Composition of Layer",
          "NA"
        ],
        [
          "",
          "Construction Type",
          "Monofilament"
        ],
        [
          "",
          "Mesh Shape",
          "Rectangular"
        ],
        [
          "",
          "Mesh Size in cms ( 0.5 cm)",
          "10 cm x 15 cm"
        ],
        [
          "",
          "Availability of orientation mark to guide mesh position and fixation",
          "No"
        ],
        [
          "",
          "Burst strength in terms of abdominal pressure for health adults",
          "More than 1.5 Times"
        ],
        [
          "",
          "Type of positioning system for mesh",
          "NA if not provided"
        ],
        [
          "",
          "Introducer Tool for smooth insertion of Mesh",
          "Yes"
        ],
        [
          "",
          "Inflation assembly provided",
          "No"
        ],
        [
          "PACKING",
          "Type of Packing",
          "Sterile Packing"
        ],
        [
          "CERTIFICATIONS",
          "Compliance to Medical Device Rules (MDR) 2017 as amended till date",
          "Yes"
        ],
        [
          "",
          "Availability of valid medical device license for the product issued from the competent\nauthority defined under Drugs and Cosmetic Act 1940 and Rules made there under as\namended till date",
          "Yes"
        ],
        [
          "",
          "Valid Medical Device License Number",
          "MFG/MD/2024/000202"
        ],
        [
          "",
          "Manufacturer Facility Certification",
          "ISO:13485 (Latest)"
        ],
        [
          "",
          "Availability of Test Report for each supplied batch/product as per Medical Device Rules (MDR)\n2017 as amended till date",
          "Yes"
        ],
        [
          "",
          "Submission of all necessary certifications, licenses and test reports to the buyer at the time\nof bid submission and/or along with supplies as per buyer requirement",
          "Yes"
        ],
        [
          "SHELF LIFE",
          "Shelf life in months from the date of manufacture",
          "60 month"
        ],
        [
          "",
          "Minimum shelf life of the product at the time of delivery to the consignee",
          "3/4 th of Total Shelf Life"
        ],
        [
          "ADVANCE SAMPLE",
          "Agree to provide advance sample of the product for buyer's approval after award of contract\nand before commencement of supply in case of bidding only",
          "Yes"
        ],
        [
          "ADDITIONAL\nREQUIREMENTS",
          "Additional Requirement",
          "NA"
        ],
        [
          "NNAA",
          "",
          ""
        ],
        [
          "(cid:34)(cid:34) (cid:145)|(cid:145)|TTeerrmmss aanndd CCoonnddiittiioonnss\n11.. SSppeecciiaall tteerrmmss aanndd ccoonnddiittiioonnss-- VVeerrssiioonn::11 eeffffeeccttiivvee ffrroomm 1166--0077--22002244\n11..11 11.. AAllll PPrroovviissiioonnss ooff DDrruuggss aanndd CCoossmmeettiiccss AAcctt,, 11994400 aanndd RRuulleess ((iinncclluuddiinngg MMeeddiiccaall DDeevviiccee RRuullee 22001177)) mmaaddee tthheerree uunnddeerr aass aammeennddeedd ttiillll ddaattee wwiillll aallwwaayyss bbee aapppplliiccaabbllee.. TThhiiss\nwwiillll iinncclluuddee aallll nnoottiiffiiccaattiioonnss iissssuueedd bbyy CCeennttrraall DDrruuggss SSttaannddaarrdd CCoonnttrrooll OOrrggaanniizzaattiioonn ((CCDDSSCCOO)),, MMiinniissttrryy ooff HHeeaalltthh && FFaammiillyy WWeellffaarree ((MMooHHFFWW)) aanndd DDeeppaarrttmmeenntt ooff\nPPhhaarrmmaacceeuuttiiccaallss ((DDOOPP)),, MMiinniissttrryy ooff CChheemmiiccaallss && FFeerrttiilliizzeerrss ttiimmee ttoo ttiimmee iinn tthhiiss rreeggaarrdd..\n22.. TThhee sseelllleerrss aarree rreeggiisstteerreedd oonn GGeeMM bbaasseedd oonn sseellff--ddeeccllaarraattiioonn ooff vvaalliidd MMeeddiiccaall DDeevviiccee LLiicceennssee,, pprroodduucctt cceerrttiiffiiccaattiioonn,, tteesstt rreeppoorrttss eettcc.. HHoowweevveerr,, bbuuyyeerrss mmuusstt cchheecckk aanndd\nvvaalliiddaattee tthhee ddeettaaiillss aatt tthheeiirr eenndd ffoorr aallll aapppplliiccaabbllee lliicceennsseess aanndd cceerrttiiffiiccaattiioonnss ee..gg..,, vvaalliiddiittyy aanndd aauutthheennttiicciittyy//ggeennuuiinneenneessss ooff lliicceennssee,, pprroodduucctt cceerrttiiffiiccaattiioonn,, mmaannuuffaaccttuurreerr\ncceerrttiiffiiccaattiioonn//lliicceennsseess,, tteesstt rreeppoorrttss eettcc..\n33.. IInn ccaassee ooff aauutthhoorriizzeedd rreesseelllleerrss//ddiissttrriibbuuttoorrss,, iitt wwiillll bbee tthhee lleeggaall && rreegguullaattoorryy lliiaabbiilliittyy ooff tthhee mmaannuuffaaccttuurreerr ttoo eennssuurree tthhaatt tthheeiirr rreesseelllleerrss//ddiissttrriibbuuttoorrss aarree ooppeerraattiinngg iinn\nccoommpplliiaannccee wwiitthh aallll rreelleevvaanntt llaawwss aanndd rreegguullaattiioonnss aanndd aarree pprrooppeerrllyy lliicceennsseedd ttoo sseellll tthhee mmaannuuffaaccttuurreerr''ss pprroodduuccttss,, iinncclluuddiinngg vveerriiffyyiinngg tthhee vvaalliiddiittyy aanndd aauutthheennttiicciittyy ooff\nMMeeddiiccaall DDeevviiccee LLiicceennssee lliicceennssee hheelldd bbyy tthheemm..\n44.. TThhee pprriiccee ooffffeerreedd bbyy tthhee sseelllleerr//bbiiddddeerr sshhaallll nnoott,, iinn aannyy ccaassee eexxcceeeedd tthhee DDPPCCOO//NNPPPPAA ccoonnttrroolllleedd pprriiccee oorr pprriiccee ffiixxeedd bbyy SSttaattee GGoovveerrnnmmeenntt,, iiff aannyy.. TThhee sseelllleerr mmuusstt rreedduuccee\ntthhee pprriicceess iiff tthheerree iiss aannyy rreedduuccttiioonn iinn DDPPCCOO//NNPPPPAA cceeiilliinngg pprriiccee oorr pprriiccee ffiixxeedd bbyy SSttaattee GGoovveerrnnmmeenntt,, iiff aannyy..\n55.. AAnnyy ootthheerr TTeerrmmss aanndd CCoonnddiittiioonnss wwhhiicchh iiss nnoott iinncclluuddeedd oorr aatt vvaarriiaannccee wwiitthh tthhee ccoonnddiittiioonnss ssppeecciiffiieedd iinn SSTTCC//GGTTCC,, mmaayy bbee aaddddeedd bbyy tthhee bbuuyyeerr tthhrroouugghh AAddddiittiioonnaall TTeerrmmss\naanndd CCoonnddiittiioonnss ((AATTCC)) iinn tthhee bbiidd ttoo eennssuurree iitteemmss aarree pprrooccuurreedd ffrroomm aauutthheennttiicc//vvaalliiddaatteedd ssoouurrccee wwiitthh aapppprroopprriiaattee aanndd aapppplliiccaabbllee qquuaalliittyy.. TThhee aabboovvee tteerrmmss aanndd",
          "",
          ""
        ]
      ]
    },
    {
      "page": 3,
      "table_number": 1,
      "data": [
        [
          "ccoonnddiittiioonnss aarree iinn rreevveerrssee oorrddeerr ooff pprreecceeddeennccee ii..ee.. AATTCC sshhaallll ssuuppeerrsseeddee ssppeecciiffiicc SSTTCC wwhhiicchh sshhaallll ssuuppeerrsseeddee GGeenneerraall TTeerrmmss aanndd CCoonnddiittiioonnss ((GGTTCC)),, wwhheenneevveerr tthheerree aarree\naannyy ccoonnfflliiccttiinngg pprroovviissiioonnss..\n22.. GGeenneerraall TTeerrmmss aanndd CCoonnddiittiioonnss--\n22..11TThhiiss ccoonnttrraacctt iiss ggoovveerrnneedd bbyy tthhee GGeenneerraall TTeerrmmss aanndd CCoonnddiittiioonnss,, ccoonnddiittiioonnss ssttiippuullaatteedd ttoo tthhiiss PPrroodduucctt//SSeerrvviiccee aass pprroovviiddeedd iinn tthhee MMaarrkkeettppllaaccee..\n22..22TThhiiss CCoonnttrraacctt bbeettwweeeenn tthhee SSeelllleerr aanndd tthhee BBuuyyeerr,, iiss ffoorr tthhee ssuuppppllyy ooff tthhee GGooooddss aanndd// oorr SSeerrvviicceess,, ddeettaaiilleedd iinn tthhee sscchheedduullee aabboovvee,, iinn aaccccoorrddaannccee wwiitthh tthhee GGeenneerraall TTeerrmmss aanndd\nCCoonnddiittiioonnss ((GGTTCC)) uunnlleessss ootthheerrwwiissee ssuuppeerrsseeddeedd bbyy GGooooddss // SSeerrvviicceess ssppeecciiffiicc SSppeecciiaall TTeerrmmss aanndd CCoonnddiittiioonnss ((SSTTCC)) aanndd// oorr BBIIDD//RReevveerrssee AAuuccttiioonn AAddddiittiioonnaall TTeerrmmss aanndd CCoonnddiittiioonnss\n((AATTCC)),, aass aapppplliiccaabbllee\n22..33AAllll GGeeMM SSeelllleerrss // SSeerrvviiccee PPrroovviiddeerrss aarree mmaannddaatteedd ttoo eennssuurree ccoommpplliiaannccee wwiitthh aallll tthhee aapppplliiccaabbllee llaawwss // aaccttss // rruulleess iinncclluuddiinngg bbuutt nnoott lliimmiitteedd ttoo aallll LLaabboouurr LLaawwss ssuucchh aass TThhee\nMMiinniimmuumm WWaaggeess AAcctt,, 11994488,, TThhee PPaayymmeenntt ooff WWaaggeess AAcctt,, 11993366,, TThhee PPaayymmeenntt ooff BBoonnuuss AAcctt,, 11996655,, TThhee EEqquuaall RReemmuunneerraattiioonn AAcctt,, 11997766,, TThhee PPaayymmeenntt ooff GGrraattuuiittyy AAcctt,, 11997722 eettcc.. AAnnyy\nnnoonn--ccoommpplliiaannccee wwiillll bbee ttrreeaatteedd aass bbrreeaacchh ooff ccoonnttrraacctt aanndd BBuuyyeerr mmaayy ttaakkee ssuuiittaabbllee aaccttiioonnss aass ppeerr GGeeMM CCoonnttrraacctt.."
        ],
        [
          "NNoottee:: Sellers are required to raise invoices online as per the contract terms on GeM portal. Timely invoice submission is mandatory for compliances, smooth payment processing,\nand will also contribute to improving their ratings."
        ],
        [
          "Note: This is system generated file. No signature is required. Print out of this document is not valid for payment/ transaction purpose."
        ]
      ]
    }
  ],
  "table_count": 3,
  "total_pages": 3
}