{
  "source_file": "GEMC-511687716416257.pdf",
  "extraction_date": "2026-01-15T00:35:02.527588",
  "extraction_method": "pdfplumber",
  "metadata": {
    "Title": "Contract",
    "Creator": "wkhtmltopdf 0.12.4",
    "Producer": "Qt 4.8.7",
    "CreationDate": "D:20260108114746+05'30'"
  },
  "text_content": "(cid:16)(cid:16) ||CCoonnttrraacctt NNoo:: GEMC-511687716416257\n(cid:33)(cid:33) (cid:33)(cid:33) ||GGeenneerraatteedd DDaattee :: 08-Jan-2026\n(cid:33)(cid:33) ||OOrrggaanniissaattiioonn DDeettaaiillss (cid:33)(cid:33) ||BBuuyyeerr DDeettaaiillss\n(cid:52)(cid:53) |Type : Union Territories |Designation : Assistant Accounts Officer\n(cid:59) |Ministry : Ministry of Health and Family Welfare (cid:71) |Contact No. : 01922-234323-\n(cid:33) |Department : Department of Health and Family Welfare |Email ID : tejinder20675@jk.gov.in\n|Organisation NameCentral Health Service Ministry of Health and Family (cid:98) |GSTIN : -\n: Welfare Government Medical College Kathua,\n|Address :\n(cid:71) (cid:72) (cid:59)|Office Zone: GOVT MEDICAL COLLEGE KATHUA Kathua, JAMMU & KASHMIR-184101, India\n(cid:33)(cid:33) (cid:102)(cid:102) (cid:103)(cid:103) (cid:33)(cid:33) (cid:33)(cid:33) ||FFiinnaanncciiaall AApppprroovvaall DDeettaaiill (cid:52)(cid:52) (cid:33)(cid:33) (cid:33)(cid:33) ||PPaayyiinngg AAuutthhoorriittyy DDeettaaiillss\n(cid:33) |IFD Concurrence : No Role: PAO\nPrincipal Offline\nDesignation of Administrative Approval: Payment Mode:\n(cid:33) (cid:102) | |Designation : CHIEF ACCOUNTS OFFICER\nPrincipal\nDesignation of Financial Approval : |Email ID : caodfokathua@jk.gov.in\nGovernment Medical College Kathua,\n|Address:\nKathua, JAMMU & KASHMIR-184101, India\n(cid:33)(cid:33) (cid:16)(cid:16) (cid:33)(cid:33) ||SSeelllleerr DDeettaaiillss\n(cid:33) (cid:16) |GeM Seller ID : UA9O220006437660\n|Company Name : I A PHARMA AND SURGICALS\n(cid:71) |Contact No. : 09797696969\n|Email ID : i.a.pharma2022@gmail.com\nWARD NO 51 MOHALLA BHAGATPURA NEAR CHANNI HIMMAT,CHANNI HIMMAT,CHANNI HIMMAT,JAMMU,\n| Address :\nJammu, JAMMU & KASHMIR-180015, -\n(cid:110) |MSME Registration number : UDYAM-JK-07-0021965\n(cid:98) |GSTIN: 01ARRPC9124H1ZY (R)\n(cid:33) (cid:115) |MSE Social Category : General\n(cid:33) (cid:115) |MSE Gender : Male\n*(cid:33) (cid:72) (cid:117) GST/TAX (cid:33) |GST / Tax invoice to be raised in the name of - Buyer\n(cid:33) (cid:33) (cid:123) | Delivery Instructions : NA\n(cid:125)(cid:125) (cid:33)(cid:33) ||PPrroodduucctt DDeettaaiillss\n(cid:129) (cid:129)\n((IINNRR (cid:117) (cid:117)\n## (cid:33)(cid:33) ||IItteemm DDeessccrriippttiioonn TTaaxx BBiiffuurrccaattiioonn\nOOrrddeerreedd UUnniitt UUnniitt PPrriiccee PPrriiccee\n((IINNRR))\nQQuuaannttiittyy ((IINNRR)) ((IInncclluussiivvee ooff\naallll DDuuttiieess aanndd\nTTaaxxeess iinn IINNRR))\n(cid:125)(cid:125) ||PPrroodduucctt NNaammee :: ADVASYL Sterile Surgical Sutures , Black Braided Silk , Pack of\n12\n(cid:131)(cid:131) ||BBrraanndd :: ADVASYL\n(cid:131)(cid:131) (cid:52)(cid:52) ||BBrraanndd TTyyppee :: Registered Brand\n1 (cid:133)(cid:133) (cid:33)(cid:33)(cid:134)(cid:134)(cid:33)(cid:33) ||CCaattaalloogguuee SSttaattuuss:: OEM verified catalogue 3,600 packet 190 NA 684,000\n| |SSeelllliinngg AAss :: OEM verified Reseller\n(cid:115)(cid:115) (cid:136) (cid:136) ||CCaatteeggoorryy NNaammee && QQuuaaddrraanntt :: Surgical Sutures (Q2)\n||MMooddeell:: ADVA5028\n||HHSSNN CCooddee:: HSN not specified by seller\n(cid:71) (cid:129) |Total Order Value (in INR) 668844,,000000\n(cid:33) (cid:33) (cid:33)(cid:33) ||CCoonnssiiggnneeee DDeettaaiill\n(cid:16)(cid:16).. . .||SS..NNoo (cid:33) (cid:33) ||CCoonnssiiggnneeee (cid:103)(cid:103) | |IItteemm (cid:59)(cid:59) ||QQuuaannttiittyy | |\nLLoott NNoo.. BBee\nDDeelliivveerryy SSttaarrtt\nCCoommpplleetteedd\nAAfftteerr\nBByy\n| Designation : Assistant Accounts Officer\n|Email ID : tejinder20675@jk.gov.in\nADVASYL Sterile Surgical\n(cid:71)|Contact : 01922-234323-\n1 Sutures , Black Braided - 3,600 08-Jan-2026 23-Jan-2026\n|Address : Government Medical College Kathua, Silk , Pack of 12\nKathua, JAMMU & KASHMIR-184101, India\nPPrroodduucctt SSppeecciiffiiccaattiioonn ffoorr AADDVVAASSYYLL SStteerriillee SSuurrggiiccaall SSuuttuurreess ,, BBllaacckk BBrraaiiddeedd SSiillkk ,, PPaacckk ooff 1122\n(cid:33)(cid:33) (cid:33)(cid:33) (cid:123)(cid:123) ||SSppeecciifificcaattiioonn --(cid:33)(cid:33) (cid:33)(cid:33) (cid:123)(cid:123) ||SSuubb--SSppeecc (cid:129) (cid:129) ||VVaalluuee\nSterility Sterile\nType of Suture Non Absorbable\nSuture Material (Medical Grade) Black Braided Silk\nSuture Construction Multi-filament\nSuture Size 3-0\nPRODUCT\nINFORMATION\nSuture Length ( 2cm) 75 cm\nNeedle included Single Arm Needle\nType of Needle Reverse Cutting\nNeedle Length of each arm ( 0.5mm) 26 mm\nNeedle Shape (Curvature) 3/8 circle\nPACKING Number of Strands per Pack 12\nShelf life from the date of manufacture (in months) 24\nSHELF LIFE\nAgree to provide residual shelf life of atleast 75% of total shelf life at the time\nResidual shelf life of the product\nof delivery to the consignee\nCompliance to Drugs and Cosmetic Act 1940 and Medical Device Rules\nYes\n(MDR) 2017 as amended till date\nAvailability of valid Medical Device license for the product issued from the\nYes\nCERTIFICATIONS competent authority\nValid CDSCO Medical Device License Number MFG/MD/2019/000174\nLicence issuing authority as per MDR Central Licencing Authority\nNNAA\n(cid:33)(cid:33) (cid:143)|(cid:143)|TTeerrmmss aanndd CCoonnddiittiioonnss\n11.. SSppeecciiaall tteerrmmss aanndd ccoonnddiittiioonnss-- VVeerrssiioonn::11 eeffffeeccttiivvee ffrroomm 1144--1111--22002255\n11..11 11.. AAllll PPrroovviissiioonnss ooff DDrruuggss aanndd CCoossmmeettiiccss AAcctt,, 11994400 aanndd RRuulleess ((iinncclluuddiinngg MMeeddiiccaall DDeevviiccee RRuullee 22001177)) mmaaddee tthheerree uunnddeerr aanndd aallll ssuubbsseeqquueenntt aammeennddmmeennttss ttiillll ddaattee wwiillll\naallwwaayyss bbee aapppplliiccaabbllee.. TThhiiss wwiillll iinncclluuddee aallll nnoottiiffiiccaattiioonnss iissssuueedd bbyy CCeennttrraall DDrruuggss SSttaannddaarrdd CCoonnttrrooll OOrrggaanniizzaattiioonn ((CCDDSSCCOO)),, MMiinniissttrryy ooff HHeeaalltthh && FFaammiillyy WWeellffaarree ((MMooHHFFWW))\naanndd DDeeppaarrttmmeenntt ooff PPhhaarrmmaacceeuuttiiccaallss ((DDOOPP)),, MMiinniissttrryy ooff CChheemmiiccaallss && FFeerrttiilliizzeerrss iinn tthhiiss rreeggaarrdd..\n22.. TThhee sseelllleerr ss rreeggiissttrraattiioonn aanndd pprroodduucctt uuppllooaadd oonn GGeeMM iiss bbaasseedd oonn tthheeiirr ddeeccllaarraattiioonn ooff ppoosssseessssiinngg aa vvaalliidd MMeeddiiccaall DDeevviiccee LLiicceennssee ffoorr tthhee pprroodduucctt,, cceerrttiiffiiccaattiioonnss,, tteesstt\nrreeppoorrttss aass ppeerr MMDDRR ((22001177)),, llaatteesstt aammeennddeedd.. HHoowweevveerr,, bbuuyyeerrss mmuusstt cchheecckk,, vvaalliiddaattee aanndd vveerriiffyy tthhee ddeettaaiillss aatt tthheeiirr eenndd ffoorr aallll aapppplliiccaabbllee lliicceennsseess aanndd cceerrttiiffiiccaattiioonnss ee..gg..,,\nvvaalliiddiittyy aanndd aauutthheennttiicciittyy//ggeennuuiinneenneessss ooff mmeeddiiccaall ddeevviiccee lliicceennssee ((oorr rreeggiissttrraattiioonn)),, pprroodduucctt cceerrttiiffiiccaattiioonnss,, mmaannuuffaaccttuurreerr ss cceerrttiiffiiccaattiioonnss// lliicceennsseess,, tteesstt rreeppoorrttss aatt tthhee ttiimmee\nooff ssuuppppllyy..\n33.. IInn ccaassee ooff aauutthhoorriizzeedd rreesseelllleerrss//ddiissttrriibbuuttoorrss,, iitt wwiillll bbee tthhee lleeggaall aanndd rreegguullaattoorryy lliiaabbiilliittyy ooff tthhee mmaannuuffaaccttuurreerr ttoo eennssuurree tthhaatt tthheeiirr rreesseelllleerrss//ddiissttrriibbuuttoorrss aarree ooppeerraattiinngg iinn\nccoommpplliiaannccee wwiitthh aallll rreelleevvaanntt llaawwss aanndd rreegguullaattiioonnss,, aanndd aarree lliicceennsseedd ttoo sseellll tthhee mmaannuuffaaccttuurreerr''ss pprroodduuccttss,, iinncclluuddiinngg vveerriiffyyiinngg tthhee vvaalliiddiittyy aanndd aauutthheennttiicciittyy ooff lliicceennssee hheelldd\nbbyy tthheemm..\n44.. AAnnyy ootthheerr TTeerrmmss aanndd CCoonnddiittiioonnss wwhhiicchh iiss nnoott iinncclluuddeedd oorr aatt vvaarriiaannccee wwiitthh tthhee ccoonnddiittiioonnss ssppeecciiffiieedd iinn SSTTCC//GGTTCC,, mmaayy bbee aaddddeedd bbyy tthhee bbuuyyeerr tthhrroouugghh AAddddiittiioonnaall TTeerrmmss\naanndd CCoonnddiittiioonnss ((AATTCC)) iinn tthhee bbiidd ttoo eennssuurree iitteemmss aarree pprrooccuurreedd ffrroomm aauutthheennttiicc//vvaalliiddaatteedd ssoouurrccee wwiitthh aapppprroopprriiaattee aanndd aapppplliiccaabbllee qquuaalliittyy.. TThhee aabboovvee tteerrmmss aanndd\nccoonnddiittiioonnss aarree iinn rreevveerrssee oorrddeerr ooff pprreecceeddeennccee ii..ee.. BBIIDD AATTCC sshhaallll ssuuppeerrsseeddee ssppeecciiffiicc SSTTCC wwhhiicchh sshhaallll ssuuppeerrsseeddee GGeenneerraall TTeerrmmss aanndd CCoonnddiittiioonnss ((GGTTCC)),, wwhheenneevveerr tthheerree\naarree aannyy ccoonnfflliiccttiinngg pprroovviissiioonnss..\n55.. PPaacckkiinngg aanndd MMaarrkkiinngg:: SShhoouulldd bbee aass ppeerr MMDDRR..\n22.. GGeenneerraall TTeerrmmss aanndd CCoonnddiittiioonnss--\n22..11TThhiiss ccoonnttrraacctt iiss ggoovveerrnneedd bbyy tthhee GGeenneerraall TTeerrmmss aanndd CCoonnddiittiioonnss,, ccoonnddiittiioonnss ssttiippuullaatteedd ttoo tthhiiss PPrroodduucctt//SSeerrvviiccee aass pprroovviiddeedd iinn tthhee MMaarrkkeettppllaaccee..\n22..22TThhiiss CCoonnttrraacctt bbeettwweeeenn tthhee SSeelllleerr aanndd tthhee BBuuyyeerr,, iiss ffoorr tthhee ssuuppppllyy ooff tthhee GGooooddss aanndd// oorr SSeerrvviicceess,, ddeettaaiilleedd iinn tthhee sscchheedduullee aabboovvee,, iinn aaccccoorrddaannccee wwiitthh tthhee GGeenneerraall TTeerrmmss aanndd\nCCoonnddiittiioonnss ((GGTTCC)) uunnlleessss ootthheerrwwiissee ssuuppeerrsseeddeedd bbyy GGooooddss // SSeerrvviicceess ssppeecciiffiicc SSppeecciiaall TTeerrmmss aanndd CCoonnddiittiioonnss ((SSTTCC)) aanndd// oorr BBIIDD//RReevveerrssee AAuuccttiioonn AAddddiittiioonnaall TTeerrmmss aanndd CCoonnddiittiioonnss\n((AATTCC)),, aass aapppplliiccaabbllee\n22..33AAllll GGeeMM SSeelllleerrss // SSeerrvviiccee PPrroovviiddeerrss aarree mmaannddaatteedd ttoo eennssuurree ccoommpplliiaannccee wwiitthh aallll tthhee aapppplliiccaabbllee llaawwss // aaccttss // rruulleess iinncclluuddiinngg bbuutt nnoott lliimmiitteedd ttoo aallll LLaabboouurr LLaawwss ssuucchh aass TThhee\nMMiinniimmuumm WWaaggeess AAcctt,, 11994488,, TThhee PPaayymmeenntt ooff WWaaggeess AAcctt,, 11993366,, TThhee PPaayymmeenntt ooff BBoonnuuss AAcctt,, 11996655,, TThhee EEqquuaall RReemmuunneerraattiioonn AAcctt,, 11997766,, TThhee PPaayymmeenntt ooff GGrraattuuiittyy AAcctt,, 11997722 eettcc.. AAnnyy\nnnoonn--ccoommpplliiaannccee wwiillll bbee ttrreeaatteedd aass bbrreeaacchh ooff ccoonnttrraacctt aanndd BBuuyyeerr mmaayy ttaakkee ssuuiittaabbllee aaccttiioonnss aass ppeerr GGeeMM CCoonnttrraacctt..\nNNoottee:: Sellers are required to raise invoices online as per the contract terms on GeM portal. Timely invoice submission is mandatory for compliances, smooth payment processing,\nand will also contribute to improving their ratings.\nNote: This is system generated file. No signature is required. Print out of this document is not valid for payment/ transaction purpose.",
  "tables": [
    {
      "page": 1,
      "table_number": 1,
      "data": [
        [
          "(cid:33)(cid:33) ||OOrrggaanniissaattiioonn DDeettaaiillss\n(cid:52)(cid:53) |Type : Union Territories\n(cid:59) |Ministry : Ministry of Health and Family Welfare\n(cid:33) |Department : Department of Health and Family Welfare\n|Organisation NameCentral Health Service Ministry of Health and Family\n: Welfare\n(cid:71) (cid:72) (cid:59)|Office Zone: GOVT MEDICAL COLLEGE KATHUA",
          "",
          "",
          "",
          "|Designation : Assistant Accounts Officer\n(cid:71) |Contact No. : 01922-234323-\n|Email ID : tejinder20675@jk.gov.in\nGovernment Medical College Kathua,\n|Address :\nKathua, JAMMU & KASHMIR-184101, India",
          "",
          "",
          "",
          "",
          "",
          "",
          "",
          ""
        ],
        [
          "(cid:33)(cid:33) (cid:102)(cid:102) (cid:103)(cid:103) (cid:33)(cid:33) (cid:33)(cid:33) ||FFiinnaanncciiaall AApppprroovvaall DDeettaaiill (cid:52)(cid:52) (cid:33)(cid:33) (cid:33)(cid:33) ||PPaayyiinngg AAuutthhoorriittyy DDeettaaiillss\n(cid:33) |IFD Concurrence : No Role: PAO\nPrincipal Offline\nDesignation of Administrative Approval: Payment Mode:\n(cid:33) (cid:102) | |Designation : CHIEF ACCOUNTS OFFICER\nPrincipal\nDesignation of Financial Approval : |Email ID : caodfokathua@jk.gov.in\nGovernment Medical College Kathua,\n|Address:\nKathua, JAMMU & KASHMIR-184101, India",
          "",
          "",
          "",
          "",
          "",
          "",
          "",
          "",
          "",
          "",
          "",
          ""
        ],
        [
          "(cid:33)(cid:33) (cid:16)(cid:16) (cid:33)(cid:33) ||SSeelllleerr DDeettaaiillss\n(cid:33) (cid:16) |GeM Seller ID : UA9O220006437660\n|Company Name : I A PHARMA AND SURGICALS\n(cid:71) |Contact No. : 09797696969\n|Email ID : i.a.pharma2022@gmail.com\nWARD NO 51 MOHALLA BHAGATPURA NEAR CHANNI HIMMAT,CHANNI HIMMAT,CHANNI HIMMAT,JAMMU,\n| Address :\nJammu, JAMMU & KASHMIR-180015, -\n(cid:110) |MSME Registration number : UDYAM-JK-07-0021965\n(cid:98) |GSTIN: 01ARRPC9124H1ZY (R)",
          "",
          "",
          "",
          "",
          "",
          "",
          "",
          "",
          "",
          "",
          "",
          ""
        ],
        [
          "(cid:33) (cid:115) |MSE Social Category : General\n(cid:33) (cid:115) |MSE Gender : Male",
          "",
          "",
          "",
          "",
          "",
          "",
          "",
          "",
          "",
          "",
          "",
          ""
        ],
        [
          "*(cid:33) (cid:72) (cid:117) GST/TAX (cid:33) |GST / Tax invoice to be raised in the name of - Buyer",
          "",
          "",
          "",
          "",
          "",
          "",
          "",
          "",
          "",
          "",
          "",
          ""
        ],
        [
          "(cid:33) (cid:33) (cid:123) | Delivery Instructions : NA",
          "",
          "",
          "",
          "",
          "",
          "",
          "",
          "",
          "",
          "",
          "",
          ""
        ],
        [
          "(cid:125)(cid:125) (cid:33)(cid:33) ||PPrroodduucctt DDeettaaiillss",
          "",
          "",
          "",
          "",
          "",
          "",
          "",
          "",
          "",
          "",
          "",
          ""
        ],
        [
          "",
          "(cid:33)(cid:33) ||IItteemm DDeessccrriippttiioonn",
          "",
          "",
          "",
          "OOrrddeerreedd\nQQuuaannttiittyy",
          "",
          "",
          "((IINNRR))||\nUUnniitt PPrriiccee\n((IINNRR))",
          "",
          "TTaaxx BBiiffuurrccaattiioonn\n((IINNRR))",
          "",
          "(cid:129) (cid:129)\n((IINNRR (cid:117) (cid:117)\nPPrriiccee\n((IInncclluussiivvee ooff\naallll DDuuttiieess aanndd\nTTaaxxeess iinn IINNRR))"
        ],
        [
          "1",
          "(cid:125)(cid:125) ||PPrroodduucctt NNaammee :: ADVASYL Sterile Surgical Sutures , Black Braided Silk , Pack of\n12\n(cid:131)(cid:131) ||BBrraanndd :: ADVASYL\n(cid:131)(cid:131) (cid:52)(cid:52) ||BBrraanndd TTyyppee :: Registered Brand\n(cid:133)(cid:133) (cid:33)(cid:33)(cid:134)(cid:134)(cid:33)(cid:33) ||CCaattaalloogguuee SSttaattuuss:: OEM verified catalogue\n| |SSeelllliinngg AAss :: OEM verified Reseller\n(cid:115)(cid:115) (cid:136) (cid:136) ||CCaatteeggoorryy NNaammee && QQuuaaddrraanntt :: Surgical Sutures (Q2)\n||MMooddeell:: ADVA5028\n||HHSSNN CCooddee:: HSN not specified by seller",
          "",
          "",
          "",
          "3,600",
          "",
          "packet",
          "190",
          "",
          "NA",
          "",
          "684,000"
        ],
        [
          "(cid:71) (cid:129) |Total Order Value (in INR)",
          "",
          "",
          "",
          "",
          "",
          "",
          "",
          "",
          "",
          "",
          "",
          "668844,,000000"
        ],
        [
          "(cid:33) (cid:33) (cid:33)(cid:33) ||CCoonnssiiggnneeee DDeettaaiill",
          "",
          "",
          "",
          "",
          "",
          "",
          "",
          "",
          "",
          "",
          "",
          ""
        ],
        [
          "(cid:16)(cid:16).. . .||SS..NNoo",
          "",
          "(cid:33) (cid:33) ||CCoonnssiiggnneeee",
          "(cid:103)(cid:103) | |IItteemm",
          "",
          "",
          "",
          "",
          "",
          "(cid:59)(cid:59) ||QQuuaannttiittyy",
          "",
          "DDeelliivveerryy SSttaarrtt\nAAfftteerr",
          "DDeelliivveerryy TToo\nBBee\nCCoommpplleetteedd\nBByy"
        ],
        [
          "1",
          "",
          "| Designation : Assistant Accounts Officer\n|Email ID : tejinder20675@jk.gov.in\n(cid:71)|Contact : 01922-234323-",
          "ADVASYL Sterile Surgical\nSutures , Black Braided",
          "",
          "",
          "",
          "",
          "",
          "3,600",
          "",
          "08-Jan-2026",
          "23-Jan-2026"
        ]
      ]
    },
    {
      "page": 2,
      "table_number": 1,
      "data": [
        [
          "|Address : Government Medical College Kathua, Silk , Pack of 12\nKathua, JAMMU & KASHMIR-184101, India",
          "",
          ""
        ],
        [
          "PPrroodduucctt SSppeecciiffiiccaattiioonn ffoorr AADDVVAASSYYLL SStteerriillee SSuurrggiiccaall SSuuttuurreess ,, BBllaacckk BBrraaiiddeedd SSiillkk ,, PPaacckk ooff 1122",
          "",
          ""
        ],
        [
          "(cid:33)(cid:33) (cid:33)(cid:33) (cid:123)(cid:123) ||SSppeecciifificcaattiioonn",
          "--(cid:33)(cid:33) (cid:33)(cid:33) (cid:123)(cid:123) ||SSuubb--SSppeecc",
          "(cid:129) (cid:129) ||VVaalluuee"
        ],
        [
          "PRODUCT\nINFORMATION",
          "Sterility",
          "Sterile"
        ],
        [
          "",
          "Type of Suture",
          "Non Absorbable"
        ],
        [
          "",
          "Suture Material (Medical Grade)",
          "Black Braided Silk"
        ],
        [
          "",
          "Suture Construction",
          "Multi-filament"
        ],
        [
          "",
          "Suture Size",
          "3-0"
        ],
        [
          "",
          "Suture Length ( 2cm)",
          "75 cm"
        ],
        [
          "",
          "Needle included",
          "Single Arm Needle"
        ],
        [
          "",
          "Type of Needle",
          "Reverse Cutting"
        ],
        [
          "",
          "Needle Length of each arm ( 0.5mm)",
          "26 mm"
        ],
        [
          "",
          "Needle Shape (Curvature)",
          "3/8 circle"
        ],
        [
          "PACKING",
          "Number of Strands per Pack",
          "12"
        ],
        [
          "SHELF LIFE",
          "Shelf life from the date of manufacture (in months)",
          "24"
        ],
        [
          "",
          "Residual shelf life of the product",
          "Agree to provide residual shelf life of atleast 75% of total shelf life at the time\nof delivery to the consignee"
        ],
        [
          "CERTIFICATIONS",
          "Compliance to Drugs and Cosmetic Act 1940 and Medical Device Rules\n(MDR) 2017 as amended till date",
          "Yes"
        ],
        [
          "",
          "Availability of valid Medical Device license for the product issued from the\ncompetent authority",
          "Yes"
        ],
        [
          "",
          "Valid CDSCO Medical Device License Number",
          "MFG/MD/2019/000174"
        ],
        [
          "",
          "Licence issuing authority as per MDR",
          "Central Licencing Authority"
        ],
        [
          "NNAA",
          "",
          ""
        ],
        [
          "(cid:33)(cid:33) (cid:143)|(cid:143)|TTeerrmmss aanndd CCoonnddiittiioonnss\n11.. SSppeecciiaall tteerrmmss aanndd ccoonnddiittiioonnss-- VVeerrssiioonn::11 eeffffeeccttiivvee ffrroomm 1144--1111--22002255\n11..11 11.. AAllll PPrroovviissiioonnss ooff DDrruuggss aanndd CCoossmmeettiiccss AAcctt,, 11994400 aanndd RRuulleess ((iinncclluuddiinngg MMeeddiiccaall DDeevviiccee RRuullee 22001177)) mmaaddee tthheerree uunnddeerr aanndd aallll ssuubbsseeqquueenntt aammeennddmmeennttss ttiillll ddaattee wwiillll\naallwwaayyss bbee aapppplliiccaabbllee.. TThhiiss wwiillll iinncclluuddee aallll nnoottiiffiiccaattiioonnss iissssuueedd bbyy CCeennttrraall DDrruuggss SSttaannddaarrdd CCoonnttrrooll OOrrggaanniizzaattiioonn ((CCDDSSCCOO)),, MMiinniissttrryy ooff HHeeaalltthh && FFaammiillyy WWeellffaarree ((MMooHHFFWW))\naanndd DDeeppaarrttmmeenntt ooff PPhhaarrmmaacceeuuttiiccaallss ((DDOOPP)),, MMiinniissttrryy ooff CChheemmiiccaallss && FFeerrttiilliizzeerrss iinn tthhiiss rreeggaarrdd..\n22.. TThhee sseelllleerr ss rreeggiissttrraattiioonn aanndd pprroodduucctt uuppllooaadd oonn GGeeMM iiss bbaasseedd oonn tthheeiirr ddeeccllaarraattiioonn ooff ppoosssseessssiinngg aa vvaalliidd MMeeddiiccaall DDeevviiccee LLiicceennssee ffoorr tthhee pprroodduucctt,, cceerrttiiffiiccaattiioonnss,, tteesstt\nrreeppoorrttss aass ppeerr MMDDRR ((22001177)),, llaatteesstt aammeennddeedd.. HHoowweevveerr,, bbuuyyeerrss mmuusstt cchheecckk,, vvaalliiddaattee aanndd vveerriiffyy tthhee ddeettaaiillss aatt tthheeiirr eenndd ffoorr aallll aapppplliiccaabbllee lliicceennsseess aanndd cceerrttiiffiiccaattiioonnss ee..gg..,,\nvvaalliiddiittyy aanndd aauutthheennttiicciittyy//ggeennuuiinneenneessss ooff mmeeddiiccaall ddeevviiccee lliicceennssee ((oorr rreeggiissttrraattiioonn)),, pprroodduucctt cceerrttiiffiiccaattiioonnss,, mmaannuuffaaccttuurreerr ss cceerrttiiffiiccaattiioonnss// lliicceennsseess,, tteesstt rreeppoorrttss aatt tthhee ttiimmee\nooff ssuuppppllyy..\n33.. IInn ccaassee ooff aauutthhoorriizzeedd rreesseelllleerrss//ddiissttrriibbuuttoorrss,, iitt wwiillll bbee tthhee lleeggaall aanndd rreegguullaattoorryy lliiaabbiilliittyy ooff tthhee mmaannuuffaaccttuurreerr ttoo eennssuurree tthhaatt tthheeiirr rreesseelllleerrss//ddiissttrriibbuuttoorrss aarree ooppeerraattiinngg iinn\nccoommpplliiaannccee wwiitthh aallll rreelleevvaanntt llaawwss aanndd rreegguullaattiioonnss,, aanndd aarree lliicceennsseedd ttoo sseellll tthhee mmaannuuffaaccttuurreerr''ss pprroodduuccttss,, iinncclluuddiinngg vveerriiffyyiinngg tthhee vvaalliiddiittyy aanndd aauutthheennttiicciittyy ooff lliicceennssee hheelldd\nbbyy tthheemm..\n44.. AAnnyy ootthheerr TTeerrmmss aanndd CCoonnddiittiioonnss wwhhiicchh iiss nnoott iinncclluuddeedd oorr aatt vvaarriiaannccee wwiitthh tthhee ccoonnddiittiioonnss ssppeecciiffiieedd iinn SSTTCC//GGTTCC,, mmaayy bbee aaddddeedd bbyy tthhee bbuuyyeerr tthhrroouugghh AAddddiittiioonnaall TTeerrmmss\naanndd CCoonnddiittiioonnss ((AATTCC)) iinn tthhee bbiidd ttoo eennssuurree iitteemmss aarree pprrooccuurreedd ffrroomm aauutthheennttiicc//vvaalliiddaatteedd ssoouurrccee wwiitthh aapppprroopprriiaattee aanndd aapppplliiccaabbllee qquuaalliittyy.. TThhee aabboovvee tteerrmmss aanndd\nccoonnddiittiioonnss aarree iinn rreevveerrssee oorrddeerr ooff pprreecceeddeennccee ii..ee.. BBIIDD AATTCC sshhaallll ssuuppeerrsseeddee ssppeecciiffiicc SSTTCC wwhhiicchh sshhaallll ssuuppeerrsseeddee GGeenneerraall TTeerrmmss aanndd CCoonnddiittiioonnss ((GGTTCC)),, wwhheenneevveerr tthheerree\naarree aannyy ccoonnfflliiccttiinngg pprroovviissiioonnss..\n55.. PPaacckkiinngg aanndd MMaarrkkiinngg:: SShhoouulldd bbee aass ppeerr MMDDRR..\n22.. GGeenneerraall TTeerrmmss aanndd CCoonnddiittiioonnss--\n22..11TThhiiss ccoonnttrraacctt iiss ggoovveerrnneedd bbyy tthhee GGeenneerraall TTeerrmmss aanndd CCoonnddiittiioonnss,, ccoonnddiittiioonnss ssttiippuullaatteedd ttoo tthhiiss PPrroodduucctt//SSeerrvviiccee aass pprroovviiddeedd iinn tthhee MMaarrkkeettppllaaccee..\n22..22TThhiiss CCoonnttrraacctt bbeettwweeeenn tthhee SSeelllleerr aanndd tthhee BBuuyyeerr,, iiss ffoorr tthhee ssuuppppllyy ooff tthhee GGooooddss aanndd// oorr SSeerrvviicceess,, ddeettaaiilleedd iinn tthhee sscchheedduullee aabboovvee,, iinn aaccccoorrddaannccee wwiitthh tthhee GGeenneerraall TTeerrmmss aanndd\nCCoonnddiittiioonnss ((GGTTCC)) uunnlleessss ootthheerrwwiissee ssuuppeerrsseeddeedd bbyy GGooooddss // SSeerrvviicceess ssppeecciiffiicc SSppeecciiaall TTeerrmmss aanndd CCoonnddiittiioonnss ((SSTTCC)) aanndd// oorr BBIIDD//RReevveerrssee AAuuccttiioonn AAddddiittiioonnaall TTeerrmmss aanndd CCoonnddiittiioonnss\n((AATTCC)),, aass aapppplliiccaabbllee\n22..33AAllll GGeeMM SSeelllleerrss // SSeerrvviiccee PPrroovviiddeerrss aarree mmaannddaatteedd ttoo eennssuurree ccoommpplliiaannccee wwiitthh aallll tthhee aapppplliiccaabbllee llaawwss // aaccttss // rruulleess iinncclluuddiinngg bbuutt nnoott lliimmiitteedd ttoo aallll LLaabboouurr LLaawwss ssuucchh aass TThhee\nMMiinniimmuumm WWaaggeess AAcctt,, 11994488,, TThhee PPaayymmeenntt ooff WWaaggeess AAcctt,, 11993366,, TThhee PPaayymmeenntt ooff BBoonnuuss AAcctt,, 11996655,, TThhee EEqquuaall RReemmuunneerraattiioonn AAcctt,, 11997766,, TThhee PPaayymmeenntt ooff GGrraattuuiittyy AAcctt,, 11997722 eettcc.. AAnnyy\nnnoonn--ccoommpplliiaannccee wwiillll bbee ttrreeaatteedd aass bbrreeaacchh ooff ccoonnttrraacctt aanndd BBuuyyeerr mmaayy ttaakkee ssuuiittaabbllee aaccttiioonnss aass ppeerr GGeeMM CCoonnttrraacctt..",
          "",
          ""
        ],
        [
          "NNoottee:: Sellers are required to raise invoices online as per the contract terms on GeM portal. Timely invoice submission is mandatory for compliances, smooth payment processing,\nand will also contribute to improving their ratings.",
          "",
          ""
        ]
      ]
    },
    {
      "page": 3,
      "table_number": 1,
      "data": [
        [
          "Note: This is system generated file. No signature is required. Print out of this document is not valid for payment/ transaction purpose."
        ]
      ]
    }
  ],
  "table_count": 3,
  "total_pages": 3
}