{
  "source_file": "GEMC-511687707853830.pdf",
  "extraction_date": "2026-01-15T00:35:01.909390",
  "extraction_method": "pdfplumber",
  "metadata": {
    "Title": "Contract",
    "Creator": "wkhtmltopdf 0.12.4",
    "Producer": "Qt 4.8.7",
    "CreationDate": "D:20260108133009+05'30'"
  },
  "text_content": "(cid:16)(cid:16) ||CCoonnttrraacctt NNoo:: GEMC-511687707853830\n(cid:33)(cid:33) (cid:33)(cid:33) ||GGeenneerraatteedd DDaattee :: 08-Jan-2026\n(cid:33)(cid:33) ||OOrrggaanniissaattiioonn DDeettaaiillss (cid:33)(cid:33) ||BBuuyyeerr DDeettaaiillss\n(cid:52)(cid:53) |Type : State Government |Designation : MS\n(cid:61) |Ministry : - (cid:74) |Contact No. : 0532-2642687-\nMedical Health and Family Welfare Department Uttar |Email ID : buyer1.tbsh.prg@gembuyer.in\n(cid:33) |Department :\nPradesh (cid:95) |GSTIN : -\n|Organisation Tej Bahadur Sapru Hospital (Beli), Stanley Road, Allahabad,\nN/A |Address :\nName : ALLAHABAD, UTTAR PRADESH-211001, India\n(cid:74) (cid:75) (cid:61)|Office Zone: Allahabad\n(cid:33)(cid:33) (cid:102)(cid:102) (cid:103)(cid:103) (cid:33)(cid:33) (cid:33)(cid:33) ||FFiinnaanncciiaall AApppprroovvaall DDeettaaiill (cid:52)(cid:52) (cid:33)(cid:33) (cid:33)(cid:33) ||PPaayyiinngg AAuutthhoorriittyy DDeettaaiillss\n(cid:33) |IFD Concurrence : No Role: PAO\nCMS Offline\nDesignation of Administrative Approval: Payment Mode:\nCMS\nDesignation of Financial Approval : |Email ID : pay91.mhfwdup.up@gembuyer.in\nStanley Road,\n|Address:\nALLAHABAD, UTTAR PRADESH-211001, India\n(cid:33)(cid:33) (cid:16)(cid:16) (cid:33)(cid:33) ||SSeelllleerr DDeettaaiillss\n(cid:33) (cid:16) |GeM Seller ID : 73MB210002401934\n|Company Name : OM SAI PHARMACEUTICALS\n(cid:74) |Contact No. : 09415614100\n|Email ID : rishipharmaceutical.raju@gmail.com\n219, BHUSAULI TOLA,BHUSAULI TOLA,KHULDABAD,Village/Town:- PRAYAGRAJ, City:- PRAYAGRAJ,\n| Address :\nAllahabad, UTTAR PRADESH-211003, India\n(cid:114) |MSME Registration number : -\n(cid:95) |GSTIN: 09BXZPK4505M1ZN (R)\n*(cid:33) (cid:75) (cid:117) GST/TAX (cid:33) |GST / Tax invoice to be raised in the name of - Consignee\n(cid:33) (cid:33) (cid:121) | Delivery Instructions : NA\n(cid:123)(cid:123) (cid:33)(cid:33) ||PPrroodduucctt DDeettaaiillss\n(cid:127) (cid:127)\n((IINNRR (cid:117) (cid:117)\n## (cid:33)(cid:33) ||IItteemm DDeessccrriippttiioonn\nOOrrddeerreedd UUnniitt UUnniitt PPrriiccee TTaaxx BBiiffuurrccaattiioonn ((IINNRR)) PPrriiccee\nQQuuaannttiittyy ((IINNRR)) ((IInncclluussiivvee ooff\naallll DDuuttiieess aanndd\nTTaaxxeess iinn IINNRR))\n(cid:123)(cid:123) ||PPrroodduucctt NNaammee :: STERGIC Sterile Surgical Sutures , Polypropylene , Pack of 12\n(cid:130)(cid:130) ||BBrraanndd :: STERGIC\n(cid:130)(cid:130) (cid:52)(cid:52) ||BBrraanndd TTyyppee :: Registered Brand\n(cid:132)(cid:132) (cid:33)(cid:33)(cid:133)(cid:133)(cid:33)(cid:33) ||CCaattaalloogguuee SSttaattuuss:: OEM verified catalogue\n1 600 packet 258 NA 154,800\n| |SSeelllliinngg AAss :: OEM verified Reseller\n(cid:135)(cid:135) (cid:136) (cid:136) ||CCaatteeggoorryy NNaammee && QQuuaaddrraanntt :: Surgical Sutures (Q2)\n||MMooddeell:: stergic\n||HHSSNN CCooddee:: HSN not specified by seller\n(cid:74) (cid:127) |Total Order Value (in INR) 115544,,880000\n(cid:33) (cid:33) (cid:33)(cid:33) ||CCoonnssiiggnneeee DDeettaaiill\n(cid:16)(cid:16).. . .||SS..NNoo (cid:33) (cid:33) ||CCoonnssiiggnneeee (cid:103)(cid:103) | |IItteemm (cid:61)(cid:61) ||QQuuaannttiittyy | |\nLLoott NNoo.. BBee\nDDeelliivveerryy SSttaarrtt\nCCoommpplleetteedd\nAAfftteerr\nBByy\n| Designation : MS\n|Email ID : buyer1.tbsh.prg@gembuyer.in\n(cid:74)|Contact : 0532-2642687- STERGIC Sterile Surgical\n1 (cid:95) |GSTIN : - Sutures , Polypropylene , - 600 08-Jan-2026 23-Jan-2026\n|Address : Tej Bahadur Sapru Hospital (Beli), Stanley Road, Pack of 12\nAllahabad,\nALLAHABAD, UTTAR PRADESH-211001, India\nPPrroodduucctt SSppeecciiffiiccaattiioonn ffoorr SSTTEERRGGIICC SStteerriillee SSuurrggiiccaall SSuuttuurreess ,, PPoollyypprrooppyylleennee ,, PPaacckk ooff 1122\n(cid:33)(cid:33) (cid:33)(cid:33) (cid:121)(cid:121) ||SSppeecciifificcaattiioonn --(cid:33)(cid:33) (cid:33)(cid:33) (cid:121)(cid:121) ||SSuubb--SSppeecc (cid:127) (cid:127) ||VVaalluuee\nSterility Sterile\nType of Suture Non Absorbable\nSuture Material (Medical Grade) Polypropylene\nSuture Construction Mono-filament\nSuture Size 2-0\nPRODUCT\nINFORMATION\nSuture Length ( 2cm) 90 cm\nNeedle included Single Arm Needle\nType of Needle Round Bodied\nNeedle Length of each arm ( 0.5mm) 40 mm\nNeedle Shape (Curvature) 1/2 circle\nPACKING Number of Strands per Pack 12\nShelf life from the date of manufacture (in months) 24\nSHELF LIFE\nAgree to provide residual shelf life of atleast 75% of total shelf life at the time\nResidual shelf life of the product\nof delivery to the consignee\nCompliance to Drugs and Cosmetic Act 1940 and Medical Device Rules\nYes\n(MDR) 2017 as amended till date\nAvailability of valid Medical Device license for the product issued from the\nYes\nCERTIFICATIONS competent authority\nValid CDSCO Medical Device License Number MFG/MD/2022/000509\nLicence issuing authority as per MDR Central Licencing Authority\nNNAA\n(cid:33)(cid:33) (cid:144)|(cid:144)|TTeerrmmss aanndd CCoonnddiittiioonnss\n11.. SSppeecciiaall tteerrmmss aanndd ccoonnddiittiioonnss-- VVeerrssiioonn::11 eeffffeeccttiivvee ffrroomm 1144--1111--22002255\n11..11 11.. AAllll PPrroovviissiioonnss ooff DDrruuggss aanndd CCoossmmeettiiccss AAcctt,, 11994400 aanndd RRuulleess ((iinncclluuddiinngg MMeeddiiccaall DDeevviiccee RRuullee 22001177)) mmaaddee tthheerree uunnddeerr aanndd aallll ssuubbsseeqquueenntt aammeennddmmeennttss ttiillll ddaattee wwiillll\naallwwaayyss bbee aapppplliiccaabbllee.. TThhiiss wwiillll iinncclluuddee aallll nnoottiiffiiccaattiioonnss iissssuueedd bbyy CCeennttrraall DDrruuggss SSttaannddaarrdd CCoonnttrrooll OOrrggaanniizzaattiioonn ((CCDDSSCCOO)),, MMiinniissttrryy ooff HHeeaalltthh && FFaammiillyy WWeellffaarree ((MMooHHFFWW))\naanndd DDeeppaarrttmmeenntt ooff PPhhaarrmmaacceeuuttiiccaallss ((DDOOPP)),, MMiinniissttrryy ooff CChheemmiiccaallss && FFeerrttiilliizzeerrss iinn tthhiiss rreeggaarrdd..\n22.. TThhee sseelllleerr ss rreeggiissttrraattiioonn aanndd pprroodduucctt uuppllooaadd oonn GGeeMM iiss bbaasseedd oonn tthheeiirr ddeeccllaarraattiioonn ooff ppoosssseessssiinngg aa vvaalliidd MMeeddiiccaall DDeevviiccee LLiicceennssee ffoorr tthhee pprroodduucctt,, cceerrttiiffiiccaattiioonnss,, tteesstt\nrreeppoorrttss aass ppeerr MMDDRR ((22001177)),, llaatteesstt aammeennddeedd.. HHoowweevveerr,, bbuuyyeerrss mmuusstt cchheecckk,, vvaalliiddaattee aanndd vveerriiffyy tthhee ddeettaaiillss aatt tthheeiirr eenndd ffoorr aallll aapppplliiccaabbllee lliicceennsseess aanndd cceerrttiiffiiccaattiioonnss ee..gg..,,\nvvaalliiddiittyy aanndd aauutthheennttiicciittyy//ggeennuuiinneenneessss ooff mmeeddiiccaall ddeevviiccee lliicceennssee ((oorr rreeggiissttrraattiioonn)),, pprroodduucctt cceerrttiiffiiccaattiioonnss,, mmaannuuffaaccttuurreerr ss cceerrttiiffiiccaattiioonnss// lliicceennsseess,, tteesstt rreeppoorrttss aatt tthhee ttiimmee\nooff ssuuppppllyy..\n33.. IInn ccaassee ooff aauutthhoorriizzeedd rreesseelllleerrss//ddiissttrriibbuuttoorrss,, iitt wwiillll bbee tthhee lleeggaall aanndd rreegguullaattoorryy lliiaabbiilliittyy ooff tthhee mmaannuuffaaccttuurreerr ttoo eennssuurree tthhaatt tthheeiirr rreesseelllleerrss//ddiissttrriibbuuttoorrss aarree ooppeerraattiinngg iinn\nccoommpplliiaannccee wwiitthh aallll rreelleevvaanntt llaawwss aanndd rreegguullaattiioonnss,, aanndd aarree lliicceennsseedd ttoo sseellll tthhee mmaannuuffaaccttuurreerr''ss pprroodduuccttss,, iinncclluuddiinngg vveerriiffyyiinngg tthhee vvaalliiddiittyy aanndd aauutthheennttiicciittyy ooff lliicceennssee hheelldd\nbbyy tthheemm..\n44.. AAnnyy ootthheerr TTeerrmmss aanndd CCoonnddiittiioonnss wwhhiicchh iiss nnoott iinncclluuddeedd oorr aatt vvaarriiaannccee wwiitthh tthhee ccoonnddiittiioonnss ssppeecciiffiieedd iinn SSTTCC//GGTTCC,, mmaayy bbee aaddddeedd bbyy tthhee bbuuyyeerr tthhrroouugghh AAddddiittiioonnaall TTeerrmmss\naanndd CCoonnddiittiioonnss ((AATTCC)) iinn tthhee bbiidd ttoo eennssuurree iitteemmss aarree pprrooccuurreedd ffrroomm aauutthheennttiicc//vvaalliiddaatteedd ssoouurrccee wwiitthh aapppprroopprriiaattee aanndd aapppplliiccaabbllee qquuaalliittyy.. TThhee aabboovvee tteerrmmss aanndd\nccoonnddiittiioonnss aarree iinn rreevveerrssee oorrddeerr ooff pprreecceeddeennccee ii..ee.. BBIIDD AATTCC sshhaallll ssuuppeerrsseeddee ssppeecciiffiicc SSTTCC wwhhiicchh sshhaallll ssuuppeerrsseeddee GGeenneerraall TTeerrmmss aanndd CCoonnddiittiioonnss ((GGTTCC)),, wwhheenneevveerr tthheerree\naarree aannyy ccoonnfflliiccttiinngg pprroovviissiioonnss..\n55.. PPaacckkiinngg aanndd MMaarrkkiinngg:: SShhoouulldd bbee aass ppeerr MMDDRR..\n22.. GGeenneerraall TTeerrmmss aanndd CCoonnddiittiioonnss--\n22..11TThhiiss ccoonnttrraacctt iiss ggoovveerrnneedd bbyy tthhee GGeenneerraall TTeerrmmss aanndd CCoonnddiittiioonnss,, ccoonnddiittiioonnss ssttiippuullaatteedd ttoo tthhiiss PPrroodduucctt//SSeerrvviiccee aass pprroovviiddeedd iinn tthhee MMaarrkkeettppllaaccee..\n22..22TThhiiss CCoonnttrraacctt bbeettwweeeenn tthhee SSeelllleerr aanndd tthhee BBuuyyeerr,, iiss ffoorr tthhee ssuuppppllyy ooff tthhee GGooooddss aanndd// oorr SSeerrvviicceess,, ddeettaaiilleedd iinn tthhee sscchheedduullee aabboovvee,, iinn aaccccoorrddaannccee wwiitthh tthhee GGeenneerraall TTeerrmmss aanndd\nCCoonnddiittiioonnss ((GGTTCC)) uunnlleessss ootthheerrwwiissee ssuuppeerrsseeddeedd bbyy GGooooddss // SSeerrvviicceess ssppeecciiffiicc SSppeecciiaall TTeerrmmss aanndd CCoonnddiittiioonnss ((SSTTCC)) aanndd// oorr BBIIDD//RReevveerrssee AAuuccttiioonn AAddddiittiioonnaall TTeerrmmss aanndd CCoonnddiittiioonnss\n((AATTCC)),, aass aapppplliiccaabbllee\n22..33AAllll GGeeMM SSeelllleerrss // SSeerrvviiccee PPrroovviiddeerrss aarree mmaannddaatteedd ttoo eennssuurree ccoommpplliiaannccee wwiitthh aallll tthhee aapppplliiccaabbllee llaawwss // aaccttss // rruulleess iinncclluuddiinngg bbuutt nnoott lliimmiitteedd ttoo aallll LLaabboouurr LLaawwss ssuucchh aass TThhee\nMMiinniimmuumm WWaaggeess AAcctt,, 11994488,, TThhee PPaayymmeenntt ooff WWaaggeess AAcctt,, 11993366,, TThhee PPaayymmeenntt ooff BBoonnuuss AAcctt,, 11996655,, TThhee EEqquuaall RReemmuunneerraattiioonn AAcctt,, 11997766,, TThhee PPaayymmeenntt ooff GGrraattuuiittyy AAcctt,, 11997722 eettcc.. AAnnyy\nnnoonn--ccoommpplliiaannccee wwiillll bbee ttrreeaatteedd aass bbrreeaacchh ooff ccoonnttrraacctt aanndd BBuuyyeerr mmaayy ttaakkee ssuuiittaabbllee aaccttiioonnss aass ppeerr GGeeMM CCoonnttrraacctt..\nNNoottee:: Sellers are required to raise invoices online as per the contract terms on GeM portal. Timely invoice submission is mandatory for compliances, smooth payment processing,\nand will also contribute to improving their ratings.\nNote: This is system generated file. No signature is required. Print out of this document is not valid for payment/ transaction purpose.",
  "tables": [
    {
      "page": 1,
      "table_number": 1,
      "data": [
        [
          "(cid:33)(cid:33) ||OOrrggaanniissaattiioonn DDeettaaiillss\n(cid:52)(cid:53) |Type : State Government\n(cid:61) |Ministry : -\nMedical Health and Family Welfare Department Uttar\n(cid:33) |Department :\nPradesh\nN/A\nName :\n(cid:74) (cid:75) (cid:61)|Office Zone: Allahabad",
          "",
          "",
          "",
          "|Designation : MS\n(cid:74) |Contact No. : 0532-2642687-\n|Email ID : buyer1.tbsh.prg@gembuyer.in\nTej Bahadur Sapru Hospital (Beli), Stanley Road, Allahabad,\n|Address :\nALLAHABAD, UTTAR PRADESH-211001, India",
          "",
          "",
          "",
          "",
          "",
          "",
          "",
          ""
        ],
        [
          "(cid:33)(cid:33) (cid:102)(cid:102) (cid:103)(cid:103) (cid:33)(cid:33) (cid:33)(cid:33) ||FFiinnaanncciiaall AApppprroovvaall DDeettaaiill (cid:52)(cid:52) (cid:33)(cid:33) (cid:33)(cid:33) ||PPaayyiinngg AAuutthhoorriittyy DDeettaaiillss\n(cid:33) |IFD Concurrence : No Role: PAO\nCMS Offline\nDesignation of Administrative Approval: Payment Mode:\nCMS\nDesignation of Financial Approval : |Email ID : pay91.mhfwdup.up@gembuyer.in\nStanley Road,\n|Address:\nALLAHABAD, UTTAR PRADESH-211001, India",
          "",
          "",
          "",
          "",
          "",
          "",
          "",
          "",
          "",
          "",
          "",
          ""
        ],
        [
          "(cid:33)(cid:33) (cid:16)(cid:16) (cid:33)(cid:33) ||SSeelllleerr DDeettaaiillss\n(cid:33) (cid:16) |GeM Seller ID : 73MB210002401934\n|Company Name : OM SAI PHARMACEUTICALS\n(cid:74) |Contact No. : 09415614100\n|Email ID : rishipharmaceutical.raju@gmail.com\n219, BHUSAULI TOLA,BHUSAULI TOLA,KHULDABAD,Village/Town:- PRAYAGRAJ, City:- PRAYAGRAJ,\n| Address :\nAllahabad, UTTAR PRADESH-211003, India\n(cid:114) |MSME Registration number : -\n(cid:95) |GSTIN: 09BXZPK4505M1ZN (R)",
          "",
          "",
          "",
          "",
          "",
          "",
          "",
          "",
          "",
          "",
          "",
          ""
        ],
        [
          "*(cid:33) (cid:75) (cid:117) GST/TAX (cid:33) |GST / Tax invoice to be raised in the name of - Consignee",
          "",
          "",
          "",
          "",
          "",
          "",
          "",
          "",
          "",
          "",
          "",
          ""
        ],
        [
          "(cid:33) (cid:33) (cid:121) | Delivery Instructions : NA",
          "",
          "",
          "",
          "",
          "",
          "",
          "",
          "",
          "",
          "",
          "",
          ""
        ],
        [
          "(cid:123)(cid:123) (cid:33)(cid:33) ||PPrroodduucctt DDeettaaiillss",
          "",
          "",
          "",
          "",
          "",
          "",
          "",
          "",
          "",
          "",
          "",
          ""
        ],
        [
          "",
          "(cid:33)(cid:33) ||IItteemm DDeessccrriippttiioonn",
          "",
          "",
          "",
          "OOrrddeerreedd\nQQuuaannttiittyy",
          "",
          "",
          "((IINNRR))||\nUUnniitt PPrriiccee\n((IINNRR))",
          "",
          "TTaaxx BBiiffuurrccaattiioonn ((IINNRR))",
          "",
          "(cid:127) (cid:127)\n((IINNRR (cid:117) (cid:117)\nPPrriiccee\n((IInncclluussiivvee ooff\naallll DDuuttiieess aanndd\nTTaaxxeess iinn IINNRR))"
        ],
        [
          "1",
          "(cid:123)(cid:123) ||PPrroodduucctt NNaammee :: STERGIC Sterile Surgical Sutures , Polypropylene , Pack of 12\n(cid:130)(cid:130) ||BBrraanndd :: STERGIC\n(cid:130)(cid:130) (cid:52)(cid:52) ||BBrraanndd TTyyppee :: Registered Brand\n(cid:132)(cid:132) (cid:33)(cid:33)(cid:133)(cid:133)(cid:33)(cid:33) ||CCaattaalloogguuee SSttaattuuss:: OEM verified catalogue\n| |SSeelllliinngg AAss :: OEM verified Reseller\n(cid:135)(cid:135) (cid:136) (cid:136) ||CCaatteeggoorryy NNaammee && QQuuaaddrraanntt :: Surgical Sutures (Q2)\n||MMooddeell:: stergic\n||HHSSNN CCooddee:: HSN not specified by seller",
          "",
          "",
          "",
          "600",
          "packet",
          "",
          "258",
          "",
          "NA",
          "",
          "154,800"
        ],
        [
          "(cid:74) (cid:127) |Total Order Value (in INR)",
          "",
          "",
          "",
          "",
          "",
          "",
          "",
          "",
          "",
          "",
          "",
          "115544,,880000"
        ],
        [
          "(cid:33) (cid:33) (cid:33)(cid:33) ||CCoonnssiiggnneeee DDeettaaiill",
          "",
          "",
          "",
          "",
          "",
          "",
          "",
          "",
          "",
          "",
          "",
          ""
        ],
        [
          "(cid:16)(cid:16).. . .||SS..NNoo",
          "",
          "(cid:33) (cid:33) ||CCoonnssiiggnneeee",
          "(cid:103)(cid:103) | |IItteemm",
          "",
          "",
          "",
          "",
          "",
          "(cid:61)(cid:61) ||QQuuaannttiittyy",
          "",
          "DDeelliivveerryy SSttaarrtt\nAAfftteerr",
          "DDeelliivveerryy TToo\nBBee\nCCoommpplleetteedd\nBByy"
        ],
        [
          "1",
          "",
          "| Designation : MS\n|Email ID : buyer1.tbsh.prg@gembuyer.in\n(cid:74)|Contact : 0532-2642687-\n|Address : Tej Bahadur Sapru Hospital (Beli), Stanley Road,\nAllahabad,",
          "STERGIC Sterile Surgical\nSutures , Polypropylene ,\nPack of 12",
          "",
          "",
          "",
          "",
          "",
          "600",
          "",
          "08-Jan-2026",
          "23-Jan-2026"
        ]
      ]
    },
    {
      "page": 2,
      "table_number": 1,
      "data": [
        [
          "ALLAHABAD, UTTAR PRADESH-211001, India",
          "",
          ""
        ],
        [
          "PPrroodduucctt SSppeecciiffiiccaattiioonn ffoorr SSTTEERRGGIICC SStteerriillee SSuurrggiiccaall SSuuttuurreess ,, PPoollyypprrooppyylleennee ,, PPaacckk ooff 1122",
          "",
          ""
        ],
        [
          "(cid:33)(cid:33) (cid:33)(cid:33) (cid:121)(cid:121) ||SSppeecciifificcaattiioonn",
          "--(cid:33)(cid:33) (cid:33)(cid:33) (cid:121)(cid:121) ||SSuubb--SSppeecc",
          "(cid:127) (cid:127) ||VVaalluuee"
        ],
        [
          "PRODUCT\nINFORMATION",
          "Sterility",
          "Sterile"
        ],
        [
          "",
          "Type of Suture",
          "Non Absorbable"
        ],
        [
          "",
          "Suture Material (Medical Grade)",
          "Polypropylene"
        ],
        [
          "",
          "Suture Construction",
          "Mono-filament"
        ],
        [
          "",
          "Suture Size",
          "2-0"
        ],
        [
          "",
          "Suture Length ( 2cm)",
          "90 cm"
        ],
        [
          "",
          "Needle included",
          "Single Arm Needle"
        ],
        [
          "",
          "Type of Needle",
          "Round Bodied"
        ],
        [
          "",
          "Needle Length of each arm ( 0.5mm)",
          "40 mm"
        ],
        [
          "",
          "Needle Shape (Curvature)",
          "1/2 circle"
        ],
        [
          "PACKING",
          "Number of Strands per Pack",
          "12"
        ],
        [
          "SHELF LIFE",
          "Shelf life from the date of manufacture (in months)",
          "24"
        ],
        [
          "",
          "Residual shelf life of the product",
          "Agree to provide residual shelf life of atleast 75% of total shelf life at the time\nof delivery to the consignee"
        ],
        [
          "CERTIFICATIONS",
          "Compliance to Drugs and Cosmetic Act 1940 and Medical Device Rules\n(MDR) 2017 as amended till date",
          "Yes"
        ],
        [
          "",
          "Availability of valid Medical Device license for the product issued from the\ncompetent authority",
          "Yes"
        ],
        [
          "",
          "Valid CDSCO Medical Device License Number",
          "MFG/MD/2022/000509"
        ],
        [
          "",
          "Licence issuing authority as per MDR",
          "Central Licencing Authority"
        ],
        [
          "NNAA",
          "",
          ""
        ],
        [
          "(cid:33)(cid:33) (cid:144)|(cid:144)|TTeerrmmss aanndd CCoonnddiittiioonnss\n11.. SSppeecciiaall tteerrmmss aanndd ccoonnddiittiioonnss-- VVeerrssiioonn::11 eeffffeeccttiivvee ffrroomm 1144--1111--22002255\n11..11 11.. AAllll PPrroovviissiioonnss ooff DDrruuggss aanndd CCoossmmeettiiccss AAcctt,, 11994400 aanndd RRuulleess ((iinncclluuddiinngg MMeeddiiccaall DDeevviiccee RRuullee 22001177)) mmaaddee tthheerree uunnddeerr aanndd aallll ssuubbsseeqquueenntt aammeennddmmeennttss ttiillll ddaattee wwiillll\naallwwaayyss bbee aapppplliiccaabbllee.. TThhiiss wwiillll iinncclluuddee aallll nnoottiiffiiccaattiioonnss iissssuueedd bbyy CCeennttrraall DDrruuggss SSttaannddaarrdd CCoonnttrrooll OOrrggaanniizzaattiioonn ((CCDDSSCCOO)),, MMiinniissttrryy ooff HHeeaalltthh && FFaammiillyy WWeellffaarree ((MMooHHFFWW))\naanndd DDeeppaarrttmmeenntt ooff PPhhaarrmmaacceeuuttiiccaallss ((DDOOPP)),, MMiinniissttrryy ooff CChheemmiiccaallss && FFeerrttiilliizzeerrss iinn tthhiiss rreeggaarrdd..\n22.. TThhee sseelllleerr ss rreeggiissttrraattiioonn aanndd pprroodduucctt uuppllooaadd oonn GGeeMM iiss bbaasseedd oonn tthheeiirr ddeeccllaarraattiioonn ooff ppoosssseessssiinngg aa vvaalliidd MMeeddiiccaall DDeevviiccee LLiicceennssee ffoorr tthhee pprroodduucctt,, cceerrttiiffiiccaattiioonnss,, tteesstt\nrreeppoorrttss aass ppeerr MMDDRR ((22001177)),, llaatteesstt aammeennddeedd.. HHoowweevveerr,, bbuuyyeerrss mmuusstt cchheecckk,, vvaalliiddaattee aanndd vveerriiffyy tthhee ddeettaaiillss aatt tthheeiirr eenndd ffoorr aallll aapppplliiccaabbllee lliicceennsseess aanndd cceerrttiiffiiccaattiioonnss ee..gg..,,\nvvaalliiddiittyy aanndd aauutthheennttiicciittyy//ggeennuuiinneenneessss ooff mmeeddiiccaall ddeevviiccee lliicceennssee ((oorr rreeggiissttrraattiioonn)),, pprroodduucctt cceerrttiiffiiccaattiioonnss,, mmaannuuffaaccttuurreerr ss cceerrttiiffiiccaattiioonnss// lliicceennsseess,, tteesstt rreeppoorrttss aatt tthhee ttiimmee\nooff ssuuppppllyy..\n33.. IInn ccaassee ooff aauutthhoorriizzeedd rreesseelllleerrss//ddiissttrriibbuuttoorrss,, iitt wwiillll bbee tthhee lleeggaall aanndd rreegguullaattoorryy lliiaabbiilliittyy ooff tthhee mmaannuuffaaccttuurreerr ttoo eennssuurree tthhaatt tthheeiirr rreesseelllleerrss//ddiissttrriibbuuttoorrss aarree ooppeerraattiinngg iinn\nccoommpplliiaannccee wwiitthh aallll rreelleevvaanntt llaawwss aanndd rreegguullaattiioonnss,, aanndd aarree lliicceennsseedd ttoo sseellll tthhee mmaannuuffaaccttuurreerr''ss pprroodduuccttss,, iinncclluuddiinngg vveerriiffyyiinngg tthhee vvaalliiddiittyy aanndd aauutthheennttiicciittyy ooff lliicceennssee hheelldd\nbbyy tthheemm..\n44.. AAnnyy ootthheerr TTeerrmmss aanndd CCoonnddiittiioonnss wwhhiicchh iiss nnoott iinncclluuddeedd oorr aatt vvaarriiaannccee wwiitthh tthhee ccoonnddiittiioonnss ssppeecciiffiieedd iinn SSTTCC//GGTTCC,, mmaayy bbee aaddddeedd bbyy tthhee bbuuyyeerr tthhrroouugghh AAddddiittiioonnaall TTeerrmmss\naanndd CCoonnddiittiioonnss ((AATTCC)) iinn tthhee bbiidd ttoo eennssuurree iitteemmss aarree pprrooccuurreedd ffrroomm aauutthheennttiicc//vvaalliiddaatteedd ssoouurrccee wwiitthh aapppprroopprriiaattee aanndd aapppplliiccaabbllee qquuaalliittyy.. TThhee aabboovvee tteerrmmss aanndd\nccoonnddiittiioonnss aarree iinn rreevveerrssee oorrddeerr ooff pprreecceeddeennccee ii..ee.. BBIIDD AATTCC sshhaallll ssuuppeerrsseeddee ssppeecciiffiicc SSTTCC wwhhiicchh sshhaallll ssuuppeerrsseeddee GGeenneerraall TTeerrmmss aanndd CCoonnddiittiioonnss ((GGTTCC)),, wwhheenneevveerr tthheerree\naarree aannyy ccoonnfflliiccttiinngg pprroovviissiioonnss..\n55.. PPaacckkiinngg aanndd MMaarrkkiinngg:: SShhoouulldd bbee aass ppeerr MMDDRR..\n22.. GGeenneerraall TTeerrmmss aanndd CCoonnddiittiioonnss--\n22..11TThhiiss ccoonnttrraacctt iiss ggoovveerrnneedd bbyy tthhee GGeenneerraall TTeerrmmss aanndd CCoonnddiittiioonnss,, ccoonnddiittiioonnss ssttiippuullaatteedd ttoo tthhiiss PPrroodduucctt//SSeerrvviiccee aass pprroovviiddeedd iinn tthhee MMaarrkkeettppllaaccee..\n22..22TThhiiss CCoonnttrraacctt bbeettwweeeenn tthhee SSeelllleerr aanndd tthhee BBuuyyeerr,, iiss ffoorr tthhee ssuuppppllyy ooff tthhee GGooooddss aanndd// oorr SSeerrvviicceess,, ddeettaaiilleedd iinn tthhee sscchheedduullee aabboovvee,, iinn aaccccoorrddaannccee wwiitthh tthhee GGeenneerraall TTeerrmmss aanndd\nCCoonnddiittiioonnss ((GGTTCC)) uunnlleessss ootthheerrwwiissee ssuuppeerrsseeddeedd bbyy GGooooddss // SSeerrvviicceess ssppeecciiffiicc SSppeecciiaall TTeerrmmss aanndd CCoonnddiittiioonnss ((SSTTCC)) aanndd// oorr BBIIDD//RReevveerrssee AAuuccttiioonn AAddddiittiioonnaall TTeerrmmss aanndd CCoonnddiittiioonnss\n((AATTCC)),, aass aapppplliiccaabbllee\n22..33AAllll GGeeMM SSeelllleerrss // SSeerrvviiccee PPrroovviiddeerrss aarree mmaannddaatteedd ttoo eennssuurree ccoommpplliiaannccee wwiitthh aallll tthhee aapppplliiccaabbllee llaawwss // aaccttss // rruulleess iinncclluuddiinngg bbuutt nnoott lliimmiitteedd ttoo aallll LLaabboouurr LLaawwss ssuucchh aass TThhee\nMMiinniimmuumm WWaaggeess AAcctt,, 11994488,, TThhee PPaayymmeenntt ooff WWaaggeess AAcctt,, 11993366,, TThhee PPaayymmeenntt ooff BBoonnuuss AAcctt,, 11996655,, TThhee EEqquuaall RReemmuunneerraattiioonn AAcctt,, 11997766,, TThhee PPaayymmeenntt ooff GGrraattuuiittyy AAcctt,, 11997722 eettcc.. AAnnyy\nnnoonn--ccoommpplliiaannccee wwiillll bbee ttrreeaatteedd aass bbrreeaacchh ooff ccoonnttrraacctt aanndd BBuuyyeerr mmaayy ttaakkee ssuuiittaabbllee aaccttiioonnss aass ppeerr GGeeMM CCoonnttrraacctt..",
          "",
          ""
        ],
        [
          "NNoottee:: Sellers are required to raise invoices online as per the contract terms on GeM portal. Timely invoice submission is mandatory for compliances, smooth payment processing,\nand will also contribute to improving their ratings.",
          "",
          ""
        ]
      ]
    },
    {
      "page": 3,
      "table_number": 1,
      "data": [
        [
          "Note: This is system generated file. No signature is required. Print out of this document is not valid for payment/ transaction purpose."
        ]
      ]
    }
  ],
  "table_count": 3,
  "total_pages": 3
}