{
  "source_file": "GEMC-511687787083038.pdf",
  "extraction_date": "2026-01-15T00:35:15.655489",
  "extraction_method": "pdfplumber",
  "metadata": {
    "Title": "Contract",
    "Creator": "wkhtmltopdf 0.12.4",
    "Producer": "Qt 4.8.7",
    "CreationDate": "D:20260108152115+05'30'"
  },
  "text_content": "(cid:16)(cid:16) ||CCoonnttrraacctt NNoo:: GEMC-511687787083038\n(cid:33)(cid:33) (cid:33)(cid:33) ||GGeenneerraatteedd DDaattee :: 08-Jan-2026\n(cid:33)(cid:33) ||OOrrggaanniissaattiioonn DDeettaaiillss (cid:33)(cid:33) ||BBuuyyeerr DDeettaaiillss\n(cid:52)(cid:53) |Type : Central Autonomous |Designation : store incharge2\n(cid:61) |Ministry : Ministry of Labour and Employment (cid:72) |Contact No. : -\n(cid:33) |Department : NA |Email ID : dr.dileep.sharma@esic.gov.in\n|Organisation Name : Employees State Insurance Corporation (ESIC) (cid:94) |GSTIN : -\n(cid:72) (cid:73) (cid:61)|Office Zone: Esic Model Hospital, Sec-9a, Gurgaon sector-9a,\n|Address :\nGURGAON, HARYANA-122001, India\n(cid:33)(cid:33) (cid:98)(cid:98) (cid:99)(cid:99) (cid:33)(cid:33) (cid:33)(cid:33) ||FFiinnaanncciiaall AApppprroovvaall DDeettaaiill (cid:52)(cid:52) (cid:33)(cid:33) (cid:33)(cid:33) ||PPaayyiinngg AAuutthhoorriittyy DDeettaaiillss\n(cid:33) |IFD Concurrence : No Role: PAO\nMEDICAL SUPERINTENDENT Offline\nDesignation of Administrative Approval: Payment Mode:\n(cid:33) (cid:98) | |Designation : Assistant Director\nAD(F)\nDesignation of Financial Approval : |Email ID : shanti.mehendran@esic.nic.in\nsector-9a,\n|Address:\nGURGAON, HARYANA-122001, India\n(cid:33)(cid:33) (cid:16)(cid:16) (cid:33)(cid:33) ||SSeelllleerr DDeettaaiillss\n(cid:33) (cid:16) |GeM Seller ID : UYWY220005095977\n|Company Name : Sapiens Healthcare\n(cid:72) |Contact No. : 09996253454\n|Email ID : ankit.vcer@gmail.com\n287,C/O SAPIENS HEALTHCARE,SECTOR 2,\n| Address :\nJhajjar, HARYANA-124507, -\n(cid:112) |MSME Registration number : UDYAM-HR-07-0007205\n(cid:94) |GSTIN: 06AVYPC3048F1ZI (R)\n(cid:33) (cid:114) |MSE Social Category : General\n(cid:33) (cid:114) |MSE Gender : Male\n*(cid:33) (cid:73) (cid:116) GST/TAX (cid:33) |GST / Tax invoice to be raised in the name of - Buyer\n(cid:33) (cid:33) (cid:121) | Delivery Instructions : NA\n(cid:123)(cid:123) (cid:33)(cid:33) ||PPrroodduucctt DDeettaaiillss\n(cid:127) (cid:127)\n((IINNRR (cid:116) (cid:116)\n## (cid:33)(cid:33) ||IItteemm DDeessccrriippttiioonn\nOOrrddeerreedd UUnniitt UUnniitt PPrriiccee TTaaxx BBiiffuurrccaattiioonn ((IINNRR)) PPrriiccee\nQQuuaannttiittyy ((IINNRR)) ((IInncclluussiivvee ooff\naallll DDuuttiieess aanndd\nTTaaxxeess iinn IINNRR))\n(cid:123)(cid:123) ||PPrroodduucctt NNaammee :: STAPIMEDS SKIN STAPLERS\n(cid:130)(cid:130) ||BBrraanndd :: IMEDS\n(cid:130)(cid:130) (cid:52)(cid:52) ||BBrraanndd TTyyppee :: Registered Brand\n(cid:132)(cid:132) (cid:33)(cid:33)(cid:133)(cid:133)(cid:33)(cid:33) ||CCaattaalloogguuee SSttaattuuss:: OEM verified catalogue\n1 150 pieces 216 NA 32,400\n| |SSeelllliinngg AAss :: OEM verified Reseller\n(cid:114)(cid:114) (cid:135) (cid:135) ||CCaatteeggoorryy NNaammee && QQuuaaddrraanntt :: Skin Stapler (V2) (Q2)\n||MMooddeell:: STP35WWH\n||HHSSNN CCooddee:: HSN not specified by seller\n(cid:72) (cid:127) |Total Order Value (in INR) 3322,,440000\n(cid:33) (cid:33) (cid:33)(cid:33) ||CCoonnssiiggnneeee DDeettaaiill\n(cid:16)(cid:16).. . .||SS..NNoo (cid:33) (cid:33) ||CCoonnssiiggnneeee (cid:99)(cid:99) | |IItteemm (cid:61)(cid:61) ||QQuuaannttiittyy | |\nLLoott NNoo.. BBee\nDDeelliivveerryy SSttaarrtt\nCCoommpplleetteedd\nAAfftteerr\nBByy\n| Designation : Pharmacist\n|Email ID : babu.saini@esic.nic.in\n(cid:72)|Contact : - STAPIMEDS SKIN\n1 - 150 08-Jan-2026 23-Jan-2026\n(cid:94) |GSTIN : - STAPLERS\n|Address : sector-9a,\nGURGAON, HARYANA-122001, India\nPPrroodduucctt SSppeecciiffiiccaattiioonn ffoorr SSTTAAPPIIMMEEDDSS SSKKIINN SSTTAAPPLLEERRSS\n(cid:33)(cid:33) (cid:33)(cid:33) (cid:121)(cid:121) ||SSppeecciifificcaattiioonn --(cid:33)(cid:33) (cid:33)(cid:33) (cid:121)(cid:121) ||SSuubb--SSppeecc (cid:127) (cid:127) ||VVaalluuee\nProduct Description Skin Stapler\nGENERAL FEATURES Skin stapler is used for closing surgical incisions or wounds in the skin. It is\nPurpose commonly used in various surgical procedures, including general surgery, plastic\nsurgery, orthopedic surgery, and emergency medicine\nUsage Single-Use (Disposable)\nSterility Sterile\nErgonomic and user friendly design Yes\nMaterial of Stapler Medical Grade Plastic\nLeg length of stapler (in mm) 3.5 to 5\nSpan of stapler (in mm) 5.9 to 7\nMulti-directional Release mechanism No\nPRODUCT\nINFORMATION Type of Head Fixed\nAlignment indicator No\nNo of staples provided with stapler 35\nMaterial of staple Medical grade stainless steel\nStaple size Wide\nStaple wire Diameter (in mm) 0.5 to 0.6\nUser/Technical/Maintenance manuals to be supplied in English in\nYes\nhard and soft copy\nPACKING Type of Packing Individually Packed\nCompliance to Medical Device Rules (MDR) 2017 as amended till date Yes\nAvailability of valid drug license for the product issued from the\ncompetent authority defined under Drugs and Cosmetic Act 1940 Yes\nand Rules made there under as amended till date\nValid Drug License Number NA\nCERTIFICATION & Manufacturing unit certification ISO:13485 (Latest)\nREPORTS\nAdditional voluntary certification available MFG/MD/2023/000436\nAvailability of Test Report for each supplied batch/product as per\nYes\nMedical Device Rules (MDR) 2017 as amended till date\nSubmission of all necessary certifications, licenses and test reports\nto the buyer at the time of bid submission and/or along with Yes\nsupplies as per buyer requirement\nShelf life in months from the date of manufacture 36 month\nSHELF LIFE\nMinimum shelf life of the product at the time of delivery to the\n3/4 th of Total Shelf Life\nconsignee\nAgree to provide advance sample of the product for buyer's\nADVANCE SAMPLE Yes\napproval before commencement of supply in case of bidding\nADDITIONAL\nAdditional Requirements NA\nREQUIREMENTS\nNNAA\n(cid:33)(cid:33) (cid:144)|(cid:144)|TTeerrmmss aanndd CCoonnddiittiioonnss\n11.. SSppeecciiaall tteerrmmss aanndd ccoonnddiittiioonnss-- VVeerrssiioonn::11 eeffffeeccttiivvee ffrroomm 0077--0066--22002233\n11..11 11.. AAllll PPrroovviissiioonnss ooff DDrruuggss aanndd CCoossmmeettiiccss AAcctt,, 11994400 aanndd RRuulleess ((iinncclluuddiinngg MMeeddiiccaall DDeevviiccee RRuullee 22001177)) mmaaddee tthheerree uunnddeerr aass aammeennddeedd ttiillll ddaattee wwiillll aallwwaayyss bbee aapppplliiccaabbllee.. TThhiiss\nwwiillll iinncclluuddee aallll nnoottiiffiiccaattiioonnss iissssuueedd bbyy CCeennttrraall DDrruuggss SSttaannddaarrdd CCoonnttrrooll OOrrggaanniizzaattiioonn ((CCDDSSCCOO)),, MMiinniissttrryy ooff HHeeaalltthh && FFaammiillyy WWeellffaarree ((MMooHHFFWW)) aanndd DDeeppaarrttmmeenntt ooff\nPPhhaarrmmaacceeuuttiiccaallss ((DDOOPP)),, MMiinniissttrryy ooff CChheemmiiccaallss && FFeerrttiilliizzeerrss ttiimmee ttoo ttiimmee iinn tthhiiss rreeggaarrdd..\n22.. TThhee sseelllleerrss aarree rreeggiisstteerreedd oonn GGeeMM bbaasseedd oonn sseellff--ddeeccllaarraattiioonn ooff vvaalliidd DDrruugg LLiicceennssee,, pprroodduucctt cceerrttiiffiiccaattiioonn,, tteesstt rreeppoorrttss eettcc.. HHoowweevveerr,, bbuuyyeerrss mmuusstt cchheecckk aanndd vvaalliiddaattee\ntthhee ddeettaaiillss aatt tthheeiirr eenndd ffoorr aallll aapppplliiccaabbllee lliicceennsseess aanndd cceerrttiiffiiccaattiioonnss ee..gg..,, vvaalliiddiittyy aanndd aauutthheennttiicciittyy//ggeennuuiinneenneessss ooff ddrruugg lliicceennssee,, pprroodduucctt cceerrttiiffiiccaattiioonn,, mmaannuuffaaccttuurreerr\ncceerrttiiffiiccaattiioonn//lliicceennsseess,, tteesstt rreeppoorrttss eettcc..\n33.. IInn ccaassee ooff aauutthhoorriizzeedd rreesseelllleerrss//ddiissttrriibbuuttoorrss,, iitt wwiillll bbee tthhee lleeggaall && rreegguullaattoorryy lliiaabbiilliittyy ooff tthhee mmaannuuffaaccttuurreerr ttoo eennssuurree tthhaatt tthheeiirr rreesseelllleerrss//ddiissttrriibbuuttoorrss aarree ooppeerraattiinngg iinn\nccoommpplliiaannccee wwiitthh aallll rreelleevvaanntt llaawwss aanndd rreegguullaattiioonnss aanndd aarree pprrooppeerrllyy lliicceennsseedd ttoo sseellll tthhee mmaannuuffaaccttuurreerr''ss pprroodduuccttss,, iinncclluuddiinngg vveerriiffyyiinngg tthhee vvaalliiddiittyy aanndd aauutthheennttiicciittyy ooff\nddrruugg lliicceennssee hheelldd bbyy tthheemm..\n44.. TThhee pprriiccee ooffffeerreedd bbyy tthhee sseelllleerr//bbiiddddeerr sshhaallll nnoott,, iinn aannyy ccaassee eexxcceeeedd tthhee DDPPCCOO//NNPPPPAA ccoonnttrroolllleedd pprriiccee oorr pprriiccee ffiixxeedd bbyy SSttaattee GGoovveerrnnmmeenntt,, iiff aannyy.. TThhee sseelllleerr mmuusstt rreedduuccee\ntthhee pprriicceess iiff tthheerree iiss aannyy rreedduuccttiioonn iinn DDPPCCOO//NNPPPPAA cceeiilliinngg pprriiccee oorr pprriiccee ffiixxeedd bbyy SSttaattee GGoovveerrnnmmeenntt,, iiff aannyy..\n55.. AAnnyy ootthheerr TTeerrmmss aanndd CCoonnddiittiioonnss wwhhiicchh iiss nnoott iinncclluuddeedd oorr aatt vvaarriiaannccee wwiitthh tthhee ccoonnddiittiioonnss ssppeecciiffiieedd iinn SSTTCC//GGTTCC,, mmaayy bbee aaddddeedd bbyy tthhee bbuuyyeerr tthhrroouugghh AAddddiittiioonnaall TTeerrmmss\naanndd CCoonnddiittiioonnss ((AATTCC)) iinn tthhee bbiidd ttoo eennssuurree iitteemmss aarree pprrooccuurreedd ffrroomm aauutthheennttiicc//vvaalliiddaatteedd ssoouurrccee wwiitthh aapppprroopprriiaattee aanndd aapppplliiccaabbllee qquuaalliittyy.. TThhee aabboovvee tteerrmmss aanndd\nccoonnddiittiioonnss aarree iinn rreevveerrssee oorrddeerr ooff pprreecceeddeennccee ii..ee.. AATTCC sshhaallll ssuuppeerrsseeddee ssppeecciiffiicc SSTTCC wwhhiicchh sshhaallll ssuuppeerrsseeddee GGeenneerraall TTeerrmmss aanndd CCoonnddiittiioonnss ((GGTTCC)),, wwhheenneevveerr tthheerree aarree\naannyy ccoonnfflliiccttiinngg pprroovviissiioonnss..\n22.. GGeenneerraall TTeerrmmss aanndd CCoonnddiittiioonnss--\n22..11TThhiiss ccoonnttrraacctt iiss ggoovveerrnneedd bbyy tthhee GGeenneerraall TTeerrmmss aanndd CCoonnddiittiioonnss,, ccoonnddiittiioonnss ssttiippuullaatteedd ttoo tthhiiss PPrroodduucctt//SSeerrvviiccee aass pprroovviiddeedd iinn tthhee MMaarrkkeettppllaaccee..\n22..22TThhiiss CCoonnttrraacctt bbeettwweeeenn tthhee SSeelllleerr aanndd tthhee BBuuyyeerr,, iiss ffoorr tthhee ssuuppppllyy ooff tthhee GGooooddss aanndd// oorr SSeerrvviicceess,, ddeettaaiilleedd iinn tthhee sscchheedduullee aabboovvee,, iinn aaccccoorrddaannccee wwiitthh tthhee GGeenneerraall TTeerrmmss aanndd\nCCoonnddiittiioonnss ((GGTTCC)) uunnlleessss ootthheerrwwiissee ssuuppeerrsseeddeedd bbyy GGooooddss // SSeerrvviicceess ssppeecciiffiicc SSppeecciiaall TTeerrmmss aanndd CCoonnddiittiioonnss ((SSTTCC)) aanndd// oorr BBIIDD//RReevveerrssee AAuuccttiioonn AAddddiittiioonnaall TTeerrmmss aanndd CCoonnddiittiioonnss\n((AATTCC)),, aass aapppplliiccaabbllee\n22..33AAllll GGeeMM SSeelllleerrss // SSeerrvviiccee PPrroovviiddeerrss aarree mmaannddaatteedd ttoo eennssuurree ccoommpplliiaannccee wwiitthh aallll tthhee aapppplliiccaabbllee llaawwss // aaccttss // rruulleess iinncclluuddiinngg bbuutt nnoott lliimmiitteedd ttoo aallll LLaabboouurr LLaawwss ssuucchh aass TThhee\nMMiinniimmuumm WWaaggeess AAcctt,, 11994488,, TThhee PPaayymmeenntt ooff WWaaggeess AAcctt,, 11993366,, TThhee PPaayymmeenntt ooff BBoonnuuss AAcctt,, 11996655,, TThhee EEqquuaall RReemmuunneerraattiioonn AAcctt,, 11997766,, TThhee PPaayymmeenntt ooff GGrraattuuiittyy AAcctt,, 11997722 eettcc.. AAnnyy\nnnoonn--ccoommpplliiaannccee wwiillll bbee ttrreeaatteedd aass bbrreeaacchh ooff ccoonnttrraacctt aanndd BBuuyyeerr mmaayy ttaakkee ssuuiittaabbllee aaccttiioonnss aass ppeerr GGeeMM CCoonnttrraacctt..\nNNoottee:: Sellers are required to raise invoices online as per the contract terms on GeM portal. Timely invoice submission is mandatory for compliances, smooth payment processing,\nand will also contribute to improving their ratings.\nNote: This is system generated file. No signature is required. Print out of this document is not valid for payment/ transaction purpose.",
  "tables": [
    {
      "page": 1,
      "table_number": 1,
      "data": [
        [
          "(cid:33)(cid:33) ||OOrrggaanniissaattiioonn DDeettaaiillss (cid:33)(cid:33) ||BBuuyyeerr DDeettaaiillss\n(cid:52)(cid:53) |Type : Central Autonomous |Designation : store incharge2\n(cid:61) |Ministry : Ministry of Labour and Employment (cid:72) |Contact No. : -\n(cid:33) |Department : NA |Email ID : dr.dileep.sharma@esic.gov.in\n|Organisation Name : Employees State Insurance Corporation (ESIC) (cid:94) |GSTIN : -\n(cid:72) (cid:73) (cid:61)|Office Zone: Esic Model Hospital, Sec-9a, Gurgaon sector-9a,\n|Address :\nGURGAON, HARYANA-122001, India",
          "",
          "",
          "",
          "",
          "",
          "",
          "",
          "",
          "",
          "",
          ""
        ],
        [
          "(cid:33)(cid:33) (cid:98)(cid:98) (cid:99)(cid:99) (cid:33)(cid:33) (cid:33)(cid:33) ||FFiinnaanncciiaall AApppprroovvaall DDeettaaiill (cid:52)(cid:52) (cid:33)(cid:33) (cid:33)(cid:33) ||PPaayyiinngg AAuutthhoorriittyy DDeettaaiillss\n(cid:33) |IFD Concurrence : No Role: PAO\nMEDICAL SUPERINTENDENT Offline\nDesignation of Administrative Approval: Payment Mode:\n(cid:33) (cid:98) | |Designation : Assistant Director\nAD(F)\nDesignation of Financial Approval : |Email ID : shanti.mehendran@esic.nic.in\nsector-9a,\n|Address:\nGURGAON, HARYANA-122001, India",
          "",
          "",
          "",
          "",
          "",
          "",
          "",
          "",
          "",
          "",
          ""
        ],
        [
          "(cid:33)(cid:33) (cid:16)(cid:16) (cid:33)(cid:33) ||SSeelllleerr DDeettaaiillss\n(cid:33) (cid:16) |GeM Seller ID : UYWY220005095977\n|Company Name : Sapiens Healthcare\n(cid:72) |Contact No. : 09996253454\n|Email ID : ankit.vcer@gmail.com\n287,C/O SAPIENS HEALTHCARE,SECTOR 2,\n| Address :\nJhajjar, HARYANA-124507, -\n(cid:112) |MSME Registration number : UDYAM-HR-07-0007205\n(cid:94) |GSTIN: 06AVYPC3048F1ZI (R)",
          "",
          "",
          "",
          "",
          "",
          "",
          "",
          "",
          "",
          "",
          ""
        ],
        [
          "(cid:33) (cid:114) |MSE Social Category : General\n(cid:33) (cid:114) |MSE Gender : Male",
          "",
          "",
          "",
          "",
          "",
          "",
          "",
          "",
          "",
          "",
          ""
        ],
        [
          "*(cid:33) (cid:73) (cid:116) GST/TAX (cid:33) |GST / Tax invoice to be raised in the name of - Buyer",
          "",
          "",
          "",
          "",
          "",
          "",
          "",
          "",
          "",
          "",
          ""
        ],
        [
          "(cid:33) (cid:33) (cid:121) | Delivery Instructions : NA",
          "",
          "",
          "",
          "",
          "",
          "",
          "",
          "",
          "",
          "",
          ""
        ],
        [
          "(cid:123)(cid:123) (cid:33)(cid:33) ||PPrroodduucctt DDeettaaiillss",
          "",
          "",
          "",
          "",
          "",
          "",
          "",
          "",
          "",
          "",
          ""
        ],
        [
          "",
          "(cid:33)(cid:33) ||IItteemm DDeessccrriippttiioonn",
          "",
          "",
          "OOrrddeerreedd\nQQuuaannttiittyy",
          "",
          "",
          "((IINNRR))||\nUUnniitt PPrriiccee\n((IINNRR))",
          "",
          "TTaaxx BBiiffuurrccaattiioonn ((IINNRR))",
          "",
          "(cid:127) (cid:127)\n((IINNRR (cid:116) (cid:116)\nPPrriiccee\n((IInncclluussiivvee ooff\naallll DDuuttiieess aanndd\nTTaaxxeess iinn IINNRR))"
        ],
        [
          "1",
          "(cid:123)(cid:123) ||PPrroodduucctt NNaammee :: STAPIMEDS SKIN STAPLERS\n(cid:130)(cid:130) ||BBrraanndd :: IMEDS\n(cid:130)(cid:130) (cid:52)(cid:52) ||BBrraanndd TTyyppee :: Registered Brand\n(cid:132)(cid:132) (cid:33)(cid:33)(cid:133)(cid:133)(cid:33)(cid:33) ||CCaattaalloogguuee SSttaattuuss:: OEM verified catalogue\n| |SSeelllliinngg AAss :: OEM verified Reseller\n(cid:114)(cid:114) (cid:135) (cid:135) ||CCaatteeggoorryy NNaammee && QQuuaaddrraanntt :: Skin Stapler (V2) (Q2)\n||MMooddeell:: STP35WWH\n||HHSSNN CCooddee:: HSN not specified by seller",
          "",
          "",
          "150",
          "pieces",
          "",
          "216",
          "",
          "NA",
          "",
          "32,400"
        ],
        [
          "(cid:72) (cid:127) |Total Order Value (in INR)",
          "",
          "",
          "",
          "",
          "",
          "",
          "",
          "",
          "",
          "",
          "3322,,440000"
        ],
        [
          "(cid:33) (cid:33) (cid:33)(cid:33) ||CCoonnssiiggnneeee DDeettaaiill",
          "",
          "",
          "",
          "",
          "",
          "",
          "",
          "",
          "",
          "",
          ""
        ],
        [
          "(cid:16)(cid:16).. . .||SS..NNoo",
          "",
          "(cid:33) (cid:33) ||CCoonnssiiggnneeee",
          "(cid:99)(cid:99) | |IItteemm",
          "",
          "",
          "",
          "",
          "(cid:61)(cid:61) ||QQuuaannttiittyy",
          "",
          "DDeelliivveerryy SSttaarrtt\nAAfftteerr",
          "DDeelliivveerryy TToo\nBBee\nCCoommpplleetteedd\nBByy"
        ],
        [
          "1",
          "",
          "| Designation : Pharmacist\n|Email ID : babu.saini@esic.nic.in\n(cid:72)|Contact : -\n|Address : sector-9a,",
          "STAPIMEDS SKIN\nSTAPLERS",
          "",
          "",
          "",
          "",
          "150",
          "",
          "08-Jan-2026",
          "23-Jan-2026"
        ]
      ]
    },
    {
      "page": 2,
      "table_number": 1,
      "data": [
        [
          "GURGAON, HARYANA-122001, India",
          "",
          ""
        ],
        [
          "PPrroodduucctt SSppeecciiffiiccaattiioonn ffoorr SSTTAAPPIIMMEEDDSS SSKKIINN SSTTAAPPLLEERRSS",
          "",
          ""
        ],
        [
          "(cid:33)(cid:33) (cid:33)(cid:33) (cid:121)(cid:121) ||SSppeecciifificcaattiioonn",
          "--(cid:33)(cid:33) (cid:33)(cid:33) (cid:121)(cid:121) ||SSuubb--SSppeecc",
          "(cid:127) (cid:127) ||VVaalluuee"
        ],
        [
          "GENERAL FEATURES",
          "Product Description",
          "Skin Stapler"
        ],
        [
          "",
          "Purpose",
          "Skin stapler is used for closing surgical incisions or wounds in the skin. It is\ncommonly used in various surgical procedures, including general surgery, plastic\nsurgery, orthopedic surgery, and emergency medicine"
        ],
        [
          "PRODUCT\nINFORMATION",
          "Usage",
          "Single-Use (Disposable)"
        ],
        [
          "",
          "Sterility",
          "Sterile"
        ],
        [
          "",
          "Ergonomic and user friendly design",
          "Yes"
        ],
        [
          "",
          "Material of Stapler",
          "Medical Grade Plastic"
        ],
        [
          "",
          "Leg length of stapler (in mm)",
          "3.5 to 5"
        ],
        [
          "",
          "Span of stapler (in mm)",
          "5.9 to 7"
        ],
        [
          "",
          "Multi-directional Release mechanism",
          "No"
        ],
        [
          "",
          "Type of Head",
          "Fixed"
        ],
        [
          "",
          "Alignment indicator",
          "No"
        ],
        [
          "",
          "No of staples provided with stapler",
          "35"
        ],
        [
          "",
          "Material of staple",
          "Medical grade stainless steel"
        ],
        [
          "",
          "Staple size",
          "Wide"
        ],
        [
          "",
          "Staple wire Diameter (in mm)",
          "0.5 to 0.6"
        ],
        [
          "",
          "User/Technical/Maintenance manuals to be supplied in English in\nhard and soft copy",
          "Yes"
        ],
        [
          "PACKING",
          "Type of Packing",
          "Individually Packed"
        ],
        [
          "CERTIFICATION &\nREPORTS",
          "Compliance to Medical Device Rules (MDR) 2017 as amended till date",
          "Yes"
        ],
        [
          "",
          "Availability of valid drug license for the product issued from the\ncompetent authority defined under Drugs and Cosmetic Act 1940\nand Rules made there under as amended till date",
          "Yes"
        ],
        [
          "",
          "Valid Drug License Number",
          "NA"
        ],
        [
          "",
          "Manufacturing unit certification",
          "ISO:13485 (Latest)"
        ],
        [
          "",
          "Additional voluntary certification available",
          "MFG/MD/2023/000436"
        ],
        [
          "",
          "Availability of Test Report for each supplied batch/product as per\nMedical Device Rules (MDR) 2017 as amended till date",
          "Yes"
        ],
        [
          "",
          "Submission of all necessary certifications, licenses and test reports\nto the buyer at the time of bid submission and/or along with\nsupplies as per buyer requirement",
          "Yes"
        ],
        [
          "SHELF LIFE",
          "Shelf life in months from the date of manufacture",
          "36 month"
        ],
        [
          "",
          "Minimum shelf life of the product at the time of delivery to the\nconsignee",
          "3/4 th of Total Shelf Life"
        ],
        [
          "ADVANCE SAMPLE",
          "Agree to provide advance sample of the product for buyer's\napproval before commencement of supply in case of bidding",
          "Yes"
        ],
        [
          "ADDITIONAL\nREQUIREMENTS",
          "Additional Requirements",
          "NA"
        ],
        [
          "NNAA",
          "",
          ""
        ],
        [
          "(cid:33)(cid:33) (cid:144)|(cid:144)|TTeerrmmss aanndd CCoonnddiittiioonnss\n11.. SSppeecciiaall tteerrmmss aanndd ccoonnddiittiioonnss-- VVeerrssiioonn::11 eeffffeeccttiivvee ffrroomm 0077--0066--22002233\n11..11 11.. AAllll PPrroovviissiioonnss ooff DDrruuggss aanndd CCoossmmeettiiccss AAcctt,, 11994400 aanndd RRuulleess ((iinncclluuddiinngg MMeeddiiccaall DDeevviiccee RRuullee 22001177)) mmaaddee tthheerree uunnddeerr aass aammeennddeedd ttiillll ddaattee wwiillll aallwwaayyss bbee aapppplliiccaabbllee.. TThhiiss\nwwiillll iinncclluuddee aallll nnoottiiffiiccaattiioonnss iissssuueedd bbyy CCeennttrraall DDrruuggss SSttaannddaarrdd CCoonnttrrooll OOrrggaanniizzaattiioonn ((CCDDSSCCOO)),, MMiinniissttrryy ooff HHeeaalltthh && FFaammiillyy WWeellffaarree ((MMooHHFFWW)) aanndd DDeeppaarrttmmeenntt ooff\nPPhhaarrmmaacceeuuttiiccaallss ((DDOOPP)),, MMiinniissttrryy ooff CChheemmiiccaallss && FFeerrttiilliizzeerrss ttiimmee ttoo ttiimmee iinn tthhiiss rreeggaarrdd..\n22.. TThhee sseelllleerrss aarree rreeggiisstteerreedd oonn GGeeMM bbaasseedd oonn sseellff--ddeeccllaarraattiioonn ooff vvaalliidd DDrruugg LLiicceennssee,, pprroodduucctt cceerrttiiffiiccaattiioonn,, tteesstt rreeppoorrttss eettcc.. HHoowweevveerr,, bbuuyyeerrss mmuusstt cchheecckk aanndd vvaalliiddaattee\ntthhee ddeettaaiillss aatt tthheeiirr eenndd ffoorr aallll aapppplliiccaabbllee lliicceennsseess aanndd cceerrttiiffiiccaattiioonnss ee..gg..,, vvaalliiddiittyy aanndd aauutthheennttiicciittyy//ggeennuuiinneenneessss ooff ddrruugg lliicceennssee,, pprroodduucctt cceerrttiiffiiccaattiioonn,, mmaannuuffaaccttuurreerr",
          "",
          ""
        ]
      ]
    },
    {
      "page": 3,
      "table_number": 1,
      "data": [
        [
          "cceerrttiiffiiccaattiioonn//lliicceennsseess,, tteesstt rreeppoorrttss eettcc..\n33.. IInn ccaassee ooff aauutthhoorriizzeedd rreesseelllleerrss//ddiissttrriibbuuttoorrss,, iitt wwiillll bbee tthhee lleeggaall && rreegguullaattoorryy lliiaabbiilliittyy ooff tthhee mmaannuuffaaccttuurreerr ttoo eennssuurree tthhaatt tthheeiirr rreesseelllleerrss//ddiissttrriibbuuttoorrss aarree ooppeerraattiinngg iinn\nccoommpplliiaannccee wwiitthh aallll rreelleevvaanntt llaawwss aanndd rreegguullaattiioonnss aanndd aarree pprrooppeerrllyy lliicceennsseedd ttoo sseellll tthhee mmaannuuffaaccttuurreerr''ss pprroodduuccttss,, iinncclluuddiinngg vveerriiffyyiinngg tthhee vvaalliiddiittyy aanndd aauutthheennttiicciittyy ooff\nddrruugg lliicceennssee hheelldd bbyy tthheemm..\n44.. TThhee pprriiccee ooffffeerreedd bbyy tthhee sseelllleerr//bbiiddddeerr sshhaallll nnoott,, iinn aannyy ccaassee eexxcceeeedd tthhee DDPPCCOO//NNPPPPAA ccoonnttrroolllleedd pprriiccee oorr pprriiccee ffiixxeedd bbyy SSttaattee GGoovveerrnnmmeenntt,, iiff aannyy.. TThhee sseelllleerr mmuusstt rreedduuccee\ntthhee pprriicceess iiff tthheerree iiss aannyy rreedduuccttiioonn iinn DDPPCCOO//NNPPPPAA cceeiilliinngg pprriiccee oorr pprriiccee ffiixxeedd bbyy SSttaattee GGoovveerrnnmmeenntt,, iiff aannyy..\n55.. AAnnyy ootthheerr TTeerrmmss aanndd CCoonnddiittiioonnss wwhhiicchh iiss nnoott iinncclluuddeedd oorr aatt vvaarriiaannccee wwiitthh tthhee ccoonnddiittiioonnss ssppeecciiffiieedd iinn SSTTCC//GGTTCC,, mmaayy bbee aaddddeedd bbyy tthhee bbuuyyeerr tthhrroouugghh AAddddiittiioonnaall TTeerrmmss\naanndd CCoonnddiittiioonnss ((AATTCC)) iinn tthhee bbiidd ttoo eennssuurree iitteemmss aarree pprrooccuurreedd ffrroomm aauutthheennttiicc//vvaalliiddaatteedd ssoouurrccee wwiitthh aapppprroopprriiaattee aanndd aapppplliiccaabbllee qquuaalliittyy.. TThhee aabboovvee tteerrmmss aanndd\nccoonnddiittiioonnss aarree iinn rreevveerrssee oorrddeerr ooff pprreecceeddeennccee ii..ee.. AATTCC sshhaallll ssuuppeerrsseeddee ssppeecciiffiicc SSTTCC wwhhiicchh sshhaallll ssuuppeerrsseeddee GGeenneerraall TTeerrmmss aanndd CCoonnddiittiioonnss ((GGTTCC)),, wwhheenneevveerr tthheerree aarree\naannyy ccoonnfflliiccttiinngg pprroovviissiioonnss..\n22.. GGeenneerraall TTeerrmmss aanndd CCoonnddiittiioonnss--\n22..11TThhiiss ccoonnttrraacctt iiss ggoovveerrnneedd bbyy tthhee GGeenneerraall TTeerrmmss aanndd CCoonnddiittiioonnss,, ccoonnddiittiioonnss ssttiippuullaatteedd ttoo tthhiiss PPrroodduucctt//SSeerrvviiccee aass pprroovviiddeedd iinn tthhee MMaarrkkeettppllaaccee..\n22..22TThhiiss CCoonnttrraacctt bbeettwweeeenn tthhee SSeelllleerr aanndd tthhee BBuuyyeerr,, iiss ffoorr tthhee ssuuppppllyy ooff tthhee GGooooddss aanndd// oorr SSeerrvviicceess,, ddeettaaiilleedd iinn tthhee sscchheedduullee aabboovvee,, iinn aaccccoorrddaannccee wwiitthh tthhee GGeenneerraall TTeerrmmss aanndd\nCCoonnddiittiioonnss ((GGTTCC)) uunnlleessss ootthheerrwwiissee ssuuppeerrsseeddeedd bbyy GGooooddss // SSeerrvviicceess ssppeecciiffiicc SSppeecciiaall TTeerrmmss aanndd CCoonnddiittiioonnss ((SSTTCC)) aanndd// oorr BBIIDD//RReevveerrssee AAuuccttiioonn AAddddiittiioonnaall TTeerrmmss aanndd CCoonnddiittiioonnss\n((AATTCC)),, aass aapppplliiccaabbllee\n22..33AAllll GGeeMM SSeelllleerrss // SSeerrvviiccee PPrroovviiddeerrss aarree mmaannddaatteedd ttoo eennssuurree ccoommpplliiaannccee wwiitthh aallll tthhee aapppplliiccaabbllee llaawwss // aaccttss // rruulleess iinncclluuddiinngg bbuutt nnoott lliimmiitteedd ttoo aallll LLaabboouurr LLaawwss ssuucchh aass TThhee\nMMiinniimmuumm WWaaggeess AAcctt,, 11994488,, TThhee PPaayymmeenntt ooff WWaaggeess AAcctt,, 11993366,, TThhee PPaayymmeenntt ooff BBoonnuuss AAcctt,, 11996655,, TThhee EEqquuaall RReemmuunneerraattiioonn AAcctt,, 11997766,, TThhee PPaayymmeenntt ooff GGrraattuuiittyy AAcctt,, 11997722 eettcc.. AAnnyy\nnnoonn--ccoommpplliiaannccee wwiillll bbee ttrreeaatteedd aass bbrreeaacchh ooff ccoonnttrraacctt aanndd BBuuyyeerr mmaayy ttaakkee ssuuiittaabbllee aaccttiioonnss aass ppeerr GGeeMM CCoonnttrraacctt.."
        ],
        [
          "NNoottee:: Sellers are required to raise invoices online as per the contract terms on GeM portal. Timely invoice submission is mandatory for compliances, smooth payment processing,\nand will also contribute to improving their ratings."
        ],
        [
          "Note: This is system generated file. No signature is required. Print out of this document is not valid for payment/ transaction purpose."
        ]
      ]
    }
  ],
  "table_count": 3,
  "total_pages": 3
}