{
  "source_file": "GEMC-511687724038124.pdf",
  "extraction_date": "2026-01-15T00:35:02.455228",
  "extraction_method": "pdfplumber",
  "metadata": {
    "Title": "Contract",
    "Creator": "wkhtmltopdf 0.12.4",
    "Producer": "Qt 4.8.7",
    "CreationDate": "D:20260108154907+05'30'"
  },
  "text_content": "(cid:16)(cid:16) ||CCoonnttrraacctt NNoo:: GEMC-511687724038124\n(cid:35)(cid:35) (cid:35)(cid:35) ||GGeenneerraatteedd DDaattee :: 08-Jan-2026\n(cid:35)(cid:35) ||OOrrggaanniissaattiioonn DDeettaaiillss (cid:35)(cid:35) ||BBuuyyeerr DDeettaaiillss\n(cid:53)(cid:54) |Type : Central Autonomous |Designation : store incharge2\n(cid:62) |Ministry : Ministry of Labour and Employment (cid:73) |Contact No. : -\n(cid:35) |Department : NA |Email ID : dr.dileep.sharma@esic.gov.in\n|Organisation Name : Employees State Insurance Corporation (ESIC) (cid:95) |GSTIN : -\n(cid:73) (cid:74) (cid:62)|Office Zone: Esic Model Hospital, Sec-9a, Gurgaon sector-9a,\n|Address :\nGURGAON, HARYANA-122001, India\n(cid:35)(cid:35) (cid:99)(cid:99) (cid:100)(cid:100) (cid:35)(cid:35) (cid:35)(cid:35) ||FFiinnaanncciiaall AApppprroovvaall DDeettaaiill (cid:53)(cid:53) (cid:35)(cid:35) (cid:35)(cid:35) ||PPaayyiinngg AAuutthhoorriittyy DDeettaaiillss\n(cid:35) |IFD Concurrence : No Role: PAO\nMEDICAL SUPERINTENDENT Offline\nDesignation of Administrative Approval: Payment Mode:\n(cid:35) (cid:99) | |Designation : Assistant Director\nAD(F)\nDesignation of Financial Approval : |Email ID : shanti.mehendran@esic.nic.in\nsector-9a,\n|Address:\nGURGAON, HARYANA-122001, India\n(cid:35)(cid:35) (cid:16)(cid:16) (cid:35)(cid:35) ||SSeelllleerr DDeettaaiillss\n(cid:35) (cid:16) |GeM Seller ID : 5I7A200001827894\n|Company Name : GAJANAND SURGITECH\n(cid:73) |Contact No. : 09999310348\n|Email ID : gajanandsurgitech@gmail.com\nTHIRD FLOOR , R-136 AND R-136A R BLOCK,VANI VIHAR,NEAR VANI PUBLIC SCHOOL,UTTAM NAGAR,\n| Address :\nWest Delhi, DELHI-110059, -\n(cid:112) |MSME Registration number : UDYAM-DL-11-0033484\n(cid:95) |GSTIN: 07GGNPS8978C1ZH (R)\n(cid:35) (cid:113) |MSE Social Category : General\n(cid:35) (cid:113) |MSE Gender : Female\n*(cid:35) (cid:74) (cid:115) GST/TAX (cid:35) |GST / Tax invoice to be raised in the name of - Buyer\n(cid:35) (cid:35) (cid:121) | Delivery Instructions : NA\n(cid:123)(cid:123) (cid:35)(cid:35) ||PPrroodduucctt DDeettaaiillss\n(cid:127) (cid:127)\n((IINNRR (cid:115) (cid:115)\n## (cid:35)(cid:35) ||IItteemm DDeessccrriippttiioonn\nOOrrddeerreedd UUnniitt UUnniitt PPrriiccee TTaaxx BBiiffuurrccaattiioonn ((IINNRR)) PPrriiccee\nQQuuaannttiittyy ((IINNRR)) ((IInncclluussiivvee ooff\naallll DDuuttiieess aanndd\nTTaaxxeess iinn IINNRR))\n(cid:123)(cid:123) ||PPrroodduucctt NNaammee :: MERIL Hernia Fixation Device\n(cid:129)(cid:129) ||BBrraanndd :: MERIL\n(cid:129)(cid:129) (cid:53)(cid:53) ||BBrraanndd TTyyppee :: Registered Brand\n(cid:131)(cid:131) (cid:35)(cid:35)(cid:132)(cid:132)(cid:35)(cid:35) ||CCaattaalloogguuee SSttaattuuss:: OEM verified catalogue\n1 18 pieces 14,498.4 NA 260,971.2\n| |SSeelllliinngg AAss :: OEM verified Reseller\n(cid:113)(cid:113) (cid:134) (cid:134) ||CCaatteeggoorryy NNaammee && QQuuaaddrraanntt :: Hernia Fixation Device (V2) (Q2)\n||MMooddeell:: MERIL PROFOUND A MFD30A\n||HHSSNN CCooddee:: HSN not specified by seller\n(cid:73) (cid:127) |Total Order Value (in INR) 226600,,997711..22\n(cid:35) (cid:35) (cid:35)(cid:35) ||CCoonnssiiggnneeee DDeettaaiill\n(cid:16)(cid:16).. . .||SS..NNoo (cid:35) (cid:35) ||CCoonnssiiggnneeee (cid:100)(cid:100) | |IItteemm (cid:62)(cid:62) ||QQuuaannttiittyy | |\nLLoott NNoo.. BBee\nDDeelliivveerryy SSttaarrtt\nCCoommpplleetteedd\nAAfftteerr\nBByy\n| Designation : Pharmacist\n|Email ID : babu.saini@esic.nic.in\n(cid:73)|Contact : - MERIL Hernia Fixation\n1 - 18 08-Jan-2026 23-Jan-2026\n(cid:95) |GSTIN : - Device\n|Address : sector-9a,\nGURGAON, HARYANA-122001, India\nPPrroodduucctt SSppeecciiffiiccaattiioonn ffoorr MMEERRIILL HHeerrnniiaa FFiixxaattiioonn DDeevviiccee\n(cid:35)(cid:35) (cid:35)(cid:35) (cid:121)(cid:121) ||SSppeecciifificcaattiioonn --(cid:35)(cid:35) (cid:35)(cid:35) (cid:121)(cid:121) ||SSuubb--SSppeecc (cid:127) (cid:127) ||VVaalluuee\nProduct Description Hernia Fixation Device\nGENERAL\nFor fixation of mesh during\nPurpose\nhernia procedure\nFixation material Absorbable Material\nType of fixation Single Point\nPolyglycolide-Co-Lactide\nMaterial of Tack/Glue\n(PGLA)\nMode of Firing for device Manual\nPRODUCT Duration of Absorbtion 0 to 2 Months\nINFORMATION\nMRI Compatibility Yes\nNumber of Fasteners/Hooks 30\nLength of Fasteners/Hooks ( 0.5 mm) 3 mm to 5 mm\nThe fixation device shall have indicator regarding usage of fasteners/hooks and remaining tackers Yes\nLength of the fixation canulla of device in Centimeter ( 0.5 mm) 36 to 40\nCompliance to Medical Device Rules (MDR) 2017 as amended till date Yes\nAvailability of valid Medical Device license for the product issued from the competent authority defined under Drugs and\nYes\nCosmetic Act 1940 and Rules made there under as amended till date\nValid Medical Device License Number MFG/MD/2018/000027\nCERTIFICATIONS\nCertification for manufacturing unit ISO:13485 (Latest)\nAvailability of Test Report for each supplied batch/product as per Medical Device Rule (MDR) 2017 as amended till date Yes\nSubmission of all necessary certifications, licenses and test reports to the buyer at the time of bid submission or along\nYes\nwith supplies as per buyer requirement\nShelf life from the date of manufacture (Years) 5 year\nSHELF LIFE\nMinimum shelf life of the product at the time of delivery to the consignee 3/4 th of Total Shelf Life\nADDITIONAL\nAdditional Requirements NA\nREQUIREMENTS\nNNAA\n(cid:35)(cid:35) (cid:143)|(cid:143)|TTeerrmmss aanndd CCoonnddiittiioonnss\n11.. SSppeecciiaall tteerrmmss aanndd ccoonnddiittiioonnss-- VVeerrssiioonn::11 eeffffeeccttiivvee ffrroomm 2255--0077--22002244\n11..11 11.. AAllll PPrroovviissiioonnss ooff DDrruuggss aanndd CCoossmmeettiiccss AAcctt,, 11994400 aanndd RRuulleess ((iinncclluuddiinngg MMeeddiiccaall DDeevviiccee RRuullee 22001177)) mmaaddee tthheerree uunnddeerr aass aammeennddeedd ttiillll ddaattee wwiillll aallwwaayyss bbee aapppplliiccaabbllee.. TThhiiss\nwwiillll iinncclluuddee aallll nnoottiiffiiccaattiioonnss iissssuueedd bbyy CCeennttrraall DDrruuggss SSttaannddaarrdd CCoonnttrrooll OOrrggaanniizzaattiioonn ((CCDDSSCCOO)),, MMiinniissttrryy ooff HHeeaalltthh && FFaammiillyy WWeellffaarree ((MMooHHFFWW)) aanndd DDeeppaarrttmmeenntt ooff\nPPhhaarrmmaacceeuuttiiccaallss ((DDOOPP)),, MMiinniissttrryy ooff CChheemmiiccaallss && FFeerrttiilliizzeerrss ttiimmee ttoo ttiimmee iinn tthhiiss rreeggaarrdd..\n22.. TThhee sseelllleerrss aarree rreeggiisstteerreedd oonn GGeeMM bbaasseedd oonn tthhee sseellff ddeeccllaarraattiioonn ooff vvaalliidd MMeeddiiccaall DDeevviiccee LLiicceennssee,, pprroodduucctt cceerrttiiffiiccaattiioonn,, tteesstt rreeppoorrttss eettcc.. HHoowweevveerr,, bbuuyyeerrss mmuusstt cchheecckk\naanndd vvaalliiddaattee tthhee ddeettaaiillss aatt tthheeiirr eenndd ffoorr aallll aapppplliiccaabbllee lliicceennsseess aanndd cceerrttiiffiiccaattiioonnss ee..gg..,, vvaalliiddiittyy aanndd aauutthheennttiicciittyy//ggeennuuiinneenneessss ooff lliicceennssee,, pprroodduucctt cceerrttiiffiiccaattiioonn,,\nmmaannuuffaaccttuurreerr cceerrttiiffiiccaattiioonn//lliicceennsseess,, tteesstt rreeppoorrttss eettcc..\n33.. IInn ccaassee ooff aauutthhoorriizzeedd rreesseelllleerrss//ddiissttrriibbuuttoorrss,, iitt wwiillll bbee tthhee lleeggaall && rreegguullaattoorryy lliiaabbiilliittyy ooff tthhee mmaannuuffaaccttuurreerr ttoo eennssuurree tthhaatt tthheeiirr rreesseelllleerrss//ddiissttrriibbuuttoorrss aarree ooppeerraattiinngg iinn\nccoommpplliiaannccee wwiitthh aallll rreelleevvaanntt llaawwss aanndd rreegguullaattiioonnss aanndd aarree pprrooppeerrllyy lliicceennsseedd ttoo sseellll tthhee mmaannuuffaaccttuurreerr''ss pprroodduuccttss,, iinncclluuddiinngg vveerriiffyyiinngg tthhee vvaalliiddiittyy aanndd aauutthheennttiicciittyy ooff\nlliicceennssee hheelldd bbyy tthheemm..\n44.. TThhee pprriiccee ooffffeerreedd bbyy tthhee sseelllleerr//bbiiddddeerr sshhaallll nnoott,, iinn aannyy ccaassee eexxcceeeedd tthhee DDPPCCOO//NNPPPPAA ccoonnttrroolllleedd pprriiccee oorr pprriiccee ffiixxeedd bbyy SSttaattee GGoovveerrnnmmeenntt,, iiff aannyy.. TThhee sseelllleerr mmuusstt rreedduuccee\ntthhee pprriicceess iiff tthheerree iiss aannyy rreedduuccttiioonn iinn DDPPCCOO//NNPPPPAA cceeiilliinngg pprriiccee oorr pprriiccee ffiixxeedd bbyy SSttaattee GGoovveerrnnmmeenntt,, iiff aannyy..\n55.. AAnnyy ootthheerr TTeerrmmss aanndd CCoonnddiittiioonnss wwhhiicchh iiss nnoott iinncclluuddeedd oorr aatt vvaarriiaannccee wwiitthh tthhee ccoonnddiittiioonnss ssppeecciiffiieedd iinn SSTTCC//GGTTCC,, mmaayy bbee aaddddeedd bbyy tthhee bbuuyyeerr tthhrroouugghh AAddddiittiioonnaall TTeerrmmss\naanndd CCoonnddiittiioonnss ((AATTCC)) iinn tthhee bbiidd ttoo eennssuurree iitteemmss aarree pprrooccuurreedd ffrroomm aauutthheennttiicc//vvaalliiddaatteedd ssoouurrccee wwiitthh aapppprroopprriiaattee aanndd aapppplliiccaabbllee qquuaalliittyy.. TThhee aabboovvee tteerrmmss aanndd\nccoonnddiittiioonnss aarree iinn rreevveerrssee oorrddeerr ooff pprreecceeddeennccee ii..ee.. AATTCC sshhaallll ssuuppeerrsseeddee ssppeecciiffiicc SSTTCC wwhhiicchh sshhaallll ssuuppeerrsseeddee GGeenneerraall TTeerrmmss aanndd CCoonnddiittiioonnss ((GGTTCC)),, wwhheenneevveerr tthheerree aarree\naannyy ccoonnfflliiccttiinngg pprroovviissiioonnss..\n22.. GGeenneerraall TTeerrmmss aanndd CCoonnddiittiioonnss--\n22..11TThhiiss ccoonnttrraacctt iiss ggoovveerrnneedd bbyy tthhee GGeenneerraall TTeerrmmss aanndd CCoonnddiittiioonnss,, ccoonnddiittiioonnss ssttiippuullaatteedd ttoo tthhiiss PPrroodduucctt//SSeerrvviiccee aass pprroovviiddeedd iinn tthhee MMaarrkkeettppllaaccee..\n22..22TThhiiss CCoonnttrraacctt bbeettwweeeenn tthhee SSeelllleerr aanndd tthhee BBuuyyeerr,, iiss ffoorr tthhee ssuuppppllyy ooff tthhee GGooooddss aanndd// oorr SSeerrvviicceess,, ddeettaaiilleedd iinn tthhee sscchheedduullee aabboovvee,, iinn aaccccoorrddaannccee wwiitthh tthhee GGeenneerraall TTeerrmmss aanndd\nCCoonnddiittiioonnss ((GGTTCC)) uunnlleessss ootthheerrwwiissee ssuuppeerrsseeddeedd bbyy GGooooddss // SSeerrvviicceess ssppeecciiffiicc SSppeecciiaall TTeerrmmss aanndd CCoonnddiittiioonnss ((SSTTCC)) aanndd// oorr BBIIDD//RReevveerrssee AAuuccttiioonn AAddddiittiioonnaall TTeerrmmss aanndd CCoonnddiittiioonnss\n((AATTCC)),, aass aapppplliiccaabbllee\n22..33AAllll GGeeMM SSeelllleerrss // SSeerrvviiccee PPrroovviiddeerrss aarree mmaannddaatteedd ttoo eennssuurree ccoommpplliiaannccee wwiitthh aallll tthhee aapppplliiccaabbllee llaawwss // aaccttss // rruulleess iinncclluuddiinngg bbuutt nnoott lliimmiitteedd ttoo aallll LLaabboouurr LLaawwss ssuucchh aass TThhee\nMMiinniimmuumm WWaaggeess AAcctt,, 11994488,, TThhee PPaayymmeenntt ooff WWaaggeess AAcctt,, 11993366,, TThhee PPaayymmeenntt ooff BBoonnuuss AAcctt,, 11996655,, TThhee EEqquuaall RReemmuunneerraattiioonn AAcctt,, 11997766,, TThhee PPaayymmeenntt ooff GGrraattuuiittyy AAcctt,, 11997722 eettcc.. AAnnyy\nnnoonn--ccoommpplliiaannccee wwiillll bbee ttrreeaatteedd aass bbrreeaacchh ooff ccoonnttrraacctt aanndd BBuuyyeerr mmaayy ttaakkee ssuuiittaabbllee aaccttiioonnss aass ppeerr GGeeMM CCoonnttrraacctt..\nNNoottee:: Sellers are required to raise invoices online as per the contract terms on GeM portal. Timely invoice submission is mandatory for compliances, smooth payment processing,\nand will also contribute to improving their ratings.\nNote: This is system generated file. No signature is required. Print out of this document is not valid for payment/ transaction purpose.",
  "tables": [
    {
      "page": 1,
      "table_number": 1,
      "data": [
        [
          "(cid:35)(cid:35) ||OOrrggaanniissaattiioonn DDeettaaiillss (cid:35)(cid:35) ||BBuuyyeerr DDeettaaiillss\n(cid:53)(cid:54) |Type : Central Autonomous |Designation : store incharge2\n(cid:62) |Ministry : Ministry of Labour and Employment (cid:73) |Contact No. : -\n(cid:35) |Department : NA |Email ID : dr.dileep.sharma@esic.gov.in\n|Organisation Name : Employees State Insurance Corporation (ESIC) (cid:95) |GSTIN : -\n(cid:73) (cid:74) (cid:62)|Office Zone: Esic Model Hospital, Sec-9a, Gurgaon sector-9a,\n|Address :\nGURGAON, HARYANA-122001, India",
          "",
          "",
          "",
          "",
          "",
          "",
          "",
          "",
          "",
          ""
        ],
        [
          "(cid:35)(cid:35) (cid:99)(cid:99) (cid:100)(cid:100) (cid:35)(cid:35) (cid:35)(cid:35) ||FFiinnaanncciiaall AApppprroovvaall DDeettaaiill (cid:53)(cid:53) (cid:35)(cid:35) (cid:35)(cid:35) ||PPaayyiinngg AAuutthhoorriittyy DDeettaaiillss\n(cid:35) |IFD Concurrence : No Role: PAO\nMEDICAL SUPERINTENDENT Offline\nDesignation of Administrative Approval: Payment Mode:\n(cid:35) (cid:99) | |Designation : Assistant Director\nAD(F)\nDesignation of Financial Approval : |Email ID : shanti.mehendran@esic.nic.in\nsector-9a,\n|Address:\nGURGAON, HARYANA-122001, India",
          "",
          "",
          "",
          "",
          "",
          "",
          "",
          "",
          "",
          ""
        ],
        [
          "(cid:35)(cid:35) (cid:16)(cid:16) (cid:35)(cid:35) ||SSeelllleerr DDeettaaiillss\n(cid:35) (cid:16) |GeM Seller ID : 5I7A200001827894\n|Company Name : GAJANAND SURGITECH\n(cid:73) |Contact No. : 09999310348\n|Email ID : gajanandsurgitech@gmail.com\nTHIRD FLOOR , R-136 AND R-136A R BLOCK,VANI VIHAR,NEAR VANI PUBLIC SCHOOL,UTTAM NAGAR,\n| Address :\nWest Delhi, DELHI-110059, -\n(cid:112) |MSME Registration number : UDYAM-DL-11-0033484\n(cid:95) |GSTIN: 07GGNPS8978C1ZH (R)",
          "",
          "",
          "",
          "",
          "",
          "",
          "",
          "",
          "",
          ""
        ],
        [
          "(cid:35) (cid:113) |MSE Social Category : General\n(cid:35) (cid:113) |MSE Gender : Female",
          "",
          "",
          "",
          "",
          "",
          "",
          "",
          "",
          "",
          ""
        ],
        [
          "*(cid:35) (cid:74) (cid:115) GST/TAX (cid:35) |GST / Tax invoice to be raised in the name of - Buyer",
          "",
          "",
          "",
          "",
          "",
          "",
          "",
          "",
          "",
          ""
        ],
        [
          "(cid:35) (cid:35) (cid:121) | Delivery Instructions : NA",
          "",
          "",
          "",
          "",
          "",
          "",
          "",
          "",
          "",
          ""
        ],
        [
          "(cid:123)(cid:123) (cid:35)(cid:35) ||PPrroodduucctt DDeettaaiillss",
          "",
          "",
          "",
          "",
          "",
          "",
          "",
          "",
          "",
          ""
        ],
        [
          "",
          "(cid:35)(cid:35) ||IItteemm DDeessccrriippttiioonn",
          "",
          "",
          "OOrrddeerreedd\nQQuuaannttiittyy",
          "",
          "((IINNRR))||\nUUnniitt PPrriiccee\n((IINNRR))",
          "",
          "TTaaxx BBiiffuurrccaattiioonn ((IINNRR))",
          "",
          "(cid:127) (cid:127)\n((IINNRR (cid:115) (cid:115)\nPPrriiccee\n((IInncclluussiivvee ooff\naallll DDuuttiieess aanndd\nTTaaxxeess iinn IINNRR))"
        ],
        [
          "1",
          "(cid:123)(cid:123) ||PPrroodduucctt NNaammee :: MERIL Hernia Fixation Device\n(cid:129)(cid:129) ||BBrraanndd :: MERIL\n(cid:129)(cid:129) (cid:53)(cid:53) ||BBrraanndd TTyyppee :: Registered Brand\n(cid:131)(cid:131) (cid:35)(cid:35)(cid:132)(cid:132)(cid:35)(cid:35) ||CCaattaalloogguuee SSttaattuuss:: OEM verified catalogue\n| |SSeelllliinngg AAss :: OEM verified Reseller\n(cid:113)(cid:113) (cid:134) (cid:134) ||CCaatteeggoorryy NNaammee && QQuuaaddrraanntt :: Hernia Fixation Device (V2) (Q2)\n||MMooddeell:: MERIL PROFOUND A MFD30A\n||HHSSNN CCooddee:: HSN not specified by seller",
          "",
          "",
          "18",
          "pieces",
          "14,498.4",
          "",
          "NA",
          "",
          "260,971.2"
        ],
        [
          "(cid:73) (cid:127) |Total Order Value (in INR)",
          "",
          "",
          "",
          "",
          "",
          "",
          "",
          "",
          "",
          "226600,,997711..22"
        ],
        [
          "(cid:35) (cid:35) (cid:35)(cid:35) ||CCoonnssiiggnneeee DDeettaaiill",
          "",
          "",
          "",
          "",
          "",
          "",
          "",
          "",
          "",
          ""
        ],
        [
          "(cid:16)(cid:16).. . .||SS..NNoo",
          "",
          "(cid:35) (cid:35) ||CCoonnssiiggnneeee",
          "(cid:100)(cid:100) | |IItteemm",
          "",
          "",
          "",
          "(cid:62)(cid:62) ||QQuuaannttiittyy",
          "",
          "DDeelliivveerryy SSttaarrtt\nAAfftteerr",
          "DDeelliivveerryy TToo\nBBee\nCCoommpplleetteedd\nBByy"
        ],
        [
          "1",
          "",
          "| Designation : Pharmacist\n|Email ID : babu.saini@esic.nic.in\n(cid:73)|Contact : -\n|Address : sector-9a,",
          "MERIL Hernia Fixation\nDevice",
          "",
          "",
          "",
          "18",
          "",
          "08-Jan-2026",
          "23-Jan-2026"
        ]
      ]
    },
    {
      "page": 2,
      "table_number": 1,
      "data": [
        [
          "GURGAON, HARYANA-122001, India",
          "",
          ""
        ],
        [
          "PPrroodduucctt SSppeecciiffiiccaattiioonn ffoorr MMEERRIILL HHeerrnniiaa FFiixxaattiioonn DDeevviiccee",
          "",
          ""
        ],
        [
          "(cid:35)(cid:35) (cid:35)(cid:35) (cid:121)(cid:121) ||SSppeecciifificcaattiioonn",
          "--(cid:35)(cid:35) (cid:35)(cid:35) (cid:121)(cid:121) ||SSuubb--SSppeecc",
          "(cid:127) (cid:127) ||VVaalluuee"
        ],
        [
          "GENERAL",
          "Product Description",
          "Hernia Fixation Device"
        ],
        [
          "",
          "Purpose",
          "For fixation of mesh during\nhernia procedure"
        ],
        [
          "PRODUCT\nINFORMATION",
          "Fixation material",
          "Absorbable Material"
        ],
        [
          "",
          "Type of fixation",
          "Single Point"
        ],
        [
          "",
          "Material of Tack/Glue",
          "Polyglycolide-Co-Lactide\n(PGLA)"
        ],
        [
          "",
          "Mode of Firing for device",
          "Manual"
        ],
        [
          "",
          "Duration of Absorbtion",
          "0 to 2 Months"
        ],
        [
          "",
          "MRI Compatibility",
          "Yes"
        ],
        [
          "",
          "Number of Fasteners/Hooks",
          "30"
        ],
        [
          "",
          "Length of Fasteners/Hooks ( 0.5 mm)",
          "3 mm to 5 mm"
        ],
        [
          "",
          "The fixation device shall have indicator regarding usage of fasteners/hooks and remaining tackers",
          "Yes"
        ],
        [
          "",
          "Length of the fixation canulla of device in Centimeter ( 0.5 mm)",
          "36 to 40"
        ],
        [
          "CERTIFICATIONS",
          "Compliance to Medical Device Rules (MDR) 2017 as amended till date",
          "Yes"
        ],
        [
          "",
          "Availability of valid Medical Device license for the product issued from the competent authority defined under Drugs and\nCosmetic Act 1940 and Rules made there under as amended till date",
          "Yes"
        ],
        [
          "",
          "Valid Medical Device License Number",
          "MFG/MD/2018/000027"
        ],
        [
          "",
          "Certification for manufacturing unit",
          "ISO:13485 (Latest)"
        ],
        [
          "",
          "Availability of Test Report for each supplied batch/product as per Medical Device Rule (MDR) 2017 as amended till date",
          "Yes"
        ],
        [
          "",
          "Submission of all necessary certifications, licenses and test reports to the buyer at the time of bid submission or along\nwith supplies as per buyer requirement",
          "Yes"
        ],
        [
          "SHELF LIFE",
          "Shelf life from the date of manufacture (Years)",
          "5 year"
        ],
        [
          "",
          "Minimum shelf life of the product at the time of delivery to the consignee",
          "3/4 th of Total Shelf Life"
        ],
        [
          "ADDITIONAL\nREQUIREMENTS",
          "Additional Requirements",
          "NA"
        ],
        [
          "NNAA",
          "",
          ""
        ],
        [
          "(cid:35)(cid:35) (cid:143)|(cid:143)|TTeerrmmss aanndd CCoonnddiittiioonnss\n11.. SSppeecciiaall tteerrmmss aanndd ccoonnddiittiioonnss-- VVeerrssiioonn::11 eeffffeeccttiivvee ffrroomm 2255--0077--22002244\n11..11 11.. AAllll PPrroovviissiioonnss ooff DDrruuggss aanndd CCoossmmeettiiccss AAcctt,, 11994400 aanndd RRuulleess ((iinncclluuddiinngg MMeeddiiccaall DDeevviiccee RRuullee 22001177)) mmaaddee tthheerree uunnddeerr aass aammeennddeedd ttiillll ddaattee wwiillll aallwwaayyss bbee aapppplliiccaabbllee.. TThhiiss\nwwiillll iinncclluuddee aallll nnoottiiffiiccaattiioonnss iissssuueedd bbyy CCeennttrraall DDrruuggss SSttaannddaarrdd CCoonnttrrooll OOrrggaanniizzaattiioonn ((CCDDSSCCOO)),, MMiinniissttrryy ooff HHeeaalltthh && FFaammiillyy WWeellffaarree ((MMooHHFFWW)) aanndd DDeeppaarrttmmeenntt ooff\nPPhhaarrmmaacceeuuttiiccaallss ((DDOOPP)),, MMiinniissttrryy ooff CChheemmiiccaallss && FFeerrttiilliizzeerrss ttiimmee ttoo ttiimmee iinn tthhiiss rreeggaarrdd..\n22.. TThhee sseelllleerrss aarree rreeggiisstteerreedd oonn GGeeMM bbaasseedd oonn tthhee sseellff ddeeccllaarraattiioonn ooff vvaalliidd MMeeddiiccaall DDeevviiccee LLiicceennssee,, pprroodduucctt cceerrttiiffiiccaattiioonn,, tteesstt rreeppoorrttss eettcc.. HHoowweevveerr,, bbuuyyeerrss mmuusstt cchheecckk\naanndd vvaalliiddaattee tthhee ddeettaaiillss aatt tthheeiirr eenndd ffoorr aallll aapppplliiccaabbllee lliicceennsseess aanndd cceerrttiiffiiccaattiioonnss ee..gg..,, vvaalliiddiittyy aanndd aauutthheennttiicciittyy//ggeennuuiinneenneessss ooff lliicceennssee,, pprroodduucctt cceerrttiiffiiccaattiioonn,,\nmmaannuuffaaccttuurreerr cceerrttiiffiiccaattiioonn//lliicceennsseess,, tteesstt rreeppoorrttss eettcc..\n33.. IInn ccaassee ooff aauutthhoorriizzeedd rreesseelllleerrss//ddiissttrriibbuuttoorrss,, iitt wwiillll bbee tthhee lleeggaall && rreegguullaattoorryy lliiaabbiilliittyy ooff tthhee mmaannuuffaaccttuurreerr ttoo eennssuurree tthhaatt tthheeiirr rreesseelllleerrss//ddiissttrriibbuuttoorrss aarree ooppeerraattiinngg iinn\nccoommpplliiaannccee wwiitthh aallll rreelleevvaanntt llaawwss aanndd rreegguullaattiioonnss aanndd aarree pprrooppeerrllyy lliicceennsseedd ttoo sseellll tthhee mmaannuuffaaccttuurreerr''ss pprroodduuccttss,, iinncclluuddiinngg vveerriiffyyiinngg tthhee vvaalliiddiittyy aanndd aauutthheennttiicciittyy ooff\nlliicceennssee hheelldd bbyy tthheemm..\n44.. TThhee pprriiccee ooffffeerreedd bbyy tthhee sseelllleerr//bbiiddddeerr sshhaallll nnoott,, iinn aannyy ccaassee eexxcceeeedd tthhee DDPPCCOO//NNPPPPAA ccoonnttrroolllleedd pprriiccee oorr pprriiccee ffiixxeedd bbyy SSttaattee GGoovveerrnnmmeenntt,, iiff aannyy.. TThhee sseelllleerr mmuusstt rreedduuccee\ntthhee pprriicceess iiff tthheerree iiss aannyy rreedduuccttiioonn iinn DDPPCCOO//NNPPPPAA cceeiilliinngg pprriiccee oorr pprriiccee ffiixxeedd bbyy SSttaattee GGoovveerrnnmmeenntt,, iiff aannyy..\n55.. AAnnyy ootthheerr TTeerrmmss aanndd CCoonnddiittiioonnss wwhhiicchh iiss nnoott iinncclluuddeedd oorr aatt vvaarriiaannccee wwiitthh tthhee ccoonnddiittiioonnss ssppeecciiffiieedd iinn SSTTCC//GGTTCC,, mmaayy bbee aaddddeedd bbyy tthhee bbuuyyeerr tthhrroouugghh AAddddiittiioonnaall TTeerrmmss\naanndd CCoonnddiittiioonnss ((AATTCC)) iinn tthhee bbiidd ttoo eennssuurree iitteemmss aarree pprrooccuurreedd ffrroomm aauutthheennttiicc//vvaalliiddaatteedd ssoouurrccee wwiitthh aapppprroopprriiaattee aanndd aapppplliiccaabbllee qquuaalliittyy.. TThhee aabboovvee tteerrmmss aanndd\nccoonnddiittiioonnss aarree iinn rreevveerrssee oorrddeerr ooff pprreecceeddeennccee ii..ee.. AATTCC sshhaallll ssuuppeerrsseeddee ssppeecciiffiicc SSTTCC wwhhiicchh sshhaallll ssuuppeerrsseeddee GGeenneerraall TTeerrmmss aanndd CCoonnddiittiioonnss ((GGTTCC)),, wwhheenneevveerr tthheerree aarree\naannyy ccoonnfflliiccttiinngg pprroovviissiioonnss..\n22.. GGeenneerraall TTeerrmmss aanndd CCoonnddiittiioonnss--\n22..11TThhiiss ccoonnttrraacctt iiss ggoovveerrnneedd bbyy tthhee GGeenneerraall TTeerrmmss aanndd CCoonnddiittiioonnss,, ccoonnddiittiioonnss ssttiippuullaatteedd ttoo tthhiiss PPrroodduucctt//SSeerrvviiccee aass pprroovviiddeedd iinn tthhee MMaarrkkeettppllaaccee..\n22..22TThhiiss CCoonnttrraacctt bbeettwweeeenn tthhee SSeelllleerr aanndd tthhee BBuuyyeerr,, iiss ffoorr tthhee ssuuppppllyy ooff tthhee GGooooddss aanndd// oorr SSeerrvviicceess,, ddeettaaiilleedd iinn tthhee sscchheedduullee aabboovvee,, iinn aaccccoorrddaannccee wwiitthh tthhee GGeenneerraall TTeerrmmss aanndd\nCCoonnddiittiioonnss ((GGTTCC)) uunnlleessss ootthheerrwwiissee ssuuppeerrsseeddeedd bbyy GGooooddss // SSeerrvviicceess ssppeecciiffiicc SSppeecciiaall TTeerrmmss aanndd CCoonnddiittiioonnss ((SSTTCC)) aanndd// oorr BBIIDD//RReevveerrssee AAuuccttiioonn AAddddiittiioonnaall TTeerrmmss aanndd CCoonnddiittiioonnss\n((AATTCC)),, aass aapppplliiccaabbllee",
          "",
          ""
        ]
      ]
    },
    {
      "page": 3,
      "table_number": 1,
      "data": [
        [
          "22..33AAllll GGeeMM SSeelllleerrss // SSeerrvviiccee PPrroovviiddeerrss aarree mmaannddaatteedd ttoo eennssuurree ccoommpplliiaannccee wwiitthh aallll tthhee aapppplliiccaabbllee llaawwss // aaccttss // rruulleess iinncclluuddiinngg bbuutt nnoott lliimmiitteedd ttoo aallll LLaabboouurr LLaawwss ssuucchh aass TThhee\nMMiinniimmuumm WWaaggeess AAcctt,, 11994488,, TThhee PPaayymmeenntt ooff WWaaggeess AAcctt,, 11993366,, TThhee PPaayymmeenntt ooff BBoonnuuss AAcctt,, 11996655,, TThhee EEqquuaall RReemmuunneerraattiioonn AAcctt,, 11997766,, TThhee PPaayymmeenntt ooff GGrraattuuiittyy AAcctt,, 11997722 eettcc.. AAnnyy\nnnoonn--ccoommpplliiaannccee wwiillll bbee ttrreeaatteedd aass bbrreeaacchh ooff ccoonnttrraacctt aanndd BBuuyyeerr mmaayy ttaakkee ssuuiittaabbllee aaccttiioonnss aass ppeerr GGeeMM CCoonnttrraacctt.."
        ],
        [
          "NNoottee:: Sellers are required to raise invoices online as per the contract terms on GeM portal. Timely invoice submission is mandatory for compliances, smooth payment processing,\nand will also contribute to improving their ratings."
        ],
        [
          "Note: This is system generated file. No signature is required. Print out of this document is not valid for payment/ transaction purpose."
        ]
      ]
    }
  ],
  "table_count": 3,
  "total_pages": 3
}