{
  "source_file": "GEMC-511687720275835.pdf",
  "extraction_date": "2026-01-15T00:35:04.494274",
  "extraction_method": "pdfplumber",
  "metadata": {
    "Title": "Contract",
    "Creator": "wkhtmltopdf 0.12.4",
    "Producer": "Qt 4.8.7; modified using iText 5.5.10 2000-2015 iText Group NV (AGPL-version)",
    "CreationDate": "D:20260108105000+05'30'",
    "ModDate": "D:20260108105016+05'30'"
  },
  "text_content": "(cid:16)(cid:16) ||CCoonnttrraacctt NNoo:: GEMC-511687720275835\n(cid:34)(cid:34) (cid:34)(cid:34) ||GGeenneerraatteedd DDaattee :: 08-Jan-2026\n// // (cid:50) (cid:50) ||BBiidd//RRAA//PPBBPP NNoo..:: GEM/2025/B/6644306\n(cid:34)(cid:34) ||OOrrggaanniissaattiioonn DDeettaaiillss (cid:34)(cid:34) ||BBuuyyeerr DDeettaaiillss\n(cid:67)(cid:68) |Type : State Government |Designation : Assistant procurement officer1\n(cid:75) |Ministry : - (cid:84) |Contact No. : 01952-238139-\nHealth and Family Welfare Department Jammu and |Email ID : omer.hussain0337@jk.gov.in\n(cid:34) |Department :\nKashmir (cid:100) |GSTIN : 01AMRG17649C1DB\n|Organisation Name Government Medical College & Associated Hospital\nGovernment Medical College\n: |Address : Kantbagh Baramulla,\n(cid:84) (cid:85) (cid:75)|Office Zone: Baramulla 193101 Baramulla, JAMMU & KASHMIR-193103, India\n(cid:34)(cid:34) (cid:105)(cid:105) (cid:106)(cid:106) (cid:34)(cid:34) (cid:34)(cid:34) ||FFiinnaanncciiaall AApppprroovvaall DDeettaaiill (cid:67)(cid:67) (cid:34)(cid:34) (cid:34)(cid:34) ||PPaayyiinngg AAuutthhoorriittyy DDeettaaiillss\n(cid:34) |IFD Concurrence : Yes Role: BUYER\nPrincipal Government Medical College Baramu Offline\nDesignation of Administrative Payment Mode:\nlla\nApproval: |Designation : Assistant procurement officer1\n(cid:34) (cid:105) | |Email ID : omer.hussain0337@jk.gov.in\nChief Accounts Officer GMC Baramulla\nDesignation of Financial Approval : (cid:100) |GSTIN : 01AMRG17649C1DB\nGovernment Medical College & Associated Hospital\n|Address: Kantbagh Baramulla,\nBaramulla, JAMMU & KASHMIR-193103, India\nPayments shall be made to the seller within 20 days of issue\n|Payment of consignee receipt-cum-acceptance certificate (CRAC) and\nTimelines: on-line submission of bills (This is in supersession of 10-days\ntime as provided in clause 12 of GeM GTC)\n(cid:34)(cid:34) (cid:16)(cid:16) (cid:34)(cid:34) ||SSeelllleerr DDeettaaiillss\n(cid:34) (cid:16) |GeM Seller ID : E728190000818095\n|Company Name : S.S.SURGICALS\n(cid:84) |Contact No. : 09327023076\n|Email ID : sssurgicals98@yahoo.com\nFORTH FLOOR, 402,SHAGUN COMPLEX,B/H ST. XAVIERS LADIES HOSTEL ,NEAR SWASTIK CROSS ROAD,NAVRANGPURA,\n| Address :\nAhmedabad, GUJARAT-380009, -\n(cid:50) |MSME Registration number : UDYAM-GJ-01-0054182\n(cid:100) |GSTIN: 24ACMPS6277M1ZR (R) , (M)\n(cid:34) (cid:118) |MSE Social Category : General\n(cid:34) (cid:118) |MSE Gender : Male\n*(cid:34) (cid:85) (cid:120) GST/TAX (cid:34) |GST / Tax invoice to be raised in the name of - Consignee\n(cid:34) (cid:34) (cid:124) | Delivery Instructions :\nDeliver to general Store Government Medical College Baramulla, 193101 (7006444059)\n(cid:126)(cid:126) (cid:34)(cid:34) ||PPrroodduucctt DDeettaaiillss\n(cid:130) (cid:130)\n((IINNRR (cid:120) (cid:120)\n## (cid:34)(cid:34) ||IItteemm DDeessccrriippttiioonn\nOOrrddeerreedd UUnniitt UUnniitt PPrriiccee TTaaxx BBiiffuurrccaattiioonn ((IINNRR)) PPrriiccee\nQQuuaannttiittyy ((IINNRR)) ((IInncclluussiivvee ooff\naallll DDuuttiieess aanndd\nTTaaxxeess iinn IINNRR))\n(cid:126)(cid:126) ||PPrroodduucctt NNaammee :: MENDCRYL Absorbabale Suture Polyglactin 910\n(cid:132)(cid:132) ||BBrraanndd :: MENDCRYL\n(cid:132)(cid:132) (cid:67)(cid:67) ||BBrraanndd TTyyppee :: Registered Brand\n(cid:134)(cid:134) (cid:34)(cid:34)(cid:135)(cid:135)(cid:34)(cid:34) ||CCaattaalloogguuee SSttaattuuss:: OEM verified catalogue\n1 2,400 pieces 44.98 NA 107,952\n| |SSeelllliinngg AAss :: OEM verified Reseller\n(cid:118)(cid:118) (cid:137) (cid:137) ||CCaatteeggoorryy NNaammee && QQuuaaddrraanntt :: Sutures (V3) (Q2)\n||MMooddeell:: MP2347\n||HHSSNN CCooddee:: HSN not specified by seller\n(cid:84) (cid:130) |Total Order Value (in INR) 110077,,995522\n(cid:34) (cid:34) (cid:34)(cid:34) ||CCoonnssiiggnneeee DDeettaaiill\n(cid:16)(cid:16).. . .||SS..NNoo (cid:34) (cid:34) ||CCoonnssiiggnneeee (cid:106)(cid:106) | |IItteemm (cid:75)(cid:75) ||QQuuaannttiittyy | |\nLLoott NNoo.. BBee\nDDeelliivveerryy SSttaarrtt\nCCoommpplleetteedd\nAAfftteerr\nBByy\n| Designation : -\n|Email ID : zahoorpau.8033@jk.gov.in\n(cid:84)|Contact : 01952-238140-\nMENDCRYL Absorbabale\n1 (cid:100) |GSTIN : 01AMRG17649C1DB - 2,400 08-Jan-2026 23-Jan-2026\nSuture Polyglactin 910\n|Address : Government Medical College & Associated Hospital\nKantbagh Baramulla,\nBaramulla, JAMMU & KASHMIR-193103, India\nPPrroodduucctt SSppeecciiffiiccaattiioonn ffoorr MMEENNDDCCRRYYLL AAbbssoorrbbaabbaallee SSuuttuurree PPoollyyggllaaccttiinn 991100\n(cid:34)(cid:34) (cid:34)(cid:34) (cid:124)(cid:124) ||SSppeecciifificcaattiioonn --(cid:34)(cid:34) (cid:34)(cid:34) (cid:124)(cid:124) ||SSuubb--SSppeecc (cid:130) (cid:130) ||VVaalluuee\nProduct Description Suture\nSutures are threads or strands used to stitch tissues together after\nGENERAL Purpose surgery or injury. They are a crucial part of wound closure, helping to\npromote healing and reduce the risk of infection\nSterility Sterile\nType of Suture Absorbabale\nColor of Suture Dyed\nSuture Material (Medical Grade) Polyglactin 910\nConstruction Multi-filament\nAntibacterial Coated Yes\nSuture Size 1\nPRODUCT\nINFORMATION\nSuture Length ( 2cm) 90 cm\nNeedle Single Arm Needle\nType of Needle Round Bodied\nNeedle Length ( 0.5mm) 40 mm\nNeedle Shape (Curvature) 1/2 circle\nPledgets No\nPACKING Number of strands in a suture foil 1\nCompliance to Medical Device Rules (MDR) 2017 as amended till date Yes\nAvailability of valid medical device license for the product issued from the\ncompetent authority defined under Drugs and Cosmetic Act 1940 and Rules Yes\nmade there under as amended till date\nValid Medical Device License Number MFG/MD/2021/000190\nCERTIFICATIONS\nManufacturer Certification ISO:13485 (Latest)\nAvailability of Test Report for each supplied batch/product as per Medical\nYes\nDevice Rules (MDR) 2017 as amended till date\nSubmission of all necessary certifications, licenses and test reports to the\nbuyer at the time of bid submission and/or along with supplies as per buyer Yes\nrequirement\nShelf life in months from the date of manufacture 60 month\nSHELF LIFE\nMinimum shelf life of the product at the time of delivery to the consignee 3/4 th of Total Shelf Life\nAgree to provide advance sample of the product for buyer's approval after\nADVANCE SAMPLE award of contract and before commencement of supply in case of bidding Yes\nonly\nADDITIONAL\nAdditional Requirement NA\nREQUIREMENTS\n(cid:134)(cid:134)-- (cid:34)(cid:34) (cid:34)(cid:34)(cid:145)(cid:145) (cid:146)(cid:146)(cid:147)(cid:147) ||TTeecchhnnoo--CCoommmmeerrcciiaall CCllaarriifificcaattiioonn :: Click here to download\n(cid:158) (cid:158) || AAddvviissoorryy BBaannkk :: NA\n(cid:67)(cid:67)(cid:34)(cid:34) ((%%)) || eePPBBGG PPeerrcceennttaaggee((%%)):: NA\n(cid:34)(cid:34) (cid:148)|(cid:148)|TTeerrmmss aanndd CCoonnddiittiioonnss\n11.. SSppeecciiaall tteerrmmss aanndd ccoonnddiittiioonnss-- VVeerrssiioonn::22 eeffffeeccttiivvee ffrroomm 1100--0077--22002244\n11..11 11.. AAllll PPrroovviissiioonnss ooff DDrruuggss aanndd CCoossmmeettiiccss AAcctt,, 11994400 aanndd RRuulleess ((iinncclluuddiinngg MMeeddiiccaall DDeevviiccee RRuullee 22001177)) mmaaddee tthheerree uunnddeerr aass aammeennddeedd ttiillll ddaattee wwiillll aallwwaayyss bbee aapppplliiccaabbllee.. TThhiiss\nwwiillll iinncclluuddee aallll nnoottiiffiiccaattiioonnss iissssuueedd bbyy CCeennttrraall DDrruuggss SSttaannddaarrdd CCoonnttrrooll OOrrggaanniizzaattiioonn ((CCDDSSCCOO)),, MMiinniissttrryy ooff HHeeaalltthh && FFaammiillyy WWeellffaarree ((MMooHHFFWW)) aanndd DDeeppaarrttmmeenntt ooff\nPPhhaarrmmaacceeuuttiiccaallss ((DDOOPP)),, MMiinniissttrryy ooff CChheemmiiccaallss && FFeerrttiilliizzeerrss ttiimmee ttoo ttiimmee iinn tthhiiss rreeggaarrdd..\n22.. TThhee sseelllleerrss aarree rreeggiisstteerreedd oonn GGeeMM bbaasseedd oonn sseellff--ddeeccllaarraattiioonn ooff vvaalliidd MMeeddiiccaall DDeevviiccee LLiicceennssee,, pprroodduucctt cceerrttiiffiiccaattiioonn,, tteesstt rreeppoorrttss eettcc.. HHoowweevveerr,, bbuuyyeerrss mmuusstt cchheecckk aanndd\nvvaalliiddaattee tthhee ddeettaaiillss aatt tthheeiirr eenndd ffoorr aallll aapppplliiccaabbllee lliicceennsseess aanndd cceerrttiiffiiccaattiioonnss ee..gg..,, vvaalliiddiittyy aanndd aauutthheennttiicciittyy//ggeennuuiinneenneessss ooff lliicceennssee,, pprroodduucctt cceerrttiiffiiccaattiioonn,, mmaannuuffaaccttuurreerr\ncceerrttiiffiiccaattiioonn//lliicceennsseess,, tteesstt rreeppoorrttss eettcc..\n33.. IInn ccaassee ooff aauutthhoorriizzeedd rreesseelllleerrss//ddiissttrriibbuuttoorrss,, iitt wwiillll bbee tthhee lleeggaall && rreegguullaattoorryy lliiaabbiilliittyy ooff tthhee mmaannuuffaaccttuurreerr ttoo eennssuurree tthhaatt tthheeiirr rreesseelllleerrss//ddiissttrriibbuuttoorrss aarree ooppeerraattiinngg iinn\nccoommpplliiaannccee wwiitthh aallll rreelleevvaanntt llaawwss aanndd rreegguullaattiioonnss aanndd aarree pprrooppeerrllyy lliicceennsseedd ttoo sseellll tthhee mmaannuuffaaccttuurreerr''ss pprroodduuccttss,, iinncclluuddiinngg vveerriiffyyiinngg tthhee vvaalliiddiittyy aanndd aauutthheennttiicciittyy ooff\nMMeeddiiccaall DDeevviiccee LLiicceennssee lliicceennssee hheelldd bbyy tthheemm..\n44.. TThhee pprriiccee ooffffeerreedd bbyy tthhee sseelllleerr//bbiiddddeerr sshhaallll nnoott,, iinn aannyy ccaassee eexxcceeeedd tthhee DDPPCCOO//NNPPPPAA ccoonnttrroolllleedd pprriiccee oorr pprriiccee ffiixxeedd bbyy SSttaattee GGoovveerrnnmmeenntt,, iiff aannyy.. TThhee sseelllleerr mmuusstt rreedduuccee\ntthhee pprriicceess iiff tthheerree iiss aannyy rreedduuccttiioonn iinn DDPPCCOO//NNPPPPAA cceeiilliinngg pprriiccee oorr pprriiccee ffiixxeedd bbyy SSttaattee GGoovveerrnnmmeenntt,, iiff aannyy..\n55.. AAnnyy ootthheerr TTeerrmmss aanndd CCoonnddiittiioonnss wwhhiicchh iiss nnoott iinncclluuddeedd oorr aatt vvaarriiaannccee wwiitthh tthhee ccoonnddiittiioonnss ssppeecciiffiieedd iinn SSTTCC//GGTTCC,, mmaayy bbee aaddddeedd bbyy tthhee bbuuyyeerr tthhrroouugghh AAddddiittiioonnaall TTeerrmmss\naanndd CCoonnddiittiioonnss ((AATTCC)) iinn tthhee bbiidd ttoo eennssuurree iitteemmss aarree pprrooccuurreedd ffrroomm aauutthheennttiicc//vvaalliiddaatteedd ssoouurrccee wwiitthh aapppprroopprriiaattee aanndd aapppplliiccaabbllee qquuaalliittyy.. TThhee aabboovvee tteerrmmss aanndd\nccoonnddiittiioonnss aarree iinn rreevveerrssee oorrddeerr ooff pprreecceeddeennccee ii..ee.. AATTCC sshhaallll ssuuppeerrsseeddee ssppeecciiffiicc SSTTCC wwhhiicchh sshhaallll ssuuppeerrsseeddee GGeenneerraall TTeerrmmss aanndd CCoonnddiittiioonnss ((GGTTCC)),, wwhheenneevveerr tthheerree aarree\naannyy ccoonnfflliiccttiinngg pprroovviissiioonnss..\n22.. GGeenneerraall TTeerrmmss aanndd CCoonnddiittiioonnss--\n22..11TThhiiss ccoonnttrraacctt iiss ggoovveerrnneedd bbyy tthhee GGeenneerraall TTeerrmmss aanndd CCoonnddiittiioonnss,, ccoonnddiittiioonnss ssttiippuullaatteedd ttoo tthhiiss PPrroodduucctt//SSeerrvviiccee aass pprroovviiddeedd iinn tthhee MMaarrkkeettppllaaccee..\n22..22TThhiiss CCoonnttrraacctt bbeettwweeeenn tthhee SSeelllleerr aanndd tthhee BBuuyyeerr,, iiss ffoorr tthhee ssuuppppllyy ooff tthhee GGooooddss aanndd// oorr SSeerrvviicceess,, ddeettaaiilleedd iinn tthhee sscchheedduullee aabboovvee,, iinn aaccccoorrddaannccee wwiitthh tthhee GGeenneerraall TTeerrmmss aanndd\nCCoonnddiittiioonnss ((GGTTCC)) uunnlleessss ootthheerrwwiissee ssuuppeerrsseeddeedd bbyy GGooooddss // SSeerrvviicceess ssppeecciiffiicc SSppeecciiaall TTeerrmmss aanndd CCoonnddiittiioonnss ((SSTTCC)) aanndd// oorr BBIIDD//RReevveerrssee AAuuccttiioonn AAddddiittiioonnaall TTeerrmmss aanndd CCoonnddiittiioonnss\n((AATTCC)),, aass aapppplliiccaabbllee\n22..33AAllll GGeeMM SSeelllleerrss // SSeerrvviiccee PPrroovviiddeerrss aarree mmaannddaatteedd ttoo eennssuurree ccoommpplliiaannccee wwiitthh aallll tthhee aapppplliiccaabbllee llaawwss // aaccttss // rruulleess iinncclluuddiinngg bbuutt nnoott lliimmiitteedd ttoo aallll LLaabboouurr LLaawwss ssuucchh aass TThhee\nMMiinniimmuumm WWaaggeess AAcctt,, 11994488,, TThhee PPaayymmeenntt ooff WWaaggeess AAcctt,, 11993366,, TThhee PPaayymmeenntt ooff BBoonnuuss AAcctt,, 11996655,, TThhee EEqquuaall RReemmuunneerraattiioonn AAcctt,, 11997766,, TThhee PPaayymmeenntt ooff GGrraattuuiittyy AAcctt,, 11997722 eettcc.. AAnnyy\nnnoonn--ccoommpplliiaannccee wwiillll bbee ttrreeaatteedd aass bbrreeaacchh ooff ccoonnttrraacctt aanndd BBuuyyeerr mmaayy ttaakkee ssuuiittaabbllee aaccttiioonnss aass ppeerr GGeeMM CCoonnttrraacctt..\n33.. BBuuyyeerr AAddddeedd BBiidd SSppeecciiffiicc TTeerrmmss aanndd CCoonnddiittiioonnss--\n33..11 GGeenneerriicc::\nOOPPTTIIOONN CCLLAAUUSSEE:: TThhee PPuurrcchhaasseerr rreesseerrvveess tthhee rriigghhtt ttoo iinnccrreeaassee oorr ddeeccrreeaassee tthhee qquuaannttiittyy ttoo bbee oorrddeerreedd uupp ttoo 2255 ppeerrcceenntt ooff bbiidd qquuaannttiittyy aatt tthhee ttiimmee ooff ppllaacceemmeenntt ooff ccoonnttrraacctt.. TThhee\nppuurrcchhaasseerr aallssoo rreesseerrvveess tthhee rriigghhtt ttoo iinnccrreeaassee tthhee oorrddeerreedd qquuaannttiittyy uupp ttoo 2255%% ooff tthhee ccoonnttrraacctteedd qquuaannttiittyy dduurriinngg tthhee ccuurrrreennccyy ooff tthhee ccoonnttrraacctt aatt tthhee ccoonnttrraacctteedd rraatteess.. TThhee ddeelliivveerryy\nppeerriioodd ooff qquuaannttiittyy sshhaallll ccoommmmeennccee ffrroomm tthhee llaasstt ddaattee ooff oorriiggiinnaall ddeelliivveerryy oorrddeerr aanndd iinn ccaasseess wwhheerree ooppttiioonn ccllaauussee iiss eexxeerrcciisseedd dduurriinngg tthhee eexxtteennddeedd ddeelliivveerryy ppeerriioodd tthhee aaddddiittiioonnaall\nttiimmee sshhaallll ccoommmmeennccee ffrroomm tthhee llaasstt ddaattee ooff eexxtteennddeedd ddeelliivveerryy ppeerriioodd.. TThhee aaddddiittiioonnaall ddeelliivveerryy ttiimmee sshhaallll bbee ((IInnccrreeaasseedd qquuaannttiittyy OOrriiggiinnaall qquuaannttiittyy)) OOrriiggiinnaall ddeelliivveerryy ppeerriioodd ((iinn\nddaayyss)),, ssuubbjjeecctt ttoo mmiinniimmuumm ooff 3300 ddaayyss.. IIff tthhee oorriiggiinnaall ddeelliivveerryy ppeerriioodd iiss lleessss tthhaann 3300 ddaayyss,, tthhee aaddddiittiioonnaall ttiimmee eeqquuaallss tthhee oorriiggiinnaall ddeelliivveerryy ppeerriioodd.. TThhee PPuurrcchhaasseerr mmaayy eexxtteenndd tthhiiss\nccaallccuullaatteedd ddeelliivveerryy dduurraattiioonn uupp ttoo tthhee oorriiggiinnaall ddeelliivveerryy ppeerriioodd wwhhiillee eexxeerrcciissiinngg tthhee ooppttiioonn ccllaauussee.. BBiiddddeerrss mmuusstt ccoommppllyy wwiitthh tthheessee tteerrmmss..\n33..22 SSeerrvviiccee && SSuuppppoorrtt::\nDDeeddiiccaatteedd //ttoollll FFrreeee TTeelleepphhoonnee NNoo.. ffoorr SSeerrvviiccee SSuuppppoorrtt :: BBIIDDDDEERR//OOEEMM mmuusstt hhaavvee DDeeddiiccaatteedd//ttoollll FFrreeee TTeelleepphhoonnee NNoo.. ffoorr SSeerrvviiccee SSuuppppoorrtt..\n33..33 SSeerrvviiccee && SSuuppppoorrtt::\nEEssccaallaattiioonn MMaattrriixx FFoorr SSeerrvviiccee SSuuppppoorrtt :: BBiiddddeerr//OOEEMM mmuusstt pprroovviiddee EEssccaallaattiioonn MMaattrriixx ooff TTeelleepphhoonnee NNuummbbeerrss ffoorr SSeerrvviiccee SSuuppppoorrtt..\n33..44 BBuuyyeerr AAddddeedd BBiidd SSppeecciiffiicc AATTCC::\nBBuuyyeerr AAddddeedd tteexxtt bbaasseedd AATTCC ccllaauusseess\na. Bidders are informed to upload the details of (make/model/original brochu\nre/Technical Sheet) of quoted items. Non-compliance may result in disqualific\nation of the bidder.\nb. Competent Authority can call for samples during bid evaluation time. Bidd\ners are bound to comply with stipulated time period. Non-compliance may re\nsult in disqualification of bidder.\nNNoottee:: SSeelllleerrss aarree rreeqquuiirreedd ttoo rraaiissee iinnvvooiicceess oonnlliinnee aass ppeerr tthhee ccoonnttrraacctt tteerrmmss oonn GGeeMM ppoorrttaall.. TTiimmeellyy iinnvvooiiccee ssuubbmmiissssiioonn iiss mmaannddaattoorryy ffoorr ccoommpplliiaanncceess,, ssmmooootthh ppaayymmeenntt pprroocceessssiinngg,,\naanndd wwiillll aallssoo ccoonnttrriibbuuttee ttoo iimmpprroovviinngg tthheeiirr rraattiinnggss..\nNNoottee:: TThhiiss iiss ssyysstteemm ggeenneerraatteedd ffiillee.. NNoo ssiiggnnaattuurree iiss rreeqquuiirreedd.. PPrriinntt oouutt ooff tthhiiss ddooccuummeenntt iiss nnoott vvaalliidd ffoorr ppaayymmeenntt// ttrraannssaaccttiioonn ppuurrppoossee..",
  "tables": [
    {
      "page": 1,
      "table_number": 1,
      "data": [
        [
          "(cid:34)(cid:34) ||OOrrggaanniissaattiioonn DDeettaaiillss\n(cid:67)(cid:68) |Type : State Government\n(cid:75) |Ministry : -\nHealth and Family Welfare Department Jammu and\n(cid:34) |Department :\nKashmir\n|Organisation Name\nGovernment Medical College\n(cid:84) (cid:85) (cid:75)|Office Zone: Baramulla 193101",
          "",
          "",
          "|Designation : Assistant procurement officer1\n(cid:84) |Contact No. : 01952-238139-\n|Email ID : omer.hussain0337@jk.gov.in\n(cid:100) |GSTIN : 01AMRG17649C1DB\nGovernment Medical College & Associated Hospital\n|Address : Kantbagh Baramulla,\nBaramulla, JAMMU & KASHMIR-193103, India",
          "",
          "",
          "",
          ""
        ],
        [
          "(cid:34)(cid:34) (cid:105)(cid:105) (cid:106)(cid:106) (cid:34)(cid:34) (cid:34)(cid:34) ||FFiinnaanncciiaall AApppprroovvaall DDeettaaiill (cid:67)(cid:67) (cid:34)(cid:34) (cid:34)(cid:34) ||PPaayyiinngg AAuutthhoorriittyy DDeettaaiillss\n(cid:34) |IFD Concurrence : Yes Role: BUYER\nPrincipal Government Medical College Baramu Offline\nDesignation of Administrative Payment Mode:\nlla\nApproval: |Designation : Assistant procurement officer1\n(cid:34) (cid:105) | |Email ID : omer.hussain0337@jk.gov.in\nChief Accounts Officer GMC Baramulla\nDesignation of Financial Approval : (cid:100) |GSTIN : 01AMRG17649C1DB\nGovernment Medical College & Associated Hospital\n|Address: Kantbagh Baramulla,\nBaramulla, JAMMU & KASHMIR-193103, India\nPayments shall be made to the seller within 20 days of issue\n|Payment of consignee receipt-cum-acceptance certificate (CRAC) and\nTimelines: on-line submission of bills (This is in supersession of 10-days\ntime as provided in clause 12 of GeM GTC)",
          "",
          "",
          "",
          "",
          "",
          "",
          ""
        ],
        [
          "(cid:34)(cid:34) (cid:16)(cid:16) (cid:34)(cid:34) ||SSeelllleerr DDeettaaiillss\n(cid:34) (cid:16) |GeM Seller ID : E728190000818095\n|Company Name : S.S.SURGICALS\n(cid:84) |Contact No. : 09327023076\n|Email ID : sssurgicals98@yahoo.com\nFORTH FLOOR, 402,SHAGUN COMPLEX,B/H ST. XAVIERS LADIES HOSTEL ,NEAR SWASTIK CROSS ROAD,NAVRANGPURA,\n| Address :\nAhmedabad, GUJARAT-380009, -\n(cid:50) |MSME Registration number : UDYAM-GJ-01-0054182\n(cid:100) |GSTIN: 24ACMPS6277M1ZR (R) , (M)",
          "",
          "",
          "",
          "",
          "",
          "",
          ""
        ],
        [
          "(cid:34) (cid:118) |MSE Social Category : General\n(cid:34) (cid:118) |MSE Gender : Male",
          "",
          "",
          "",
          "",
          "",
          "",
          ""
        ],
        [
          "*(cid:34) (cid:85) (cid:120) GST/TAX (cid:34) |GST / Tax invoice to be raised in the name of - Consignee",
          "",
          "",
          "",
          "",
          "",
          "",
          ""
        ],
        [
          "(cid:34) (cid:34) (cid:124) | Delivery Instructions :\nDeliver to general Store Government Medical College Baramulla, 193101 (7006444059)",
          "",
          "",
          "",
          "",
          "",
          "",
          ""
        ],
        [
          "(cid:126)(cid:126) (cid:34)(cid:34) ||PPrroodduucctt DDeettaaiillss",
          "",
          "",
          "",
          "",
          "",
          "",
          ""
        ],
        [
          "",
          "(cid:34)(cid:34) ||IItteemm DDeessccrriippttiioonn",
          "OOrrddeerreedd\nQQuuaannttiittyy",
          "",
          "",
          "((IINNRR))||\nUUnniitt PPrriiccee\n((IINNRR))",
          "TTaaxx BBiiffuurrccaattiioonn ((IINNRR))",
          "(cid:130) (cid:130)\n((IINNRR (cid:120) (cid:120)\nPPrriiccee\n((IInncclluussiivvee ooff\naallll DDuuttiieess aanndd\nTTaaxxeess iinn IINNRR))"
        ],
        [
          "1",
          "(cid:126)(cid:126) ||PPrroodduucctt NNaammee :: MENDCRYL Absorbabale Suture Polyglactin 910\n(cid:132)(cid:132) ||BBrraanndd :: MENDCRYL\n(cid:132)(cid:132) (cid:67)(cid:67) ||BBrraanndd TTyyppee :: Registered Brand\n(cid:134)(cid:134) (cid:34)(cid:34)(cid:135)(cid:135)(cid:34)(cid:34) ||CCaattaalloogguuee SSttaattuuss:: OEM verified catalogue\n| |SSeelllliinngg AAss :: OEM verified Reseller\n(cid:118)(cid:118) (cid:137) (cid:137) ||CCaatteeggoorryy NNaammee && QQuuaaddrraanntt :: Sutures (V3) (Q2)\n||MMooddeell:: MP2347\n||HHSSNN CCooddee:: HSN not specified by seller",
          "2,400",
          "",
          "pieces",
          "44.98",
          "NA",
          "107,952"
        ],
        [
          "(cid:84) (cid:130) |Total Order Value (in INR)",
          "",
          "",
          "",
          "",
          "",
          "",
          "110077,,995522"
        ]
      ]
    },
    {
      "page": 2,
      "table_number": 1,
      "data": [
        [
          "(cid:34) (cid:34) (cid:34)(cid:34) ||CCoonnssiiggnneeee DDeettaaiill",
          "",
          "",
          "",
          "",
          "",
          "",
          "",
          "",
          ""
        ],
        [
          "(cid:16)(cid:16).. . .||SS..NNoo",
          "(cid:34) (cid:34) ||CCoonnssiiggnneeee",
          "",
          "(cid:106)(cid:106) | |IItteemm",
          "",
          "",
          "(cid:75)(cid:75) ||QQuuaannttiittyy",
          "DDeelliivveerryy SSttaarrtt\nAAfftteerr",
          "",
          "DDeelliivveerryy TToo\nBBee\nCCoommpplleetteedd\nBByy"
        ],
        [
          "1",
          "| Designation : -\n|Email ID : zahoorpau.8033@jk.gov.in\n(cid:84)|Contact : 01952-238140-\n(cid:100) |GSTIN : 01AMRG17649C1DB\n|Address : Government Medical College & Associated Hospital\nKantbagh Baramulla,\nBaramulla, JAMMU & KASHMIR-193103, India",
          "",
          "MENDCRYL Absorbabale\nSuture Polyglactin 910",
          "",
          "",
          "2,400",
          "08-Jan-2026",
          "",
          "23-Jan-2026"
        ],
        [
          "PPrroodduucctt SSppeecciiffiiccaattiioonn ffoorr MMEENNDDCCRRYYLL AAbbssoorrbbaabbaallee SSuuttuurree PPoollyyggllaaccttiinn 991100",
          "",
          "",
          "",
          "",
          "",
          "",
          "",
          "",
          ""
        ],
        [
          "(cid:34)(cid:34) (cid:34)(cid:34) (cid:124)(cid:124) ||SSppeecciifificcaattiioonn",
          "",
          "--(cid:34)(cid:34) (cid:34)(cid:34) (cid:124)(cid:124) ||SSuubb--SSppeecc",
          "",
          "(cid:130) (cid:130) ||VVaalluuee",
          "",
          "",
          "",
          "",
          ""
        ],
        [
          "GENERAL",
          "",
          "Product Description",
          "",
          "Suture",
          "",
          "",
          "",
          "",
          ""
        ],
        [
          "",
          "",
          "Purpose",
          "",
          "Sutures are threads or strands used to stitch tissues together after\nsurgery or injury. They are a crucial part of wound closure, helping to\npromote healing and reduce the risk of infection",
          "",
          "",
          "",
          "",
          ""
        ],
        [
          "",
          "",
          "Sterility",
          "",
          "Sterile",
          "",
          "",
          "",
          "",
          ""
        ],
        [
          "PRODUCT\nINFORMATION",
          "",
          "Type of Suture",
          "",
          "Absorbabale",
          "",
          "",
          "",
          "",
          ""
        ],
        [
          "",
          "",
          "Color of Suture",
          "",
          "Dyed",
          "",
          "",
          "",
          "",
          ""
        ],
        [
          "",
          "",
          "Suture Material (Medical Grade)",
          "",
          "Polyglactin 910",
          "",
          "",
          "",
          "",
          ""
        ],
        [
          "",
          "",
          "Construction",
          "",
          "Multi-filament",
          "",
          "",
          "",
          "",
          ""
        ],
        [
          "",
          "",
          "Antibacterial Coated",
          "",
          "Yes",
          "",
          "",
          "",
          "",
          ""
        ],
        [
          "",
          "",
          "Suture Size",
          "",
          "1",
          "",
          "",
          "",
          "",
          ""
        ],
        [
          "",
          "",
          "Suture Length ( 2cm)",
          "",
          "90 cm",
          "",
          "",
          "",
          "",
          ""
        ],
        [
          "",
          "",
          "Needle",
          "",
          "Single Arm Needle",
          "",
          "",
          "",
          "",
          ""
        ],
        [
          "",
          "",
          "Type of Needle",
          "",
          "Round Bodied",
          "",
          "",
          "",
          "",
          ""
        ],
        [
          "",
          "",
          "Needle Length ( 0.5mm)",
          "",
          "40 mm",
          "",
          "",
          "",
          "",
          ""
        ],
        [
          "",
          "",
          "Needle Shape (Curvature)",
          "",
          "1/2 circle",
          "",
          "",
          "",
          "",
          ""
        ],
        [
          "",
          "",
          "Pledgets",
          "",
          "No",
          "",
          "",
          "",
          "",
          ""
        ],
        [
          "PACKING",
          "",
          "Number of strands in a suture foil",
          "",
          "1",
          "",
          "",
          "",
          "",
          ""
        ],
        [
          "CERTIFICATIONS",
          "",
          "Compliance to Medical Device Rules (MDR) 2017 as amended till date",
          "",
          "Yes",
          "",
          "",
          "",
          "",
          ""
        ],
        [
          "",
          "",
          "Availability of valid medical device license for the product issued from the\ncompetent authority defined under Drugs and Cosmetic Act 1940 and Rules\nmade there under as amended till date",
          "",
          "Yes",
          "",
          "",
          "",
          "",
          ""
        ],
        [
          "",
          "",
          "Valid Medical Device License Number",
          "",
          "MFG/MD/2021/000190",
          "",
          "",
          "",
          "",
          ""
        ],
        [
          "",
          "",
          "Manufacturer Certification",
          "",
          "ISO:13485 (Latest)",
          "",
          "",
          "",
          "",
          ""
        ],
        [
          "",
          "",
          "Availability of Test Report for each supplied batch/product as per Medical\nDevice Rules (MDR) 2017 as amended till date",
          "",
          "Yes",
          "",
          "",
          "",
          "",
          ""
        ],
        [
          "",
          "",
          "Submission of all necessary certifications, licenses and test reports to the\nbuyer at the time of bid submission and/or along with supplies as per buyer\nrequirement",
          "",
          "Yes",
          "",
          "",
          "",
          "",
          ""
        ],
        [
          "SHELF LIFE",
          "",
          "Shelf life in months from the date of manufacture",
          "",
          "60 month",
          "",
          "",
          "",
          "",
          ""
        ],
        [
          "",
          "",
          "Minimum shelf life of the product at the time of delivery to the consignee",
          "",
          "3/4 th of Total Shelf Life",
          "",
          "",
          "",
          "",
          ""
        ],
        [
          "ADVANCE SAMPLE",
          "",
          "Agree to provide advance sample of the product for buyer's approval after\naward of contract and before commencement of supply in case of bidding\nonly",
          "",
          "Yes",
          "",
          "",
          "",
          "",
          ""
        ],
        [
          "ADDITIONAL\nREQUIREMENTS",
          "",
          "Additional Requirement",
          "",
          "NA",
          "",
          "",
          "",
          "",
          ""
        ],
        [
          "(cid:134)(cid:134)-- (cid:34)(cid:34) (cid:34)(cid:34)(cid:145)(cid:145) (cid:146)(cid:146)(cid:147)(cid:147) ||TTeecchhnnoo--CCoommmmeerrcciiaall CCllaarriifificcaattiioonn :: Click here to download",
          "",
          "",
          "",
          "",
          "",
          "",
          "",
          "",
          ""
        ]
      ]
    },
    {
      "page": 3,
      "table_number": 1,
      "data": [
        [
          "(cid:158) (cid:158) || AAddvviissoorryy BBaannkk :: NA",
          ""
        ],
        [
          "(cid:67)(cid:67)(cid:34)(cid:34) ((%%)) || eePPBBGG PPeerrcceennttaaggee((%%))::",
          "NA"
        ],
        [
          "(cid:34)(cid:34) (cid:148)|(cid:148)|TTeerrmmss aanndd CCoonnddiittiioonnss\n11.. SSppeecciiaall tteerrmmss aanndd ccoonnddiittiioonnss-- VVeerrssiioonn::22 eeffffeeccttiivvee ffrroomm 1100--0077--22002244\n11..11 11.. AAllll PPrroovviissiioonnss ooff DDrruuggss aanndd CCoossmmeettiiccss AAcctt,, 11994400 aanndd RRuulleess ((iinncclluuddiinngg MMeeddiiccaall DDeevviiccee RRuullee 22001177)) mmaaddee tthheerree uunnddeerr aass aammeennddeedd ttiillll ddaattee wwiillll aallwwaayyss bbee aapppplliiccaabbllee.. TThhiiss\nwwiillll iinncclluuddee aallll nnoottiiffiiccaattiioonnss iissssuueedd bbyy CCeennttrraall DDrruuggss SSttaannddaarrdd CCoonnttrrooll OOrrggaanniizzaattiioonn ((CCDDSSCCOO)),, MMiinniissttrryy ooff HHeeaalltthh && FFaammiillyy WWeellffaarree ((MMooHHFFWW)) aanndd DDeeppaarrttmmeenntt ooff\nPPhhaarrmmaacceeuuttiiccaallss ((DDOOPP)),, MMiinniissttrryy ooff CChheemmiiccaallss && FFeerrttiilliizzeerrss ttiimmee ttoo ttiimmee iinn tthhiiss rreeggaarrdd..\n22.. TThhee sseelllleerrss aarree rreeggiisstteerreedd oonn GGeeMM bbaasseedd oonn sseellff--ddeeccllaarraattiioonn ooff vvaalliidd MMeeddiiccaall DDeevviiccee LLiicceennssee,, pprroodduucctt cceerrttiiffiiccaattiioonn,, tteesstt rreeppoorrttss eettcc.. HHoowweevveerr,, bbuuyyeerrss mmuusstt cchheecckk aanndd\nvvaalliiddaattee tthhee ddeettaaiillss aatt tthheeiirr eenndd ffoorr aallll aapppplliiccaabbllee lliicceennsseess aanndd cceerrttiiffiiccaattiioonnss ee..gg..,, vvaalliiddiittyy aanndd aauutthheennttiicciittyy//ggeennuuiinneenneessss ooff lliicceennssee,, pprroodduucctt cceerrttiiffiiccaattiioonn,, mmaannuuffaaccttuurreerr\ncceerrttiiffiiccaattiioonn//lliicceennsseess,, tteesstt rreeppoorrttss eettcc..\n33.. IInn ccaassee ooff aauutthhoorriizzeedd rreesseelllleerrss//ddiissttrriibbuuttoorrss,, iitt wwiillll bbee tthhee lleeggaall && rreegguullaattoorryy lliiaabbiilliittyy ooff tthhee mmaannuuffaaccttuurreerr ttoo eennssuurree tthhaatt tthheeiirr rreesseelllleerrss//ddiissttrriibbuuttoorrss aarree ooppeerraattiinngg iinn\nccoommpplliiaannccee wwiitthh aallll rreelleevvaanntt llaawwss aanndd rreegguullaattiioonnss aanndd aarree pprrooppeerrllyy lliicceennsseedd ttoo sseellll tthhee mmaannuuffaaccttuurreerr''ss pprroodduuccttss,, iinncclluuddiinngg vveerriiffyyiinngg tthhee vvaalliiddiittyy aanndd aauutthheennttiicciittyy ooff\nMMeeddiiccaall DDeevviiccee LLiicceennssee lliicceennssee hheelldd bbyy tthheemm..\n44.. TThhee pprriiccee ooffffeerreedd bbyy tthhee sseelllleerr//bbiiddddeerr sshhaallll nnoott,, iinn aannyy ccaassee eexxcceeeedd tthhee DDPPCCOO//NNPPPPAA ccoonnttrroolllleedd pprriiccee oorr pprriiccee ffiixxeedd bbyy SSttaattee GGoovveerrnnmmeenntt,, iiff aannyy.. TThhee sseelllleerr mmuusstt rreedduuccee\ntthhee pprriicceess iiff tthheerree iiss aannyy rreedduuccttiioonn iinn DDPPCCOO//NNPPPPAA cceeiilliinngg pprriiccee oorr pprriiccee ffiixxeedd bbyy SSttaattee GGoovveerrnnmmeenntt,, iiff aannyy..\n55.. AAnnyy ootthheerr TTeerrmmss aanndd CCoonnddiittiioonnss wwhhiicchh iiss nnoott iinncclluuddeedd oorr aatt vvaarriiaannccee wwiitthh tthhee ccoonnddiittiioonnss ssppeecciiffiieedd iinn SSTTCC//GGTTCC,, mmaayy bbee aaddddeedd bbyy tthhee bbuuyyeerr tthhrroouugghh AAddddiittiioonnaall TTeerrmmss\naanndd CCoonnddiittiioonnss ((AATTCC)) iinn tthhee bbiidd ttoo eennssuurree iitteemmss aarree pprrooccuurreedd ffrroomm aauutthheennttiicc//vvaalliiddaatteedd ssoouurrccee wwiitthh aapppprroopprriiaattee aanndd aapppplliiccaabbllee qquuaalliittyy.. TThhee aabboovvee tteerrmmss aanndd\nccoonnddiittiioonnss aarree iinn rreevveerrssee oorrddeerr ooff pprreecceeddeennccee ii..ee.. AATTCC sshhaallll ssuuppeerrsseeddee ssppeecciiffiicc SSTTCC wwhhiicchh sshhaallll ssuuppeerrsseeddee GGeenneerraall TTeerrmmss aanndd CCoonnddiittiioonnss ((GGTTCC)),, wwhheenneevveerr tthheerree aarree\naannyy ccoonnfflliiccttiinngg pprroovviissiioonnss..\n22.. GGeenneerraall TTeerrmmss aanndd CCoonnddiittiioonnss--\n22..11TThhiiss ccoonnttrraacctt iiss ggoovveerrnneedd bbyy tthhee GGeenneerraall TTeerrmmss aanndd CCoonnddiittiioonnss,, ccoonnddiittiioonnss ssttiippuullaatteedd ttoo tthhiiss PPrroodduucctt//SSeerrvviiccee aass pprroovviiddeedd iinn tthhee MMaarrkkeettppllaaccee..\n22..22TThhiiss CCoonnttrraacctt bbeettwweeeenn tthhee SSeelllleerr aanndd tthhee BBuuyyeerr,, iiss ffoorr tthhee ssuuppppllyy ooff tthhee GGooooddss aanndd// oorr SSeerrvviicceess,, ddeettaaiilleedd iinn tthhee sscchheedduullee aabboovvee,, iinn aaccccoorrddaannccee wwiitthh tthhee GGeenneerraall TTeerrmmss aanndd\nCCoonnddiittiioonnss ((GGTTCC)) uunnlleessss ootthheerrwwiissee ssuuppeerrsseeddeedd bbyy GGooooddss // SSeerrvviicceess ssppeecciiffiicc SSppeecciiaall TTeerrmmss aanndd CCoonnddiittiioonnss ((SSTTCC)) aanndd// oorr BBIIDD//RReevveerrssee AAuuccttiioonn AAddddiittiioonnaall TTeerrmmss aanndd CCoonnddiittiioonnss\n((AATTCC)),, aass aapppplliiccaabbllee\n22..33AAllll GGeeMM SSeelllleerrss // SSeerrvviiccee PPrroovviiddeerrss aarree mmaannddaatteedd ttoo eennssuurree ccoommpplliiaannccee wwiitthh aallll tthhee aapppplliiccaabbllee llaawwss // aaccttss // rruulleess iinncclluuddiinngg bbuutt nnoott lliimmiitteedd ttoo aallll LLaabboouurr LLaawwss ssuucchh aass TThhee\nMMiinniimmuumm WWaaggeess AAcctt,, 11994488,, TThhee PPaayymmeenntt ooff WWaaggeess AAcctt,, 11993366,, TThhee PPaayymmeenntt ooff BBoonnuuss AAcctt,, 11996655,, TThhee EEqquuaall RReemmuunneerraattiioonn AAcctt,, 11997766,, TThhee PPaayymmeenntt ooff GGrraattuuiittyy AAcctt,, 11997722 eettcc.. AAnnyy\nnnoonn--ccoommpplliiaannccee wwiillll bbee ttrreeaatteedd aass bbrreeaacchh ooff ccoonnttrraacctt aanndd BBuuyyeerr mmaayy ttaakkee ssuuiittaabbllee aaccttiioonnss aass ppeerr GGeeMM CCoonnttrraacctt..\n33.. BBuuyyeerr AAddddeedd BBiidd SSppeecciiffiicc TTeerrmmss aanndd CCoonnddiittiioonnss--\n33..11 GGeenneerriicc::\nOOPPTTIIOONN CCLLAAUUSSEE:: TThhee PPuurrcchhaasseerr rreesseerrvveess tthhee rriigghhtt ttoo iinnccrreeaassee oorr ddeeccrreeaassee tthhee qquuaannttiittyy ttoo bbee oorrddeerreedd uupp ttoo 2255 ppeerrcceenntt ooff bbiidd qquuaannttiittyy aatt tthhee ttiimmee ooff ppllaacceemmeenntt ooff ccoonnttrraacctt.. TThhee\nppuurrcchhaasseerr aallssoo rreesseerrvveess tthhee rriigghhtt ttoo iinnccrreeaassee tthhee oorrddeerreedd qquuaannttiittyy uupp ttoo 2255%% ooff tthhee ccoonnttrraacctteedd qquuaannttiittyy dduurriinngg tthhee ccuurrrreennccyy ooff tthhee ccoonnttrraacctt aatt tthhee ccoonnttrraacctteedd rraatteess.. TThhee ddeelliivveerryy\nppeerriioodd ooff qquuaannttiittyy sshhaallll ccoommmmeennccee ffrroomm tthhee llaasstt ddaattee ooff oorriiggiinnaall ddeelliivveerryy oorrddeerr aanndd iinn ccaasseess wwhheerree ooppttiioonn ccllaauussee iiss eexxeerrcciisseedd dduurriinngg tthhee eexxtteennddeedd ddeelliivveerryy ppeerriioodd tthhee aaddddiittiioonnaall\nttiimmee sshhaallll ccoommmmeennccee ffrroomm tthhee llaasstt ddaattee ooff eexxtteennddeedd ddeelliivveerryy ppeerriioodd.. TThhee aaddddiittiioonnaall ddeelliivveerryy ttiimmee sshhaallll bbee ((IInnccrreeaasseedd qquuaannttiittyy OOrriiggiinnaall qquuaannttiittyy)) OOrriiggiinnaall ddeelliivveerryy ppeerriioodd ((iinn\nddaayyss)),, ssuubbjjeecctt ttoo mmiinniimmuumm ooff 3300 ddaayyss.. IIff tthhee oorriiggiinnaall ddeelliivveerryy ppeerriioodd iiss lleessss tthhaann 3300 ddaayyss,, tthhee aaddddiittiioonnaall ttiimmee eeqquuaallss tthhee oorriiggiinnaall ddeelliivveerryy ppeerriioodd.. TThhee PPuurrcchhaasseerr mmaayy eexxtteenndd tthhiiss\nccaallccuullaatteedd ddeelliivveerryy dduurraattiioonn uupp ttoo tthhee oorriiggiinnaall ddeelliivveerryy ppeerriioodd wwhhiillee eexxeerrcciissiinngg tthhee ooppttiioonn ccllaauussee.. BBiiddddeerrss mmuusstt ccoommppllyy wwiitthh tthheessee tteerrmmss..\n33..22 SSeerrvviiccee && SSuuppppoorrtt::\nDDeeddiiccaatteedd //ttoollll FFrreeee TTeelleepphhoonnee NNoo.. ffoorr SSeerrvviiccee SSuuppppoorrtt :: BBIIDDDDEERR//OOEEMM mmuusstt hhaavvee DDeeddiiccaatteedd//ttoollll FFrreeee TTeelleepphhoonnee NNoo.. ffoorr SSeerrvviiccee SSuuppppoorrtt..\n33..33 SSeerrvviiccee && SSuuppppoorrtt::\nEEssccaallaattiioonn MMaattrriixx FFoorr SSeerrvviiccee SSuuppppoorrtt :: BBiiddddeerr//OOEEMM mmuusstt pprroovviiddee EEssccaallaattiioonn MMaattrriixx ooff TTeelleepphhoonnee NNuummbbeerrss ffoorr SSeerrvviiccee SSuuppppoorrtt..\n33..44 BBuuyyeerr AAddddeedd BBiidd SSppeecciiffiicc AATTCC::\nBBuuyyeerr AAddddeedd tteexxtt bbaasseedd AATTCC ccllaauusseess\na. Bidders are informed to upload the details of (make/model/original brochu\nre/Technical Sheet) of quoted items. Non-compliance may result in disqualific\nation of the bidder.\nb. Competent Authority can call for samples during bid evaluation time. Bidd\ners are bound to comply with stipulated time period. Non-compliance may re\nsult in disqualification of bidder.",
          ""
        ],
        [
          "NNoottee:: SSeelllleerrss aarree rreeqquuiirreedd ttoo rraaiissee iinnvvooiicceess oonnlliinnee aass ppeerr tthhee ccoonnttrraacctt tteerrmmss oonn GGeeMM ppoorrttaall.. TTiimmeellyy iinnvvooiiccee ssuubbmmiissssiioonn iiss mmaannddaattoorryy ffoorr ccoommpplliiaanncceess,, ssmmooootthh ppaayymmeenntt pprroocceessssiinngg,,\naanndd wwiillll aallssoo ccoonnttrriibbuuttee ttoo iimmpprroovviinngg tthheeiirr rraattiinnggss..",
          ""
        ],
        [
          "NNoottee:: TThhiiss iiss ssyysstteemm ggeenneerraatteedd ffiillee.. NNoo ssiiggnnaattuurree iiss rreeqquuiirreedd.. PPrriinntt oouutt ooff tthhiiss ddooccuummeenntt iiss nnoott vvaalliidd ffoorr ppaayymmeenntt// ttrraannssaaccttiioonn ppuurrppoossee..",
          ""
        ]
      ]
    }
  ],
  "table_count": 3,
  "total_pages": 3
}