{
  "source_file": "GEMC-511687737198073.pdf",
  "extraction_date": "2026-01-15T00:35:08.547947",
  "extraction_method": "pdfplumber",
  "metadata": {
    "Title": "Contract",
    "Creator": "wkhtmltopdf 0.12.4",
    "Producer": "Qt 4.8.7",
    "CreationDate": "D:20260108151102+05'30'"
  },
  "text_content": "(cid:16)(cid:16) ||CCoonnttrraacctt NNoo:: GEMC-511687737198073\n(cid:34)(cid:34) (cid:34)(cid:34) ||GGeenneerraatteedd DDaattee :: 08-Jan-2026\n(cid:34)(cid:34) ||OOrrggaanniissaattiioonn DDeettaaiillss (cid:34)(cid:34) ||BBuuyyeerr DDeettaaiillss\n(cid:53)(cid:54) |Type : State Government |Designation : SMO\n(cid:62) |Ministry : - (cid:75) |Contact No. : 94582-82244-\nMedical Health and Family Welfare Department Uttar |Email ID : shashank2002.mp@up.gov.in\n(cid:34) |Department :\nPradesh (cid:98) |GSTIN : -\n|Organisation DISTRICT FEMALE HOSPITAL MAINPURI,\nN/A |Address :\nName : Mainpuri, UTTAR PRADESH-205001, India\n(cid:75) (cid:76) (cid:62)|Office Zone: DISTRICT FEMALE HOSPITAL MAINPURI\n(cid:34)(cid:34) (cid:100)(cid:100) (cid:101)(cid:101) (cid:34)(cid:34) (cid:34)(cid:34) ||FFiinnaanncciiaall AApppprroovvaall DDeettaaiill (cid:53)(cid:53) (cid:34)(cid:34) (cid:34)(cid:34) ||PPaayyiinngg AAuutthhoorriittyy DDeettaaiillss\n(cid:34) |IFD Concurrence : No Role: BUYER\nC.M.S DISTRICT FEMALE HOSPITAL Offline\nDesignation of Administrative Payment Mode:\nMAINPURI\nApproval: |Designation : SMO\n(cid:34) (cid:100) | C.M.S DISTRICT FEMALE HOSPITAL |Email ID : shashank2002.mp@up.gov.in\nDesignation of Financial Approval : MAINPURI (cid:98) |GSTIN : -\nDISTRICT FEMALE HOSPITAL MAINPURI,\n|Address:\nMainpuri, UTTAR PRADESH-205001, India\n(cid:34)(cid:34) (cid:16)(cid:16) (cid:34)(cid:34) ||SSeelllleerr DDeettaaiillss\n(cid:34) (cid:16) |GeM Seller ID : 8AD6180000593530\n|Company Name : M/S SNEH ENTERPRISES\n(cid:75) |Contact No. : 08630139085\n|Email ID : akashporwal223@gmail.com\nTILAK NAGAR,Firozabad,\n| Address :\nFirozabad, UTTAR PRADESH-283203, -\n(cid:112) |MSME Registration number : -\n(cid:98) |GSTIN: 09CWJPP3378M1ZM (R) , (G)\n*(cid:34) (cid:76) (cid:116) GST/TAX (cid:34) |GST / Tax invoice to be raised in the name of - Buyer\n(cid:34) (cid:34) (cid:121) | Delivery Instructions :\nbest quality and soon supply\n(cid:124)(cid:124) (cid:34)(cid:34) ||PPrroodduucctt DDeettaaiillss\n(cid:128) (cid:128)\n((IINNRR (cid:116) (cid:116)\n## (cid:34)(cid:34) ||IItteemm DDeessccrriippttiioonn\nOOrrddeerreedd UUnniitt UUnniitt PPrriiccee TTaaxx BBiiffuurrccaattiioonn ((IINNRR)) PPrriiccee\nQQuuaannttiittyy ((IINNRR)) ((IInncclluussiivvee ooff\naallll DDuuttiieess aanndd\nTTaaxxeess iinn IINNRR))\n(cid:124)(cid:124) ||PPrroodduucctt NNaammee :: Filamide Non-Absorbable Suture Polyamide\n(cid:130)(cid:130) ||BBrraanndd :: Filamide\n(cid:130)(cid:130) (cid:53)(cid:53) ||BBrraanndd TTyyppee :: Registered Brand\n(cid:132)(cid:132) (cid:34)(cid:34)(cid:133)(cid:133)(cid:34)(cid:34) ||CCaattaalloogguuee SSttaattuuss:: OEM verified catalogue\n1 240 pieces 208 NA 49,920\n| |SSeelllliinngg AAss :: OEM verified Reseller\n(cid:135)(cid:135) (cid:136) (cid:136) ||CCaatteeggoorryy NNaammee && QQuuaaddrraanntt :: Sutures (V3) (Q2)\n||MMooddeell:: FILAMIDE NYL40 3326XL\n||HHSSNN CCooddee:: HSN not specified by seller\n(cid:75) (cid:128) |Total Order Value (in INR) 4499,,992200\n(cid:34) (cid:34) (cid:34)(cid:34) ||CCoonnssiiggnneeee DDeettaaiill\n(cid:16)(cid:16).. . .||SS..NNoo (cid:34) (cid:34) ||CCoonnssiiggnneeee (cid:101)(cid:101) | |IItteemm (cid:62)(cid:62) ||QQuuaannttiittyy\nLLoott NNoo.. BBee\nDDeelliivveerryy SSttaarrtt CCoommpplleetteedd\nAAfftteerr BByy\n| Designation : PHARMACIST\n|Email ID : buyer147.mhfwdup.up@gembuyer.in\nFilamide Non-\n(cid:75)|Contact : -\n1 Absorbable Suture - 240 08-Jan-2026 23-Jan-2026\nPolyamide\n|Address : DISTRICT FEMALE HOSPITAL MAINPURI,\nMainpuri, UTTAR PRADESH-205001, India\nPPrroodduucctt SSppeecciiffiiccaattiioonn ffoorr FFiillaammiiddee NNoonn--AAbbssoorrbbaabbllee SSuuttuurree PPoollyyaammiiddee\n(cid:34)(cid:34) (cid:34)(cid:34) (cid:121)(cid:121) ||SSppeecciifificcaattiioonn --(cid:34)(cid:34) (cid:34)(cid:34) (cid:121)(cid:121) ||SSuubb--SSppeecc (cid:128) (cid:128) ||VVaalluuee\nProduct Description Suture\nSutures are threads or strands used to stitch tissues together after\nGENERAL Purpose surgery or injury. They are a crucial part of wound closure, helping to\npromote healing and reduce the risk of infection\nSterility Sterile\nType of Suture Non-Absorbable\nColor of Suture Dyed\nSuture Material (Medical Grade) Polyamide\nConstruction Mono-filament\nAntibacterial Coated No\nSuture Size 4-0\nPRODUCT\nINFORMATION\nSuture Length ( 2cm) 70 cm\nNeedle Single Arm Needle\nType of Needle Reverse Cutting\nNeedle Length ( 0.5mm) 10 mm\nNeedle Shape (Curvature) 3/8 circle\nPledgets No\nPACKING Number of strands in a suture foil 1\nCompliance to Medical Device Rules (MDR) 2017 as amended till date Yes\nAvailability of valid medical device license for the product issued from the\ncompetent authority defined under Drugs and Cosmetic Act 1940 and Rules Yes\nmade there under as amended till date\nValid Medical Device License Number MFG/MD/2018/000027\nCERTIFICATIONS\nManufacturer Certification ISO:13485 (Latest)\nAvailability of Test Report for each supplied batch/product as per Medical\nYes\nDevice Rules (MDR) 2017 as amended till date\nSubmission of all necessary certifications, licenses and test reports to the\nbuyer at the time of bid submission and/or along with supplies as per buyer Yes\nrequirement\nShelf life in months from the date of manufacture 60 month\nSHELF LIFE\nMinimum shelf life of the product at the time of delivery to the consignee 3/4 th of Total Shelf Life\nAgree to provide advance sample of the product for buyer's approval after\nADVANCE SAMPLE award of contract and before commencement of supply in case of bidding Yes\nonly\nADDITIONAL\nAdditional Requirement NA\nREQUIREMENTS\nNNAA\n(cid:34)(cid:34) (cid:145)|(cid:145)|TTeerrmmss aanndd CCoonnddiittiioonnss\n11.. SSppeecciiaall tteerrmmss aanndd ccoonnddiittiioonnss-- VVeerrssiioonn::22 eeffffeeccttiivvee ffrroomm 1100--0077--22002244\n11..11 11.. AAllll PPrroovviissiioonnss ooff DDrruuggss aanndd CCoossmmeettiiccss AAcctt,, 11994400 aanndd RRuulleess ((iinncclluuddiinngg MMeeddiiccaall DDeevviiccee RRuullee 22001177)) mmaaddee tthheerree uunnddeerr aass aammeennddeedd ttiillll ddaattee wwiillll aallwwaayyss bbee aapppplliiccaabbllee.. TThhiiss\nwwiillll iinncclluuddee aallll nnoottiiffiiccaattiioonnss iissssuueedd bbyy CCeennttrraall DDrruuggss SSttaannddaarrdd CCoonnttrrooll OOrrggaanniizzaattiioonn ((CCDDSSCCOO)),, MMiinniissttrryy ooff HHeeaalltthh && FFaammiillyy WWeellffaarree ((MMooHHFFWW)) aanndd DDeeppaarrttmmeenntt ooff\nPPhhaarrmmaacceeuuttiiccaallss ((DDOOPP)),, MMiinniissttrryy ooff CChheemmiiccaallss && FFeerrttiilliizzeerrss ttiimmee ttoo ttiimmee iinn tthhiiss rreeggaarrdd..\n22.. TThhee sseelllleerrss aarree rreeggiisstteerreedd oonn GGeeMM bbaasseedd oonn sseellff--ddeeccllaarraattiioonn ooff vvaalliidd MMeeddiiccaall DDeevviiccee LLiicceennssee,, pprroodduucctt cceerrttiiffiiccaattiioonn,, tteesstt rreeppoorrttss eettcc.. HHoowweevveerr,, bbuuyyeerrss mmuusstt cchheecckk aanndd\nvvaalliiddaattee tthhee ddeettaaiillss aatt tthheeiirr eenndd ffoorr aallll aapppplliiccaabbllee lliicceennsseess aanndd cceerrttiiffiiccaattiioonnss ee..gg..,, vvaalliiddiittyy aanndd aauutthheennttiicciittyy//ggeennuuiinneenneessss ooff lliicceennssee,, pprroodduucctt cceerrttiiffiiccaattiioonn,, mmaannuuffaaccttuurreerr\ncceerrttiiffiiccaattiioonn//lliicceennsseess,, tteesstt rreeppoorrttss eettcc..\n33.. IInn ccaassee ooff aauutthhoorriizzeedd rreesseelllleerrss//ddiissttrriibbuuttoorrss,, iitt wwiillll bbee tthhee lleeggaall && rreegguullaattoorryy lliiaabbiilliittyy ooff tthhee mmaannuuffaaccttuurreerr ttoo eennssuurree tthhaatt tthheeiirr rreesseelllleerrss//ddiissttrriibbuuttoorrss aarree ooppeerraattiinngg iinn\nccoommpplliiaannccee wwiitthh aallll rreelleevvaanntt llaawwss aanndd rreegguullaattiioonnss aanndd aarree pprrooppeerrllyy lliicceennsseedd ttoo sseellll tthhee mmaannuuffaaccttuurreerr''ss pprroodduuccttss,, iinncclluuddiinngg vveerriiffyyiinngg tthhee vvaalliiddiittyy aanndd aauutthheennttiicciittyy ooff\nMMeeddiiccaall DDeevviiccee LLiicceennssee lliicceennssee hheelldd bbyy tthheemm..\n44.. TThhee pprriiccee ooffffeerreedd bbyy tthhee sseelllleerr//bbiiddddeerr sshhaallll nnoott,, iinn aannyy ccaassee eexxcceeeedd tthhee DDPPCCOO//NNPPPPAA ccoonnttrroolllleedd pprriiccee oorr pprriiccee ffiixxeedd bbyy SSttaattee GGoovveerrnnmmeenntt,, iiff aannyy.. TThhee sseelllleerr mmuusstt rreedduuccee\ntthhee pprriicceess iiff tthheerree iiss aannyy rreedduuccttiioonn iinn DDPPCCOO//NNPPPPAA cceeiilliinngg pprriiccee oorr pprriiccee ffiixxeedd bbyy SSttaattee GGoovveerrnnmmeenntt,, iiff aannyy..\n55.. AAnnyy ootthheerr TTeerrmmss aanndd CCoonnddiittiioonnss wwhhiicchh iiss nnoott iinncclluuddeedd oorr aatt vvaarriiaannccee wwiitthh tthhee ccoonnddiittiioonnss ssppeecciiffiieedd iinn SSTTCC//GGTTCC,, mmaayy bbee aaddddeedd bbyy tthhee bbuuyyeerr tthhrroouugghh AAddddiittiioonnaall TTeerrmmss\naanndd CCoonnddiittiioonnss ((AATTCC)) iinn tthhee bbiidd ttoo eennssuurree iitteemmss aarree pprrooccuurreedd ffrroomm aauutthheennttiicc//vvaalliiddaatteedd ssoouurrccee wwiitthh aapppprroopprriiaattee aanndd aapppplliiccaabbllee qquuaalliittyy.. TThhee aabboovvee tteerrmmss aanndd\nccoonnddiittiioonnss aarree iinn rreevveerrssee oorrddeerr ooff pprreecceeddeennccee ii..ee.. AATTCC sshhaallll ssuuppeerrsseeddee ssppeecciiffiicc SSTTCC wwhhiicchh sshhaallll ssuuppeerrsseeddee GGeenneerraall TTeerrmmss aanndd CCoonnddiittiioonnss ((GGTTCC)),, wwhheenneevveerr tthheerree aarree\naannyy ccoonnfflliiccttiinngg pprroovviissiioonnss..\n22.. GGeenneerraall TTeerrmmss aanndd CCoonnddiittiioonnss--\n22..11TThhiiss ccoonnttrraacctt iiss ggoovveerrnneedd bbyy tthhee GGeenneerraall TTeerrmmss aanndd CCoonnddiittiioonnss,, ccoonnddiittiioonnss ssttiippuullaatteedd ttoo tthhiiss PPrroodduucctt//SSeerrvviiccee aass pprroovviiddeedd iinn tthhee MMaarrkkeettppllaaccee..\n22..22TThhiiss CCoonnttrraacctt bbeettwweeeenn tthhee SSeelllleerr aanndd tthhee BBuuyyeerr,, iiss ffoorr tthhee ssuuppppllyy ooff tthhee GGooooddss aanndd// oorr SSeerrvviicceess,, ddeettaaiilleedd iinn tthhee sscchheedduullee aabboovvee,, iinn aaccccoorrddaannccee wwiitthh tthhee GGeenneerraall TTeerrmmss aanndd\nCCoonnddiittiioonnss ((GGTTCC)) uunnlleessss ootthheerrwwiissee ssuuppeerrsseeddeedd bbyy GGooooddss // SSeerrvviicceess ssppeecciiffiicc SSppeecciiaall TTeerrmmss aanndd CCoonnddiittiioonnss ((SSTTCC)) aanndd// oorr BBIIDD//RReevveerrssee AAuuccttiioonn AAddddiittiioonnaall TTeerrmmss aanndd CCoonnddiittiioonnss\n((AATTCC)),, aass aapppplliiccaabbllee\n22..33AAllll GGeeMM SSeelllleerrss // SSeerrvviiccee PPrroovviiddeerrss aarree mmaannddaatteedd ttoo eennssuurree ccoommpplliiaannccee wwiitthh aallll tthhee aapppplliiccaabbllee llaawwss // aaccttss // rruulleess iinncclluuddiinngg bbuutt nnoott lliimmiitteedd ttoo aallll LLaabboouurr LLaawwss ssuucchh aass TThhee\nMMiinniimmuumm WWaaggeess AAcctt,, 11994488,, TThhee PPaayymmeenntt ooff WWaaggeess AAcctt,, 11993366,, TThhee PPaayymmeenntt ooff BBoonnuuss AAcctt,, 11996655,, TThhee EEqquuaall RReemmuunneerraattiioonn AAcctt,, 11997766,, TThhee PPaayymmeenntt ooff GGrraattuuiittyy AAcctt,, 11997722 eettcc.. AAnnyy\nnnoonn--ccoommpplliiaannccee wwiillll bbee ttrreeaatteedd aass bbrreeaacchh ooff ccoonnttrraacctt aanndd BBuuyyeerr mmaayy ttaakkee ssuuiittaabbllee aaccttiioonnss aass ppeerr GGeeMM CCoonnttrraacctt..\nNNoottee:: Sellers are required to raise invoices online as per the contract terms on GeM portal. Timely invoice submission is mandatory for compliances, smooth payment processing,\nand will also contribute to improving their ratings.\nNote: This is system generated file. No signature is required. Print out of this document is not valid for payment/ transaction purpose.",
  "tables": [
    {
      "page": 1,
      "table_number": 1,
      "data": [
        [
          "(cid:34)(cid:34) ||OOrrggaanniissaattiioonn DDeettaaiillss\n(cid:53)(cid:54) |Type : State Government\n(cid:62) |Ministry : -\nMedical Health and Family Welfare Department Uttar\n(cid:34) |Department :\nPradesh\nN/A\nName :\n(cid:75) (cid:76) (cid:62)|Office Zone: DISTRICT FEMALE HOSPITAL MAINPURI",
          "",
          "",
          "",
          "",
          "|Designation : SMO\n(cid:75) |Contact No. : 94582-82244-\n|Email ID : shashank2002.mp@up.gov.in\nDISTRICT FEMALE HOSPITAL MAINPURI,\n|Address :\nMainpuri, UTTAR PRADESH-205001, India",
          "",
          "",
          "",
          "",
          "",
          "",
          ""
        ],
        [
          "(cid:34)(cid:34) (cid:100)(cid:100) (cid:101)(cid:101) (cid:34)(cid:34) (cid:34)(cid:34) ||FFiinnaanncciiaall AApppprroovvaall DDeettaaiill (cid:53)(cid:53) (cid:34)(cid:34) (cid:34)(cid:34) ||PPaayyiinngg AAuutthhoorriittyy DDeettaaiillss\n(cid:34) |IFD Concurrence : No Role: BUYER\nC.M.S DISTRICT FEMALE HOSPITAL Offline\nDesignation of Administrative Payment Mode:\nMAINPURI\nApproval: |Designation : SMO\n(cid:34) (cid:100) | C.M.S DISTRICT FEMALE HOSPITAL |Email ID : shashank2002.mp@up.gov.in\nDesignation of Financial Approval : MAINPURI (cid:98) |GSTIN : -\nDISTRICT FEMALE HOSPITAL MAINPURI,\n|Address:\nMainpuri, UTTAR PRADESH-205001, India",
          "",
          "",
          "",
          "",
          "",
          "",
          "",
          "",
          "",
          "",
          "",
          ""
        ],
        [
          "(cid:34)(cid:34) (cid:16)(cid:16) (cid:34)(cid:34) ||SSeelllleerr DDeettaaiillss\n(cid:34) (cid:16) |GeM Seller ID : 8AD6180000593530\n|Company Name : M/S SNEH ENTERPRISES\n(cid:75) |Contact No. : 08630139085\n|Email ID : akashporwal223@gmail.com\nTILAK NAGAR,Firozabad,\n| Address :\nFirozabad, UTTAR PRADESH-283203, -\n(cid:112) |MSME Registration number : -\n(cid:98) |GSTIN: 09CWJPP3378M1ZM (R) , (G)",
          "",
          "",
          "",
          "",
          "",
          "",
          "",
          "",
          "",
          "",
          "",
          ""
        ],
        [
          "*(cid:34) (cid:76) (cid:116) GST/TAX (cid:34) |GST / Tax invoice to be raised in the name of - Buyer",
          "",
          "",
          "",
          "",
          "",
          "",
          "",
          "",
          "",
          "",
          "",
          ""
        ],
        [
          "(cid:34) (cid:34) (cid:121) | Delivery Instructions :\nbest quality and soon supply",
          "",
          "",
          "",
          "",
          "",
          "",
          "",
          "",
          "",
          "",
          "",
          ""
        ],
        [
          "(cid:124)(cid:124) (cid:34)(cid:34) ||PPrroodduucctt DDeettaaiillss",
          "",
          "",
          "",
          "",
          "",
          "",
          "",
          "",
          "",
          "",
          "",
          ""
        ],
        [
          "",
          "(cid:34)(cid:34) ||IItteemm DDeessccrriippttiioonn",
          "",
          "",
          "OOrrddeerreedd\nQQuuaannttiittyy",
          "",
          "",
          "",
          "((IINNRR))||\nUUnniitt PPrriiccee\n((IINNRR))",
          "",
          "TTaaxx BBiiffuurrccaattiioonn ((IINNRR))",
          "",
          "(cid:128) (cid:128)\n((IINNRR (cid:116) (cid:116)\nPPrriiccee\n((IInncclluussiivvee ooff\naallll DDuuttiieess aanndd\nTTaaxxeess iinn IINNRR))"
        ],
        [
          "1",
          "(cid:124)(cid:124) ||PPrroodduucctt NNaammee :: Filamide Non-Absorbable Suture Polyamide\n(cid:130)(cid:130) ||BBrraanndd :: Filamide\n(cid:130)(cid:130) (cid:53)(cid:53) ||BBrraanndd TTyyppee :: Registered Brand\n(cid:132)(cid:132) (cid:34)(cid:34)(cid:133)(cid:133)(cid:34)(cid:34) ||CCaattaalloogguuee SSttaattuuss:: OEM verified catalogue\n| |SSeelllliinngg AAss :: OEM verified Reseller\n(cid:135)(cid:135) (cid:136) (cid:136) ||CCaatteeggoorryy NNaammee && QQuuaaddrraanntt :: Sutures (V3) (Q2)\n||MMooddeell:: FILAMIDE NYL40 3326XL\n||HHSSNN CCooddee:: HSN not specified by seller",
          "",
          "",
          "240",
          "",
          "pieces",
          "",
          "208",
          "",
          "NA",
          "",
          "49,920"
        ],
        [
          "(cid:75) (cid:128) |Total Order Value (in INR)",
          "",
          "",
          "",
          "",
          "",
          "",
          "",
          "",
          "",
          "",
          "",
          "4499,,992200"
        ],
        [
          "(cid:34) (cid:34) (cid:34)(cid:34) ||CCoonnssiiggnneeee DDeettaaiill",
          "",
          "",
          "",
          "",
          "",
          "",
          "",
          "",
          "",
          "",
          "",
          ""
        ],
        [
          "(cid:16)(cid:16).. . .||SS..NNoo",
          "",
          "(cid:34) (cid:34) ||CCoonnssiiggnneeee",
          "(cid:101)(cid:101) | |IItteemm",
          "",
          "",
          "",
          "",
          "",
          "(cid:62)(cid:62) ||QQuuaannttiittyy",
          "",
          "",
          ""
        ]
      ]
    },
    {
      "page": 2,
      "table_number": 1,
      "data": [
        [
          "DDeelliivveerryy SSttaarrtt CCoommpplleetteedd\nAAfftteerr BByy",
          "",
          "",
          "",
          "",
          "",
          "",
          "",
          ""
        ],
        [
          "1",
          "| Designation : PHARMACIST\n|Email ID : buyer147.mhfwdup.up@gembuyer.in\n(cid:75)|Contact : -\n|Address : DISTRICT FEMALE HOSPITAL MAINPURI,\nMainpuri, UTTAR PRADESH-205001, India",
          "",
          "Filamide Non-\nAbsorbable Suture\nPolyamide",
          "",
          "",
          "240",
          "08-Jan-2026",
          "23-Jan-2026"
        ],
        [
          "PPrroodduucctt SSppeecciiffiiccaattiioonn ffoorr FFiillaammiiddee NNoonn--AAbbssoorrbbaabbllee SSuuttuurree PPoollyyaammiiddee",
          "",
          "",
          "",
          "",
          "",
          "",
          "",
          ""
        ],
        [
          "(cid:34)(cid:34) (cid:34)(cid:34) (cid:121)(cid:121) ||SSppeecciifificcaattiioonn",
          "",
          "--(cid:34)(cid:34) (cid:34)(cid:34) (cid:121)(cid:121) ||SSuubb--SSppeecc",
          "",
          "(cid:128) (cid:128) ||VVaalluuee",
          "",
          "",
          "",
          ""
        ],
        [
          "GENERAL",
          "",
          "Product Description",
          "",
          "Suture",
          "",
          "",
          "",
          ""
        ],
        [
          "",
          "",
          "Purpose",
          "",
          "Sutures are threads or strands used to stitch tissues together after\nsurgery or injury. They are a crucial part of wound closure, helping to\npromote healing and reduce the risk of infection",
          "",
          "",
          "",
          ""
        ],
        [
          "",
          "",
          "Sterility",
          "",
          "Sterile",
          "",
          "",
          "",
          ""
        ],
        [
          "PRODUCT\nINFORMATION",
          "",
          "Type of Suture",
          "",
          "Non-Absorbable",
          "",
          "",
          "",
          ""
        ],
        [
          "",
          "",
          "Color of Suture",
          "",
          "Dyed",
          "",
          "",
          "",
          ""
        ],
        [
          "",
          "",
          "Suture Material (Medical Grade)",
          "",
          "Polyamide",
          "",
          "",
          "",
          ""
        ],
        [
          "",
          "",
          "Construction",
          "",
          "Mono-filament",
          "",
          "",
          "",
          ""
        ],
        [
          "",
          "",
          "Antibacterial Coated",
          "",
          "No",
          "",
          "",
          "",
          ""
        ],
        [
          "",
          "",
          "Suture Size",
          "",
          "4-0",
          "",
          "",
          "",
          ""
        ],
        [
          "",
          "",
          "Suture Length ( 2cm)",
          "",
          "70 cm",
          "",
          "",
          "",
          ""
        ],
        [
          "",
          "",
          "Needle",
          "",
          "Single Arm Needle",
          "",
          "",
          "",
          ""
        ],
        [
          "",
          "",
          "Type of Needle",
          "",
          "Reverse Cutting",
          "",
          "",
          "",
          ""
        ],
        [
          "",
          "",
          "Needle Length ( 0.5mm)",
          "",
          "10 mm",
          "",
          "",
          "",
          ""
        ],
        [
          "",
          "",
          "Needle Shape (Curvature)",
          "",
          "3/8 circle",
          "",
          "",
          "",
          ""
        ],
        [
          "",
          "",
          "Pledgets",
          "",
          "No",
          "",
          "",
          "",
          ""
        ],
        [
          "PACKING",
          "",
          "Number of strands in a suture foil",
          "",
          "1",
          "",
          "",
          "",
          ""
        ],
        [
          "CERTIFICATIONS",
          "",
          "Compliance to Medical Device Rules (MDR) 2017 as amended till date",
          "",
          "Yes",
          "",
          "",
          "",
          ""
        ],
        [
          "",
          "",
          "Availability of valid medical device license for the product issued from the\ncompetent authority defined under Drugs and Cosmetic Act 1940 and Rules\nmade there under as amended till date",
          "",
          "Yes",
          "",
          "",
          "",
          ""
        ],
        [
          "",
          "",
          "Valid Medical Device License Number",
          "",
          "MFG/MD/2018/000027",
          "",
          "",
          "",
          ""
        ],
        [
          "",
          "",
          "Manufacturer Certification",
          "",
          "ISO:13485 (Latest)",
          "",
          "",
          "",
          ""
        ],
        [
          "",
          "",
          "Availability of Test Report for each supplied batch/product as per Medical\nDevice Rules (MDR) 2017 as amended till date",
          "",
          "Yes",
          "",
          "",
          "",
          ""
        ],
        [
          "",
          "",
          "Submission of all necessary certifications, licenses and test reports to the\nbuyer at the time of bid submission and/or along with supplies as per buyer\nrequirement",
          "",
          "Yes",
          "",
          "",
          "",
          ""
        ],
        [
          "SHELF LIFE",
          "",
          "Shelf life in months from the date of manufacture",
          "",
          "60 month",
          "",
          "",
          "",
          ""
        ],
        [
          "",
          "",
          "Minimum shelf life of the product at the time of delivery to the consignee",
          "",
          "3/4 th of Total Shelf Life",
          "",
          "",
          "",
          ""
        ],
        [
          "ADVANCE SAMPLE",
          "",
          "Agree to provide advance sample of the product for buyer's approval after\naward of contract and before commencement of supply in case of bidding\nonly",
          "",
          "Yes",
          "",
          "",
          "",
          ""
        ],
        [
          "ADDITIONAL\nREQUIREMENTS",
          "",
          "Additional Requirement",
          "",
          "NA",
          "",
          "",
          "",
          ""
        ],
        [
          "NNAA",
          "",
          "",
          "",
          "",
          "",
          "",
          "",
          ""
        ],
        [
          "(cid:34)(cid:34) (cid:145)|(cid:145)|TTeerrmmss aanndd CCoonnddiittiioonnss\n11.. SSppeecciiaall tteerrmmss aanndd ccoonnddiittiioonnss-- VVeerrssiioonn::22 eeffffeeccttiivvee ffrroomm 1100--0077--22002244\n11..11 11.. AAllll PPrroovviissiioonnss ooff DDrruuggss aanndd CCoossmmeettiiccss AAcctt,, 11994400 aanndd RRuulleess ((iinncclluuddiinngg MMeeddiiccaall DDeevviiccee RRuullee 22001177)) mmaaddee tthheerree uunnddeerr aass aammeennddeedd ttiillll ddaattee wwiillll aallwwaayyss bbee aapppplliiccaabbllee.. TThhiiss\nwwiillll iinncclluuddee aallll nnoottiiffiiccaattiioonnss iissssuueedd bbyy CCeennttrraall DDrruuggss SSttaannddaarrdd CCoonnttrrooll OOrrggaanniizzaattiioonn ((CCDDSSCCOO)),, MMiinniissttrryy ooff HHeeaalltthh && FFaammiillyy WWeellffaarree ((MMooHHFFWW)) aanndd DDeeppaarrttmmeenntt ooff",
          "",
          "",
          "",
          "",
          "",
          "",
          "",
          ""
        ]
      ]
    },
    {
      "page": 3,
      "table_number": 1,
      "data": [
        [
          "PPhhaarrmmaacceeuuttiiccaallss ((DDOOPP)),, MMiinniissttrryy ooff CChheemmiiccaallss && FFeerrttiilliizzeerrss ttiimmee ttoo ttiimmee iinn tthhiiss rreeggaarrdd..\n22.. TThhee sseelllleerrss aarree rreeggiisstteerreedd oonn GGeeMM bbaasseedd oonn sseellff--ddeeccllaarraattiioonn ooff vvaalliidd MMeeddiiccaall DDeevviiccee LLiicceennssee,, pprroodduucctt cceerrttiiffiiccaattiioonn,, tteesstt rreeppoorrttss eettcc.. HHoowweevveerr,, bbuuyyeerrss mmuusstt cchheecckk aanndd\nvvaalliiddaattee tthhee ddeettaaiillss aatt tthheeiirr eenndd ffoorr aallll aapppplliiccaabbllee lliicceennsseess aanndd cceerrttiiffiiccaattiioonnss ee..gg..,, vvaalliiddiittyy aanndd aauutthheennttiicciittyy//ggeennuuiinneenneessss ooff lliicceennssee,, pprroodduucctt cceerrttiiffiiccaattiioonn,, mmaannuuffaaccttuurreerr\ncceerrttiiffiiccaattiioonn//lliicceennsseess,, tteesstt rreeppoorrttss eettcc..\n33.. IInn ccaassee ooff aauutthhoorriizzeedd rreesseelllleerrss//ddiissttrriibbuuttoorrss,, iitt wwiillll bbee tthhee lleeggaall && rreegguullaattoorryy lliiaabbiilliittyy ooff tthhee mmaannuuffaaccttuurreerr ttoo eennssuurree tthhaatt tthheeiirr rreesseelllleerrss//ddiissttrriibbuuttoorrss aarree ooppeerraattiinngg iinn\nccoommpplliiaannccee wwiitthh aallll rreelleevvaanntt llaawwss aanndd rreegguullaattiioonnss aanndd aarree pprrooppeerrllyy lliicceennsseedd ttoo sseellll tthhee mmaannuuffaaccttuurreerr''ss pprroodduuccttss,, iinncclluuddiinngg vveerriiffyyiinngg tthhee vvaalliiddiittyy aanndd aauutthheennttiicciittyy ooff\nMMeeddiiccaall DDeevviiccee LLiicceennssee lliicceennssee hheelldd bbyy tthheemm..\n44.. TThhee pprriiccee ooffffeerreedd bbyy tthhee sseelllleerr//bbiiddddeerr sshhaallll nnoott,, iinn aannyy ccaassee eexxcceeeedd tthhee DDPPCCOO//NNPPPPAA ccoonnttrroolllleedd pprriiccee oorr pprriiccee ffiixxeedd bbyy SSttaattee GGoovveerrnnmmeenntt,, iiff aannyy.. TThhee sseelllleerr mmuusstt rreedduuccee\ntthhee pprriicceess iiff tthheerree iiss aannyy rreedduuccttiioonn iinn DDPPCCOO//NNPPPPAA cceeiilliinngg pprriiccee oorr pprriiccee ffiixxeedd bbyy SSttaattee GGoovveerrnnmmeenntt,, iiff aannyy..\n55.. AAnnyy ootthheerr TTeerrmmss aanndd CCoonnddiittiioonnss wwhhiicchh iiss nnoott iinncclluuddeedd oorr aatt vvaarriiaannccee wwiitthh tthhee ccoonnddiittiioonnss ssppeecciiffiieedd iinn SSTTCC//GGTTCC,, mmaayy bbee aaddddeedd bbyy tthhee bbuuyyeerr tthhrroouugghh AAddddiittiioonnaall TTeerrmmss\naanndd CCoonnddiittiioonnss ((AATTCC)) iinn tthhee bbiidd ttoo eennssuurree iitteemmss aarree pprrooccuurreedd ffrroomm aauutthheennttiicc//vvaalliiddaatteedd ssoouurrccee wwiitthh aapppprroopprriiaattee aanndd aapppplliiccaabbllee qquuaalliittyy.. TThhee aabboovvee tteerrmmss aanndd\nccoonnddiittiioonnss aarree iinn rreevveerrssee oorrddeerr ooff pprreecceeddeennccee ii..ee.. AATTCC sshhaallll ssuuppeerrsseeddee ssppeecciiffiicc SSTTCC wwhhiicchh sshhaallll ssuuppeerrsseeddee GGeenneerraall TTeerrmmss aanndd CCoonnddiittiioonnss ((GGTTCC)),, wwhheenneevveerr tthheerree aarree\naannyy ccoonnfflliiccttiinngg pprroovviissiioonnss..\n22.. GGeenneerraall TTeerrmmss aanndd CCoonnddiittiioonnss--\n22..11TThhiiss ccoonnttrraacctt iiss ggoovveerrnneedd bbyy tthhee GGeenneerraall TTeerrmmss aanndd CCoonnddiittiioonnss,, ccoonnddiittiioonnss ssttiippuullaatteedd ttoo tthhiiss PPrroodduucctt//SSeerrvviiccee aass pprroovviiddeedd iinn tthhee MMaarrkkeettppllaaccee..\n22..22TThhiiss CCoonnttrraacctt bbeettwweeeenn tthhee SSeelllleerr aanndd tthhee BBuuyyeerr,, iiss ffoorr tthhee ssuuppppllyy ooff tthhee GGooooddss aanndd// oorr SSeerrvviicceess,, ddeettaaiilleedd iinn tthhee sscchheedduullee aabboovvee,, iinn aaccccoorrddaannccee wwiitthh tthhee GGeenneerraall TTeerrmmss aanndd\nCCoonnddiittiioonnss ((GGTTCC)) uunnlleessss ootthheerrwwiissee ssuuppeerrsseeddeedd bbyy GGooooddss // SSeerrvviicceess ssppeecciiffiicc SSppeecciiaall TTeerrmmss aanndd CCoonnddiittiioonnss ((SSTTCC)) aanndd// oorr BBIIDD//RReevveerrssee AAuuccttiioonn AAddddiittiioonnaall TTeerrmmss aanndd CCoonnddiittiioonnss\n((AATTCC)),, aass aapppplliiccaabbllee\n22..33AAllll GGeeMM SSeelllleerrss // SSeerrvviiccee PPrroovviiddeerrss aarree mmaannddaatteedd ttoo eennssuurree ccoommpplliiaannccee wwiitthh aallll tthhee aapppplliiccaabbllee llaawwss // aaccttss // rruulleess iinncclluuddiinngg bbuutt nnoott lliimmiitteedd ttoo aallll LLaabboouurr LLaawwss ssuucchh aass TThhee\nMMiinniimmuumm WWaaggeess AAcctt,, 11994488,, TThhee PPaayymmeenntt ooff WWaaggeess AAcctt,, 11993366,, TThhee PPaayymmeenntt ooff BBoonnuuss AAcctt,, 11996655,, TThhee EEqquuaall RReemmuunneerraattiioonn AAcctt,, 11997766,, TThhee PPaayymmeenntt ooff GGrraattuuiittyy AAcctt,, 11997722 eettcc.. AAnnyy\nnnoonn--ccoommpplliiaannccee wwiillll bbee ttrreeaatteedd aass bbrreeaacchh ooff ccoonnttrraacctt aanndd BBuuyyeerr mmaayy ttaakkee ssuuiittaabbllee aaccttiioonnss aass ppeerr GGeeMM CCoonnttrraacctt.."
        ],
        [
          "NNoottee:: Sellers are required to raise invoices online as per the contract terms on GeM portal. Timely invoice submission is mandatory for compliances, smooth payment processing,\nand will also contribute to improving their ratings."
        ],
        [
          "Note: This is system generated file. No signature is required. Print out of this document is not valid for payment/ transaction purpose."
        ]
      ]
    }
  ],
  "table_count": 3,
  "total_pages": 3
}