{
  "source_file": "GEMC-511687750116607.pdf",
  "extraction_date": "2026-01-15T00:35:08.739411",
  "extraction_method": "pdfplumber",
  "metadata": {
    "Title": "Contract",
    "Creator": "wkhtmltopdf 0.12.4",
    "Producer": "Qt 4.8.7",
    "CreationDate": "D:20260108155858+05'30'"
  },
  "text_content": "(cid:16)(cid:16) ||CCoonnttrraacctt NNoo:: GEMC-511687750116607\n(cid:32)(cid:32) (cid:32)(cid:32) ||GGeenneerraatteedd DDaattee :: 08-Jan-2026\n(cid:32)(cid:32) ||OOrrggaanniissaattiioonn DDeettaaiillss (cid:32)(cid:32) ||BBuuyyeerr DDeettaaiillss\n(cid:51)(cid:52) |Type : Central Autonomous |Designation : store incharge2\n(cid:60) |Ministry : Ministry of Labour and Employment (cid:71) |Contact No. : -\n(cid:32) |Department : NA |Email ID : dr.dileep.sharma@esic.gov.in\n|Organisation Name : Employees State Insurance Corporation (ESIC) (cid:93) |GSTIN : -\n(cid:71) (cid:72) (cid:60)|Office Zone: Esic Model Hospital, Sec-9a, Gurgaon sector-9a,\n|Address :\nGURGAON, HARYANA-122001, India\n(cid:32)(cid:32) (cid:97)(cid:97) (cid:98)(cid:98) (cid:32)(cid:32) (cid:32)(cid:32) ||FFiinnaanncciiaall AApppprroovvaall DDeettaaiill (cid:51)(cid:51) (cid:32)(cid:32) (cid:32)(cid:32) ||PPaayyiinngg AAuutthhoorriittyy DDeettaaiillss\n(cid:32) |IFD Concurrence : No Role: PAO\nMEDICAL SUPERINTENDENT Offline\nDesignation of Administrative Approval: Payment Mode:\n(cid:32) (cid:97) | |Designation : Assistant Director\nAD(F)\nDesignation of Financial Approval : |Email ID : shanti.mehendran@esic.nic.in\nsector-9a,\n|Address:\nGURGAON, HARYANA-122001, India\n(cid:32)(cid:32) (cid:16)(cid:16) (cid:32)(cid:32) ||SSeelllleerr DDeettaaiillss\n(cid:32) (cid:16) |GeM Seller ID : I8NK240012146045\n|Company Name : Omkaar Medicare Agency\n(cid:71) |Contact No. : 09711211500\n|Email ID : omkaarmedicare@gmail.com\nOFFICE NO.- 4 FIRST FLOOR PART OF PROPERTY NO. 8A,RAJ RANI MARKET METRO PILLER NO. 665 MAIN NAJAFGARH ROAD\n| Address : NEAR SHIV MANDIR,UTTAM NAGAR,UTTAM NAGAR,\nWest Delhi, DELHI-110059, -\n(cid:111) |MSME Registration number : UDYAM-DL-11-0094616\n(cid:93) |GSTIN: 07KNJPS6405R1ZX (R)\n(cid:32) (cid:113) |MSE Social Category : General\n(cid:32) (cid:113) |MSE Gender : Male\n*(cid:32) (cid:72) (cid:115) GST/TAX (cid:32) |GST / Tax invoice to be raised in the name of - Buyer\n(cid:32) (cid:32) (cid:120) | Delivery Instructions : NA\n(cid:122)(cid:122) (cid:32)(cid:32) ||PPrroodduucctt DDeettaaiillss\n(cid:126) (cid:126)\n((IINNRR (cid:115) (cid:115)\n## (cid:32)(cid:32) ||IItteemm DDeessccrriippttiioonn TTaaxx BBiiffuurrccaattiioonn\nOOrrddeerreedd UUnniitt UUnniitt PPrriiccee PPrriiccee\n((IINNRR))\nQQuuaannttiittyy ((IINNRR)) ((IInncclluussiivvee ooff\naallll DDuuttiieess aanndd\nTTaaxxeess iinn IINNRR))\n(cid:122)(cid:122) ||PPrroodduucctt NNaammee :: ClonMed Linear Cutter Stapler Cartridge\n(cid:128)(cid:128) ||BBrraanndd :: ClonMed\n(cid:128)(cid:128) (cid:51)(cid:51) ||BBrraanndd TTyyppee :: Registered Brand\n(cid:130)(cid:130) (cid:32)(cid:32)(cid:131)(cid:131)(cid:32)(cid:32) ||CCaattaalloogguuee SSttaattuuss:: OEM verified catalogue\n1 | |SSeelllliinngg AAss :: OEM verified Reseller 9 pieces 5,388 NA 48,492\n(cid:113)(cid:113) (cid:133) (cid:133) ||CCaatteeggoorryy NNaammee && QQuuaaddrraanntt :: Linear Cutter Stapler Cartridge (V2)\n(Q2)\n||MMooddeell:: DISPOSABLE LINEAR CUTTER CARTIDGES\n||HHSSNN CCooddee:: HSN not specified by seller\n(cid:71) (cid:126) |Total Order Value (in INR) 4488,,449922\n(cid:32) (cid:32) (cid:32)(cid:32) ||CCoonnssiiggnneeee DDeettaaiill\n(cid:16)(cid:16).. . .||SS..NNoo (cid:32) (cid:32) ||CCoonnssiiggnneeee (cid:98)(cid:98) | |IItteemm (cid:60)(cid:60) ||QQuuaannttiittyy | |\nLLoott NNoo.. BBee\nDDeelliivveerryy SSttaarrtt\nCCoommpplleetteedd\nAAfftteerr\nBByy\n| Designation : Pharmacist\n|Email ID : babu.saini@esic.nic.in\n(cid:71)|Contact : - ClonMed Linear Cutter\n1 (cid:93) |GSTIN : - Stapler Cartridge - 9 08-Jan-2026 23-Jan-2026\n|Address : sector-9a,\nGURGAON, HARYANA-122001, India\nPPrroodduucctt SSppeecciiffiiccaattiioonn ffoorr CClloonnMMeedd LLiinneeaarr CCuutttteerr SSttaapplleerr CCaarrttrriiddggee\n(cid:32)(cid:32) (cid:32)(cid:32) (cid:120)(cid:120) ||SSppeecciifificcaattiioonn --(cid:32)(cid:32) (cid:32)(cid:32) (cid:120)(cid:120) ||SSuubb--SSppeecc (cid:126) (cid:126) ||VVaalluuee\nProduct Description Linear Cutter Stapler Cartridge\nGENERAL\nINFORMATION Linear Cutter Stapler Cartridges are used with\nPurpose\nlinear cutter staplers in surgical procedures.\nUsage Disposable\nSterility Sterile\nKnife Knife in each cartridge\nCartridge Type Single Staple Height\nStaple Formation B Shaped\nPRODUCT\nClosed Staple Height in mm 1.76 to 2.25 mm\nINFORMATION\nFiring Two Sided\nCartridge Color Black\nStaple Rows on each side 3\nStaple Material Titanium Alloy\nStapler Length (mm) 60 to 69 mm\nCompliance to Medical Device Rules (MDR) 2017 as amended till date Yes\nAvailability of valid Medical Device license for the product issued from the competent authority\nYes\ndefined under Drugs and Cosmetic Act 1940 and Rules made there under as amended till date\nValid Medical Device License Number MFG/MD/2024/000574\nCERTIFICATIONS\nCertification for manufacturing unit ISO:13485 (Latest)\nAvailability of Test Report for each supplied batch/product as per Medical Device Rule (MDR) 2017 as\nYes\namended till date\nSubmission of all necessary certifications, licenses and test reports to the buyer at the time of bid\nYes\nsubmission or along with supplies as per buyer requirement\nShelf Life from the date of manufacture in Years 60 month\nSHELF LIFE\nMinimum shelf life of the product at the time of delivery to the consignee 3/4 th of Total Shelf Life\nNNAA\n(cid:32)(cid:32) (cid:141)|(cid:141)|TTeerrmmss aanndd CCoonnddiittiioonnss\n11.. SSppeecciiaall tteerrmmss aanndd ccoonnddiittiioonnss-- VVeerrssiioonn::11 eeffffeeccttiivvee ffrroomm 1122--0088--22002244\n11..11 11.. AAllll PPrroovviissiioonnss ooff DDrruuggss aanndd CCoossmmeettiiccss AAcctt,, 11994400 aanndd RRuulleess ((iinncclluuddiinngg MMeeddiiccaall DDeevviiccee RRuullee 22001177)) mmaaddee tthheerree uunnddeerr aass aammeennddeedd ttiillll ddaattee wwiillll aallwwaayyss bbee aapppplliiccaabbllee.. TThhiiss\nwwiillll iinncclluuddee aallll nnoottiiffiiccaattiioonnss iissssuueedd bbyy CCeennttrraall DDrruuggss SSttaannddaarrdd CCoonnttrrooll OOrrggaanniizzaattiioonn ((CCDDSSCCOO)),, MMiinniissttrryy ooff HHeeaalltthh && FFaammiillyy WWeellffaarree ((MMooHHFFWW)) aanndd DDeeppaarrttmmeenntt ooff\nPPhhaarrmmaacceeuuttiiccaallss ((DDOOPP)),, MMiinniissttrryy ooff CChheemmiiccaallss && FFeerrttiilliizzeerrss ttiimmee ttoo ttiimmee iinn tthhiiss rreeggaarrdd..\n22.. TThhee sseelllleerrss aarree rreeggiisstteerreedd oonn GGeeMM bbaasseedd oonn sseellff--ddeeccllaarraattiioonn ooff vvaalliidd MMeeddiiccaall DDeevviiccee LLiicceennssee,, pprroodduucctt cceerrttiiffiiccaattiioonn,, tteesstt rreeppoorrttss eettcc.. HHoowweevveerr,, bbuuyyeerrss mmuusstt cchheecckk aanndd\nvvaalliiddaattee tthhee ddeettaaiillss aatt tthheeiirr eenndd ffoorr aallll aapppplliiccaabbllee lliicceennsseess aanndd cceerrttiiffiiccaattiioonnss ee..gg..,, vvaalliiddiittyy aanndd aauutthheennttiicciittyy//ggeennuuiinneenneessss ooff ddrruugg lliicceennssee,, pprroodduucctt cceerrttiiffiiccaattiioonn,,\nmmaannuuffaaccttuurreerr cceerrttiiffiiccaattiioonn//lliicceennsseess,, tteesstt rreeppoorrttss eettcc..\n33.. IInn ccaassee ooff aauutthhoorriizzeedd rreesseelllleerrss//ddiissttrriibbuuttoorrss,, iitt wwiillll bbee tthhee lleeggaall && rreegguullaattoorryy lliiaabbiilliittyy ooff tthhee mmaannuuffaaccttuurreerr ttoo eennssuurree tthhaatt tthheeiirr rreesseelllleerrss//ddiissttrriibbuuttoorrss aarree ooppeerraattiinngg iinn\nccoommpplliiaannccee wwiitthh aallll rreelleevvaanntt llaawwss aanndd rreegguullaattiioonnss aanndd aarree pprrooppeerrllyy lliicceennsseedd ttoo sseellll tthhee mmaannuuffaaccttuurreerr''ss pprroodduuccttss,, iinncclluuddiinngg vveerriiffyyiinngg tthhee vvaalliiddiittyy aanndd aauutthheennttiicciittyy ooff\nddrruugg lliicceennssee hheelldd bbyy tthheemm..\n44.. TThhee pprriiccee ooffffeerreedd bbyy tthhee sseelllleerr//bbiiddddeerr sshhaallll nnoott,, iinn aannyy ccaassee eexxcceeeedd tthhee DDPPCCOO//NNPPPPAA ccoonnttrroolllleedd pprriiccee oorr pprriiccee ffiixxeedd bbyy SSttaattee GGoovveerrnnmmeenntt,, iiff aannyy.. TThhee sseelllleerr mmuusstt rreedduuccee\ntthhee pprriicceess iiff tthheerree iiss aannyy rreedduuccttiioonn iinn DDPPCCOO//NNPPPPAA cceeiilliinngg pprriiccee oorr pprriiccee ffiixxeedd bbyy SSttaattee GGoovveerrnnmmeenntt,, iiff aannyy..\n55.. AAnnyy ootthheerr TTeerrmmss aanndd CCoonnddiittiioonnss wwhhiicchh iiss nnoott iinncclluuddeedd oorr aatt vvaarriiaannccee wwiitthh tthhee ccoonnddiittiioonnss ssppeecciiffiieedd iinn SSTTCC//GGTTCC,, mmaayy bbee aaddddeedd bbyy tthhee bbuuyyeerr tthhrroouugghh AAddddiittiioonnaall TTeerrmmss\naanndd CCoonnddiittiioonnss ((AATTCC)) iinn tthhee bbiidd ttoo eennssuurree iitteemmss aarree pprrooccuurreedd ffrroomm aauutthheennttiicc//vvaalliiddaatteedd ssoouurrccee wwiitthh aapppprroopprriiaattee aanndd aapppplliiccaabbllee qquuaalliittyy.. TThhee aabboovvee tteerrmmss aanndd\nccoonnddiittiioonnss aarree iinn rreevveerrssee oorrddeerr ooff pprreecceeddeennccee ii..ee.. AATTCC sshhaallll ssuuppeerrsseeddee ssppeecciiffiicc SSTTCC wwhhiicchh sshhaallll ssuuppeerrsseeddee GGeenneerraall TTeerrmmss aanndd CCoonnddiittiioonnss (( GGTTCC )),, wwhheenneevveerr tthheerree aarree\naannyy ccoonnfflliiccttiinngg pprroovviissiioonnss..\n22.. GGeenneerraall TTeerrmmss aanndd CCoonnddiittiioonnss--\n22..11TThhiiss ccoonnttrraacctt iiss ggoovveerrnneedd bbyy tthhee GGeenneerraall TTeerrmmss aanndd CCoonnddiittiioonnss,, ccoonnddiittiioonnss ssttiippuullaatteedd ttoo tthhiiss PPrroodduucctt//SSeerrvviiccee aass pprroovviiddeedd iinn tthhee MMaarrkkeettppllaaccee..\n22..22TThhiiss CCoonnttrraacctt bbeettwweeeenn tthhee SSeelllleerr aanndd tthhee BBuuyyeerr,, iiss ffoorr tthhee ssuuppppllyy ooff tthhee GGooooddss aanndd// oorr SSeerrvviicceess,, ddeettaaiilleedd iinn tthhee sscchheedduullee aabboovvee,, iinn aaccccoorrddaannccee wwiitthh tthhee GGeenneerraall TTeerrmmss aanndd\nCCoonnddiittiioonnss ((GGTTCC)) uunnlleessss ootthheerrwwiissee ssuuppeerrsseeddeedd bbyy GGooooddss // SSeerrvviicceess ssppeecciiffiicc SSppeecciiaall TTeerrmmss aanndd CCoonnddiittiioonnss ((SSTTCC)) aanndd// oorr BBIIDD//RReevveerrssee AAuuccttiioonn AAddddiittiioonnaall TTeerrmmss aanndd CCoonnddiittiioonnss\n((AATTCC)),, aass aapppplliiccaabbllee\n22..33AAllll GGeeMM SSeelllleerrss // SSeerrvviiccee PPrroovviiddeerrss aarree mmaannddaatteedd ttoo eennssuurree ccoommpplliiaannccee wwiitthh aallll tthhee aapppplliiccaabbllee llaawwss // aaccttss // rruulleess iinncclluuddiinngg bbuutt nnoott lliimmiitteedd ttoo aallll LLaabboouurr LLaawwss ssuucchh aass TThhee\nMMiinniimmuumm WWaaggeess AAcctt,, 11994488,, TThhee PPaayymmeenntt ooff WWaaggeess AAcctt,, 11993366,, TThhee PPaayymmeenntt ooff BBoonnuuss AAcctt,, 11996655,, TThhee EEqquuaall RReemmuunneerraattiioonn AAcctt,, 11997766,, TThhee PPaayymmeenntt ooff GGrraattuuiittyy AAcctt,, 11997722 eettcc.. AAnnyy\nnnoonn--ccoommpplliiaannccee wwiillll bbee ttrreeaatteedd aass bbrreeaacchh ooff ccoonnttrraacctt aanndd BBuuyyeerr mmaayy ttaakkee ssuuiittaabbllee aaccttiioonnss aass ppeerr GGeeMM CCoonnttrraacctt..\nNNoottee:: Sellers are required to raise invoices online as per the contract terms on GeM portal. Timely invoice submission is mandatory for compliances, smooth payment processing,\nand will also contribute to improving their ratings.\nNote: This is system generated file. No signature is required. Print out of this document is not valid for payment/ transaction purpose.",
  "tables": [
    {
      "page": 1,
      "table_number": 1,
      "data": [
        [
          "(cid:32)(cid:32) ||OOrrggaanniissaattiioonn DDeettaaiillss (cid:32)(cid:32) ||BBuuyyeerr DDeettaaiillss\n(cid:51)(cid:52) |Type : Central Autonomous |Designation : store incharge2\n(cid:60) |Ministry : Ministry of Labour and Employment (cid:71) |Contact No. : -\n(cid:32) |Department : NA |Email ID : dr.dileep.sharma@esic.gov.in\n|Organisation Name : Employees State Insurance Corporation (ESIC) (cid:93) |GSTIN : -\n(cid:71) (cid:72) (cid:60)|Office Zone: Esic Model Hospital, Sec-9a, Gurgaon sector-9a,\n|Address :\nGURGAON, HARYANA-122001, India",
          "",
          "",
          "",
          "",
          "",
          "",
          "",
          "",
          "",
          "",
          ""
        ],
        [
          "(cid:32)(cid:32) (cid:97)(cid:97) (cid:98)(cid:98) (cid:32)(cid:32) (cid:32)(cid:32) ||FFiinnaanncciiaall AApppprroovvaall DDeettaaiill (cid:51)(cid:51) (cid:32)(cid:32) (cid:32)(cid:32) ||PPaayyiinngg AAuutthhoorriittyy DDeettaaiillss\n(cid:32) |IFD Concurrence : No Role: PAO\nMEDICAL SUPERINTENDENT Offline\nDesignation of Administrative Approval: Payment Mode:\n(cid:32) (cid:97) | |Designation : Assistant Director\nAD(F)\nDesignation of Financial Approval : |Email ID : shanti.mehendran@esic.nic.in\nsector-9a,\n|Address:\nGURGAON, HARYANA-122001, India",
          "",
          "",
          "",
          "",
          "",
          "",
          "",
          "",
          "",
          "",
          ""
        ],
        [
          "(cid:32)(cid:32) (cid:16)(cid:16) (cid:32)(cid:32) ||SSeelllleerr DDeettaaiillss\n(cid:32) (cid:16) |GeM Seller ID : I8NK240012146045\n|Company Name : Omkaar Medicare Agency\n(cid:71) |Contact No. : 09711211500\n|Email ID : omkaarmedicare@gmail.com\nOFFICE NO.- 4 FIRST FLOOR PART OF PROPERTY NO. 8A,RAJ RANI MARKET METRO PILLER NO. 665 MAIN NAJAFGARH ROAD\n| Address : NEAR SHIV MANDIR,UTTAM NAGAR,UTTAM NAGAR,\nWest Delhi, DELHI-110059, -\n(cid:111) |MSME Registration number : UDYAM-DL-11-0094616\n(cid:93) |GSTIN: 07KNJPS6405R1ZX (R)",
          "",
          "",
          "",
          "",
          "",
          "",
          "",
          "",
          "",
          "",
          ""
        ],
        [
          "(cid:32) (cid:113) |MSE Social Category : General\n(cid:32) (cid:113) |MSE Gender : Male",
          "",
          "",
          "",
          "",
          "",
          "",
          "",
          "",
          "",
          "",
          ""
        ],
        [
          "*(cid:32) (cid:72) (cid:115) GST/TAX (cid:32) |GST / Tax invoice to be raised in the name of - Buyer",
          "",
          "",
          "",
          "",
          "",
          "",
          "",
          "",
          "",
          "",
          ""
        ],
        [
          "(cid:32) (cid:32) (cid:120) | Delivery Instructions : NA",
          "",
          "",
          "",
          "",
          "",
          "",
          "",
          "",
          "",
          "",
          ""
        ],
        [
          "(cid:122)(cid:122) (cid:32)(cid:32) ||PPrroodduucctt DDeettaaiillss",
          "",
          "",
          "",
          "",
          "",
          "",
          "",
          "",
          "",
          "",
          ""
        ],
        [
          "",
          "(cid:32)(cid:32) ||IItteemm DDeessccrriippttiioonn",
          "",
          "",
          "OOrrddeerreedd\nQQuuaannttiittyy",
          "",
          "",
          "((IINNRR))||\nUUnniitt PPrriiccee\n((IINNRR))",
          "",
          "TTaaxx BBiiffuurrccaattiioonn\n((IINNRR))",
          "",
          "(cid:126) (cid:126)\n((IINNRR (cid:115) (cid:115)\nPPrriiccee\n((IInncclluussiivvee ooff\naallll DDuuttiieess aanndd\nTTaaxxeess iinn IINNRR))"
        ],
        [
          "1",
          "(cid:122)(cid:122) ||PPrroodduucctt NNaammee :: ClonMed Linear Cutter Stapler Cartridge\n(cid:128)(cid:128) ||BBrraanndd :: ClonMed\n(cid:128)(cid:128) (cid:51)(cid:51) ||BBrraanndd TTyyppee :: Registered Brand\n(cid:130)(cid:130) (cid:32)(cid:32)(cid:131)(cid:131)(cid:32)(cid:32) ||CCaattaalloogguuee SSttaattuuss:: OEM verified catalogue\n| |SSeelllliinngg AAss :: OEM verified Reseller\n(cid:113)(cid:113) (cid:133) (cid:133) ||CCaatteeggoorryy NNaammee && QQuuaaddrraanntt :: Linear Cutter Stapler Cartridge (V2)\n(Q2)\n||MMooddeell:: DISPOSABLE LINEAR CUTTER CARTIDGES\n||HHSSNN CCooddee:: HSN not specified by seller",
          "",
          "",
          "9",
          "",
          "pieces",
          "5,388",
          "",
          "NA",
          "",
          "48,492"
        ],
        [
          "(cid:71) (cid:126) |Total Order Value (in INR)",
          "",
          "",
          "",
          "",
          "",
          "",
          "",
          "",
          "",
          "",
          "4488,,449922"
        ],
        [
          "(cid:32) (cid:32) (cid:32)(cid:32) ||CCoonnssiiggnneeee DDeettaaiill",
          "",
          "",
          "",
          "",
          "",
          "",
          "",
          "",
          "",
          "",
          ""
        ],
        [
          "(cid:16)(cid:16).. . .||SS..NNoo",
          "",
          "(cid:32) (cid:32) ||CCoonnssiiggnneeee",
          "(cid:98)(cid:98) | |IItteemm",
          "",
          "",
          "",
          "",
          "(cid:60)(cid:60) ||QQuuaannttiittyy",
          "",
          "DDeelliivveerryy SSttaarrtt\nAAfftteerr",
          "DDeelliivveerryy TToo\nBBee\nCCoommpplleetteedd\nBByy"
        ],
        [
          "",
          "",
          "| Designation : Pharmacist\n|Email ID : babu.saini@esic.nic.in\n(cid:71)|Contact : -",
          "ClonMed Linear Cutter",
          "",
          "",
          "",
          "",
          "",
          "",
          "",
          ""
        ]
      ]
    },
    {
      "page": 2,
      "table_number": 1,
      "data": [
        [
          "1 (cid:93) |GSTIN : - Stapler Cartridge - 9 08-Jan-2026 23-Jan-2026\n|Address : sector-9a,\nGURGAON, HARYANA-122001, India",
          "",
          ""
        ],
        [
          "PPrroodduucctt SSppeecciiffiiccaattiioonn ffoorr CClloonnMMeedd LLiinneeaarr CCuutttteerr SSttaapplleerr CCaarrttrriiddggee",
          "",
          ""
        ],
        [
          "(cid:32)(cid:32) (cid:32)(cid:32) (cid:120)(cid:120) ||SSppeecciifificcaattiioonn",
          "--(cid:32)(cid:32) (cid:32)(cid:32) (cid:120)(cid:120) ||SSuubb--SSppeecc",
          "(cid:126) (cid:126) ||VVaalluuee"
        ],
        [
          "GENERAL\nINFORMATION",
          "Product Description",
          "Linear Cutter Stapler Cartridge"
        ],
        [
          "",
          "Purpose",
          "Linear Cutter Stapler Cartridges are used with\nlinear cutter staplers in surgical procedures."
        ],
        [
          "PRODUCT\nINFORMATION",
          "Usage",
          "Disposable"
        ],
        [
          "",
          "Sterility",
          "Sterile"
        ],
        [
          "",
          "Knife",
          "Knife in each cartridge"
        ],
        [
          "",
          "Cartridge Type",
          "Single Staple Height"
        ],
        [
          "",
          "Staple Formation",
          "B Shaped"
        ],
        [
          "",
          "Closed Staple Height in mm",
          "1.76 to 2.25 mm"
        ],
        [
          "",
          "Firing",
          "Two Sided"
        ],
        [
          "",
          "Cartridge Color",
          "Black"
        ],
        [
          "",
          "Staple Rows on each side",
          "3"
        ],
        [
          "",
          "Staple Material",
          "Titanium Alloy"
        ],
        [
          "",
          "Stapler Length (mm)",
          "60 to 69 mm"
        ],
        [
          "CERTIFICATIONS",
          "Compliance to Medical Device Rules (MDR) 2017 as amended till date",
          "Yes"
        ],
        [
          "",
          "Availability of valid Medical Device license for the product issued from the competent authority\ndefined under Drugs and Cosmetic Act 1940 and Rules made there under as amended till date",
          "Yes"
        ],
        [
          "",
          "Valid Medical Device License Number",
          "MFG/MD/2024/000574"
        ],
        [
          "",
          "Certification for manufacturing unit",
          "ISO:13485 (Latest)"
        ],
        [
          "",
          "Availability of Test Report for each supplied batch/product as per Medical Device Rule (MDR) 2017 as\namended till date",
          "Yes"
        ],
        [
          "",
          "Submission of all necessary certifications, licenses and test reports to the buyer at the time of bid\nsubmission or along with supplies as per buyer requirement",
          "Yes"
        ],
        [
          "SHELF LIFE",
          "Shelf Life from the date of manufacture in Years",
          "60 month"
        ],
        [
          "",
          "Minimum shelf life of the product at the time of delivery to the consignee",
          "3/4 th of Total Shelf Life"
        ],
        [
          "NNAA",
          "",
          ""
        ],
        [
          "(cid:32)(cid:32) (cid:141)|(cid:141)|TTeerrmmss aanndd CCoonnddiittiioonnss\n11.. SSppeecciiaall tteerrmmss aanndd ccoonnddiittiioonnss-- VVeerrssiioonn::11 eeffffeeccttiivvee ffrroomm 1122--0088--22002244\n11..11 11.. AAllll PPrroovviissiioonnss ooff DDrruuggss aanndd CCoossmmeettiiccss AAcctt,, 11994400 aanndd RRuulleess ((iinncclluuddiinngg MMeeddiiccaall DDeevviiccee RRuullee 22001177)) mmaaddee tthheerree uunnddeerr aass aammeennddeedd ttiillll ddaattee wwiillll aallwwaayyss bbee aapppplliiccaabbllee.. TThhiiss\nwwiillll iinncclluuddee aallll nnoottiiffiiccaattiioonnss iissssuueedd bbyy CCeennttrraall DDrruuggss SSttaannddaarrdd CCoonnttrrooll OOrrggaanniizzaattiioonn ((CCDDSSCCOO)),, MMiinniissttrryy ooff HHeeaalltthh && FFaammiillyy WWeellffaarree ((MMooHHFFWW)) aanndd DDeeppaarrttmmeenntt ooff\nPPhhaarrmmaacceeuuttiiccaallss ((DDOOPP)),, MMiinniissttrryy ooff CChheemmiiccaallss && FFeerrttiilliizzeerrss ttiimmee ttoo ttiimmee iinn tthhiiss rreeggaarrdd..\n22.. TThhee sseelllleerrss aarree rreeggiisstteerreedd oonn GGeeMM bbaasseedd oonn sseellff--ddeeccllaarraattiioonn ooff vvaalliidd MMeeddiiccaall DDeevviiccee LLiicceennssee,, pprroodduucctt cceerrttiiffiiccaattiioonn,, tteesstt rreeppoorrttss eettcc.. HHoowweevveerr,, bbuuyyeerrss mmuusstt cchheecckk aanndd\nvvaalliiddaattee tthhee ddeettaaiillss aatt tthheeiirr eenndd ffoorr aallll aapppplliiccaabbllee lliicceennsseess aanndd cceerrttiiffiiccaattiioonnss ee..gg..,, vvaalliiddiittyy aanndd aauutthheennttiicciittyy//ggeennuuiinneenneessss ooff ddrruugg lliicceennssee,, pprroodduucctt cceerrttiiffiiccaattiioonn,,\nmmaannuuffaaccttuurreerr cceerrttiiffiiccaattiioonn//lliicceennsseess,, tteesstt rreeppoorrttss eettcc..\n33.. IInn ccaassee ooff aauutthhoorriizzeedd rreesseelllleerrss//ddiissttrriibbuuttoorrss,, iitt wwiillll bbee tthhee lleeggaall && rreegguullaattoorryy lliiaabbiilliittyy ooff tthhee mmaannuuffaaccttuurreerr ttoo eennssuurree tthhaatt tthheeiirr rreesseelllleerrss//ddiissttrriibbuuttoorrss aarree ooppeerraattiinngg iinn\nccoommpplliiaannccee wwiitthh aallll rreelleevvaanntt llaawwss aanndd rreegguullaattiioonnss aanndd aarree pprrooppeerrllyy lliicceennsseedd ttoo sseellll tthhee mmaannuuffaaccttuurreerr''ss pprroodduuccttss,, iinncclluuddiinngg vveerriiffyyiinngg tthhee vvaalliiddiittyy aanndd aauutthheennttiicciittyy ooff\nddrruugg lliicceennssee hheelldd bbyy tthheemm..\n44.. TThhee pprriiccee ooffffeerreedd bbyy tthhee sseelllleerr//bbiiddddeerr sshhaallll nnoott,, iinn aannyy ccaassee eexxcceeeedd tthhee DDPPCCOO//NNPPPPAA ccoonnttrroolllleedd pprriiccee oorr pprriiccee ffiixxeedd bbyy SSttaattee GGoovveerrnnmmeenntt,, iiff aannyy.. TThhee sseelllleerr mmuusstt rreedduuccee\ntthhee pprriicceess iiff tthheerree iiss aannyy rreedduuccttiioonn iinn DDPPCCOO//NNPPPPAA cceeiilliinngg pprriiccee oorr pprriiccee ffiixxeedd bbyy SSttaattee GGoovveerrnnmmeenntt,, iiff aannyy..\n55.. AAnnyy ootthheerr TTeerrmmss aanndd CCoonnddiittiioonnss wwhhiicchh iiss nnoott iinncclluuddeedd oorr aatt vvaarriiaannccee wwiitthh tthhee ccoonnddiittiioonnss ssppeecciiffiieedd iinn SSTTCC//GGTTCC,, mmaayy bbee aaddddeedd bbyy tthhee bbuuyyeerr tthhrroouugghh AAddddiittiioonnaall TTeerrmmss\naanndd CCoonnddiittiioonnss ((AATTCC)) iinn tthhee bbiidd ttoo eennssuurree iitteemmss aarree pprrooccuurreedd ffrroomm aauutthheennttiicc//vvaalliiddaatteedd ssoouurrccee wwiitthh aapppprroopprriiaattee aanndd aapppplliiccaabbllee qquuaalliittyy.. TThhee aabboovvee tteerrmmss aanndd\nccoonnddiittiioonnss aarree iinn rreevveerrssee oorrddeerr ooff pprreecceeddeennccee ii..ee.. AATTCC sshhaallll ssuuppeerrsseeddee ssppeecciiffiicc SSTTCC wwhhiicchh sshhaallll ssuuppeerrsseeddee GGeenneerraall TTeerrmmss aanndd CCoonnddiittiioonnss (( GGTTCC )),, wwhheenneevveerr tthheerree aarree\naannyy ccoonnfflliiccttiinngg pprroovviissiioonnss..\n22.. GGeenneerraall TTeerrmmss aanndd CCoonnddiittiioonnss--\n22..11TThhiiss ccoonnttrraacctt iiss ggoovveerrnneedd bbyy tthhee GGeenneerraall TTeerrmmss aanndd CCoonnddiittiioonnss,, ccoonnddiittiioonnss ssttiippuullaatteedd ttoo tthhiiss PPrroodduucctt//SSeerrvviiccee aass pprroovviiddeedd iinn tthhee MMaarrkkeettppllaaccee..\n22..22TThhiiss CCoonnttrraacctt bbeettwweeeenn tthhee SSeelllleerr aanndd tthhee BBuuyyeerr,, iiss ffoorr tthhee ssuuppppllyy ooff tthhee GGooooddss aanndd// oorr SSeerrvviicceess,, ddeettaaiilleedd iinn tthhee sscchheedduullee aabboovvee,, iinn aaccccoorrddaannccee wwiitthh tthhee GGeenneerraall TTeerrmmss aanndd\nCCoonnddiittiioonnss ((GGTTCC)) uunnlleessss ootthheerrwwiissee ssuuppeerrsseeddeedd bbyy GGooooddss // SSeerrvviicceess ssppeecciiffiicc SSppeecciiaall TTeerrmmss aanndd CCoonnddiittiioonnss ((SSTTCC)) aanndd// oorr BBIIDD//RReevveerrssee AAuuccttiioonn AAddddiittiioonnaall TTeerrmmss aanndd CCoonnddiittiioonnss",
          "",
          ""
        ]
      ]
    },
    {
      "page": 3,
      "table_number": 1,
      "data": [
        [
          "((AATTCC)),, aass aapppplliiccaabbllee\n22..33AAllll GGeeMM SSeelllleerrss // SSeerrvviiccee PPrroovviiddeerrss aarree mmaannddaatteedd ttoo eennssuurree ccoommpplliiaannccee wwiitthh aallll tthhee aapppplliiccaabbllee llaawwss // aaccttss // rruulleess iinncclluuddiinngg bbuutt nnoott lliimmiitteedd ttoo aallll LLaabboouurr LLaawwss ssuucchh aass TThhee\nMMiinniimmuumm WWaaggeess AAcctt,, 11994488,, TThhee PPaayymmeenntt ooff WWaaggeess AAcctt,, 11993366,, TThhee PPaayymmeenntt ooff BBoonnuuss AAcctt,, 11996655,, TThhee EEqquuaall RReemmuunneerraattiioonn AAcctt,, 11997766,, TThhee PPaayymmeenntt ooff GGrraattuuiittyy AAcctt,, 11997722 eettcc.. AAnnyy\nnnoonn--ccoommpplliiaannccee wwiillll bbee ttrreeaatteedd aass bbrreeaacchh ooff ccoonnttrraacctt aanndd BBuuyyeerr mmaayy ttaakkee ssuuiittaabbllee aaccttiioonnss aass ppeerr GGeeMM CCoonnttrraacctt.."
        ],
        [
          "NNoottee:: Sellers are required to raise invoices online as per the contract terms on GeM portal. Timely invoice submission is mandatory for compliances, smooth payment processing,\nand will also contribute to improving their ratings."
        ],
        [
          "Note: This is system generated file. No signature is required. Print out of this document is not valid for payment/ transaction purpose."
        ]
      ]
    }
  ],
  "table_count": 3,
  "total_pages": 3
}