{
  "source_file": "GEMC-511687797327464.pdf",
  "extraction_date": "2026-01-15T00:35:19.995832",
  "extraction_method": "pdfplumber",
  "metadata": {
    "Title": "Contract",
    "Creator": "wkhtmltopdf 0.12.4",
    "Producer": "Qt 4.8.7",
    "CreationDate": "D:20260108111604+05'30'"
  },
  "text_content": "(cid:16)(cid:16) ||CCoonnttrraacctt NNoo:: GEMC-511687797327464\n(cid:35)(cid:35) (cid:35)(cid:35) ||GGeenneerraatteedd DDaattee :: 08-Jan-2026\n(cid:35)(cid:35) ||OOrrggaanniissaattiioonn DDeettaaiillss (cid:35)(cid:35) ||BBuuyyeerr DDeettaaiillss\n(cid:54)(cid:55) |Type : State Government |Designation : Veterinary Officer Rajpipla\n(cid:63) |Ministry : - (cid:71) |Contact No. : 02640-220447-\n(cid:35) |Department : Rural Development Department Gujarat |Email ID : buycon33.crd.gj@gembuyer.in\n|Organisation Name : Commissionerate of Rural Development (cid:93) |GSTIN : 24BRDV01867F1DE\n(cid:71) (cid:72) (cid:63)|Office Zone: Jilla Panchayat Narmada Veterinary Dispensary Rajpipla, Near Kala Ghoda, Opp.\n|Address : Garden Rajpipla Ta:Nandod Dist:Narmada State:Gujarat,\nNarmada, GUJARAT-393145, India\n(cid:35)(cid:35) (cid:99)(cid:99) (cid:100)(cid:100) (cid:35)(cid:35) (cid:35)(cid:35) ||FFiinnaanncciiaall AApppprroovvaall DDeettaaiill (cid:54)(cid:54) (cid:35)(cid:35) (cid:35)(cid:35) ||PPaayyiinngg AAuutthhoorriittyy DDeettaaiillss\n(cid:35) |IFD Concurrence : No Role: BUYER\nDEPUTY DIRECTOR OF AH NARMADA Offline\nDesignation of Administrative Approval: Payment Mode:\n(cid:35) (cid:99) | |Designation : Veterinary Officer Rajpipla\nDEPUTY DIRECTOR OF AH NARMADA\nDesignation of Financial Approval : |Email ID : buycon33.crd.gj@gembuyer.in\n(cid:93) |GSTIN : 24BRDV01867F1DE\nVeterinary Dispensary Rajpipla, Near Kala Ghoda, Opp.\n|Address: Garden Rajpipla Ta:Nandod Dist:Narmada State:Gujarat,\nNarmada, GUJARAT-393145, India\n(cid:35)(cid:35) (cid:16)(cid:16) (cid:35)(cid:35) ||SSeelllleerr DDeettaaiillss\n(cid:35) (cid:16) |GeM Seller ID : FQDV200001883890\n|Company Name : GOURIKA ENTERPRISE\n(cid:71) |Contact No. : 09909131419\n|Email ID : enterprisegourika@gmail.com\n3,NATURE VILLA,DHAMDOD LUMBHA,BARDOLI,\n| Address :\nSurat, GUJARAT-394601, -\n(cid:111) |MSME Registration number : UDYAM-GJ-22-0022216\n(cid:93) |GSTIN: 24BQIPK1347P1ZI (R)\n(cid:35) (cid:114) |MSE Social Category : OBC\n(cid:35) (cid:114) |MSE Gender : Female\n*(cid:35) (cid:72) (cid:116) GST/TAX (cid:35) |GST / Tax invoice to be raised in the name of - Buyer\n(cid:35) (cid:35) (cid:122) | Delivery Instructions : NA\n(cid:124)(cid:124) (cid:35)(cid:35) ||PPrroodduucctt DDeettaaiillss\n(cid:127) (cid:127)\n((IINNRR (cid:116) (cid:116)\n## (cid:35)(cid:35) ||IItteemm DDeessccrriippttiioonn\nOOrrddeerreedd UUnniitt UUnniitt PPrriiccee TTaaxx BBiiffuurrccaattiioonn ((IINNRR)) PPrriiccee\nQQuuaannttiittyy ((IINNRR)) ((IInncclluussiivvee ooff\naallll DDuuttiieess aanndd\nTTaaxxeess iinn IINNRR))\n(cid:124)(cid:124) ||PPrroodduucctt NNaammee :: DECTIN Sterile Surgical Sutures , Polyglactin 910 , Pack of 12\n(cid:129)(cid:129) ||BBrraanndd :: DECTIN\n(cid:129)(cid:129) (cid:54)(cid:54) ||BBrraanndd TTyyppee :: Registered Brand\n(cid:131)(cid:131) (cid:35)(cid:35)(cid:132)(cid:132)(cid:35)(cid:35) ||CCaattaalloogguuee SSttaattuuss:: OEM verified catalogue\n1 8 packet 1,871 NA 14,968\n| |SSeelllliinngg AAss :: OEM verified Reseller\n(cid:114)(cid:114) (cid:134) (cid:134) ||CCaatteeggoorryy NNaammee && QQuuaaddrraanntt :: Surgical Sutures (Q2)\n||MMooddeell:: CYG 2421 DECTIN 1\n||HHSSNN CCooddee:: HSN not specified by seller\n(cid:71) (cid:127) |Total Order Value (in INR) 1144,,996688\n(cid:35) (cid:35) (cid:35)(cid:35) ||CCoonnssiiggnneeee DDeettaaiill\n(cid:16)(cid:16).. . .||SS..NNoo (cid:35) (cid:35) ||CCoonnssiiggnneeee (cid:100)(cid:100) | |IItteemm (cid:63)(cid:63) ||QQuuaannttiittyy | |\nLLoott NNoo.. BBee\nDDeelliivveerryy SSttaarrtt\nCCoommpplleetteedd\nAAfftteerr\nBByy\n| Designation : Veterinary Officer Rajpipla\n|Email ID : buycon33.crd.gj@gembuyer.in\n(cid:71)|Contact : 02640-220447- DECTIN Sterile Surgical\n1 (cid:93) |GSTIN : 24BRDV01867F1DE Sutures , Polyglactin 910 - 8 08-Jan-2026 23-Jan-2026\n|Address : Veterinary Dispensary Rajpipla, Near Kala Ghoda, Opp. , Pack of 12\nGarden Rajpipla Ta:Nandod Dist:Narmada State:Gujarat,\nNarmada, GUJARAT-393145, India\nPPrroodduucctt SSppeecciiffiiccaattiioonn ffoorr DDEECCTTIINN SStteerriillee SSuurrggiiccaall SSuuttuurreess ,, PPoollyyggllaaccttiinn 991100 ,, PPaacckk ooff 1122\n(cid:35)(cid:35) (cid:35)(cid:35) (cid:122)(cid:122) ||SSppeecciifificcaattiioonn --(cid:35)(cid:35) (cid:35)(cid:35) (cid:122)(cid:122) ||SSuubb--SSppeecc (cid:127) (cid:127) ||VVaalluuee\nSterility Sterile\nType of Suture Absorbable\nSuture Material (Medical Grade) Polyglactin 910\nSuture Construction Multi-filament\nSuture Size 1\nPRODUCT\nINFORMATION\nSuture Length ( 2cm) 90 cm\nNeedle included Single Arm Needle\nType of Needle Reverse Cutting\nNeedle Length of each arm ( 0.5mm) 40 mm\nNeedle Shape (Curvature) 1/2 circle\nPACKING Number of Strands per Pack 12\nShelf life from the date of manufacture (in months) 24\nSHELF LIFE\nAgree to provide residual shelf life of atleast 75% of total shelf life at the time\nResidual shelf life of the product\nof delivery to the consignee\nCompliance to Drugs and Cosmetic Act 1940 and Medical Device Rules\nYes\n(MDR) 2017 as amended till date\nAvailability of valid Medical Device license for the product issued from the\nYes\nCERTIFICATIONS competent authority\nValid CDSCO Medical Device License Number MFG/MD/2023/000164\nLicence issuing authority as per MDR Central Licencing Authority\nNNAA\n(cid:35)(cid:35) (cid:142)|(cid:142)|TTeerrmmss aanndd CCoonnddiittiioonnss\n11.. SSppeecciiaall tteerrmmss aanndd ccoonnddiittiioonnss-- VVeerrssiioonn::11 eeffffeeccttiivvee ffrroomm 1144--1111--22002255\n11..11 11.. AAllll PPrroovviissiioonnss ooff DDrruuggss aanndd CCoossmmeettiiccss AAcctt,, 11994400 aanndd RRuulleess ((iinncclluuddiinngg MMeeddiiccaall DDeevviiccee RRuullee 22001177)) mmaaddee tthheerree uunnddeerr aanndd aallll ssuubbsseeqquueenntt aammeennddmmeennttss ttiillll ddaattee wwiillll\naallwwaayyss bbee aapppplliiccaabbllee.. TThhiiss wwiillll iinncclluuddee aallll nnoottiiffiiccaattiioonnss iissssuueedd bbyy CCeennttrraall DDrruuggss SSttaannddaarrdd CCoonnttrrooll OOrrggaanniizzaattiioonn ((CCDDSSCCOO)),, MMiinniissttrryy ooff HHeeaalltthh && FFaammiillyy WWeellffaarree ((MMooHHFFWW))\naanndd DDeeppaarrttmmeenntt ooff PPhhaarrmmaacceeuuttiiccaallss ((DDOOPP)),, MMiinniissttrryy ooff CChheemmiiccaallss && FFeerrttiilliizzeerrss iinn tthhiiss rreeggaarrdd..\n22.. TThhee sseelllleerr ss rreeggiissttrraattiioonn aanndd pprroodduucctt uuppllooaadd oonn GGeeMM iiss bbaasseedd oonn tthheeiirr ddeeccllaarraattiioonn ooff ppoosssseessssiinngg aa vvaalliidd MMeeddiiccaall DDeevviiccee LLiicceennssee ffoorr tthhee pprroodduucctt,, cceerrttiiffiiccaattiioonnss,, tteesstt\nrreeppoorrttss aass ppeerr MMDDRR ((22001177)),, llaatteesstt aammeennddeedd.. HHoowweevveerr,, bbuuyyeerrss mmuusstt cchheecckk,, vvaalliiddaattee aanndd vveerriiffyy tthhee ddeettaaiillss aatt tthheeiirr eenndd ffoorr aallll aapppplliiccaabbllee lliicceennsseess aanndd cceerrttiiffiiccaattiioonnss ee..gg..,,\nvvaalliiddiittyy aanndd aauutthheennttiicciittyy//ggeennuuiinneenneessss ooff mmeeddiiccaall ddeevviiccee lliicceennssee ((oorr rreeggiissttrraattiioonn)),, pprroodduucctt cceerrttiiffiiccaattiioonnss,, mmaannuuffaaccttuurreerr ss cceerrttiiffiiccaattiioonnss// lliicceennsseess,, tteesstt rreeppoorrttss aatt tthhee ttiimmee\nooff ssuuppppllyy..\n33.. IInn ccaassee ooff aauutthhoorriizzeedd rreesseelllleerrss//ddiissttrriibbuuttoorrss,, iitt wwiillll bbee tthhee lleeggaall aanndd rreegguullaattoorryy lliiaabbiilliittyy ooff tthhee mmaannuuffaaccttuurreerr ttoo eennssuurree tthhaatt tthheeiirr rreesseelllleerrss//ddiissttrriibbuuttoorrss aarree ooppeerraattiinngg iinn\nccoommpplliiaannccee wwiitthh aallll rreelleevvaanntt llaawwss aanndd rreegguullaattiioonnss,, aanndd aarree lliicceennsseedd ttoo sseellll tthhee mmaannuuffaaccttuurreerr''ss pprroodduuccttss,, iinncclluuddiinngg vveerriiffyyiinngg tthhee vvaalliiddiittyy aanndd aauutthheennttiicciittyy ooff lliicceennssee hheelldd\nbbyy tthheemm..\n44.. AAnnyy ootthheerr TTeerrmmss aanndd CCoonnddiittiioonnss wwhhiicchh iiss nnoott iinncclluuddeedd oorr aatt vvaarriiaannccee wwiitthh tthhee ccoonnddiittiioonnss ssppeecciiffiieedd iinn SSTTCC//GGTTCC,, mmaayy bbee aaddddeedd bbyy tthhee bbuuyyeerr tthhrroouugghh AAddddiittiioonnaall TTeerrmmss\naanndd CCoonnddiittiioonnss ((AATTCC)) iinn tthhee bbiidd ttoo eennssuurree iitteemmss aarree pprrooccuurreedd ffrroomm aauutthheennttiicc//vvaalliiddaatteedd ssoouurrccee wwiitthh aapppprroopprriiaattee aanndd aapppplliiccaabbllee qquuaalliittyy.. TThhee aabboovvee tteerrmmss aanndd\nccoonnddiittiioonnss aarree iinn rreevveerrssee oorrddeerr ooff pprreecceeddeennccee ii..ee.. BBIIDD AATTCC sshhaallll ssuuppeerrsseeddee ssppeecciiffiicc SSTTCC wwhhiicchh sshhaallll ssuuppeerrsseeddee GGeenneerraall TTeerrmmss aanndd CCoonnddiittiioonnss ((GGTTCC)),, wwhheenneevveerr tthheerree\naarree aannyy ccoonnfflliiccttiinngg pprroovviissiioonnss..\n55.. PPaacckkiinngg aanndd MMaarrkkiinngg:: SShhoouulldd bbee aass ppeerr MMDDRR..\n22.. GGeenneerraall TTeerrmmss aanndd CCoonnddiittiioonnss--\n22..11TThhiiss ccoonnttrraacctt iiss ggoovveerrnneedd bbyy tthhee GGeenneerraall TTeerrmmss aanndd CCoonnddiittiioonnss,, ccoonnddiittiioonnss ssttiippuullaatteedd ttoo tthhiiss PPrroodduucctt//SSeerrvviiccee aass pprroovviiddeedd iinn tthhee MMaarrkkeettppllaaccee..\n22..22TThhiiss CCoonnttrraacctt bbeettwweeeenn tthhee SSeelllleerr aanndd tthhee BBuuyyeerr,, iiss ffoorr tthhee ssuuppppllyy ooff tthhee GGooooddss aanndd// oorr SSeerrvviicceess,, ddeettaaiilleedd iinn tthhee sscchheedduullee aabboovvee,, iinn aaccccoorrddaannccee wwiitthh tthhee GGeenneerraall TTeerrmmss aanndd\nCCoonnddiittiioonnss ((GGTTCC)) uunnlleessss ootthheerrwwiissee ssuuppeerrsseeddeedd bbyy GGooooddss // SSeerrvviicceess ssppeecciiffiicc SSppeecciiaall TTeerrmmss aanndd CCoonnddiittiioonnss ((SSTTCC)) aanndd// oorr BBIIDD//RReevveerrssee AAuuccttiioonn AAddddiittiioonnaall TTeerrmmss aanndd CCoonnddiittiioonnss\n((AATTCC)),, aass aapppplliiccaabbllee\n22..33AAllll GGeeMM SSeelllleerrss // SSeerrvviiccee PPrroovviiddeerrss aarree mmaannddaatteedd ttoo eennssuurree ccoommpplliiaannccee wwiitthh aallll tthhee aapppplliiccaabbllee llaawwss // aaccttss // rruulleess iinncclluuddiinngg bbuutt nnoott lliimmiitteedd ttoo aallll LLaabboouurr LLaawwss ssuucchh aass TThhee\nMMiinniimmuumm WWaaggeess AAcctt,, 11994488,, TThhee PPaayymmeenntt ooff WWaaggeess AAcctt,, 11993366,, TThhee PPaayymmeenntt ooff BBoonnuuss AAcctt,, 11996655,, TThhee EEqquuaall RReemmuunneerraattiioonn AAcctt,, 11997766,, TThhee PPaayymmeenntt ooff GGrraattuuiittyy AAcctt,, 11997722 eettcc.. AAnnyy\nnnoonn--ccoommpplliiaannccee wwiillll bbee ttrreeaatteedd aass bbrreeaacchh ooff ccoonnttrraacctt aanndd BBuuyyeerr mmaayy ttaakkee ssuuiittaabbllee aaccttiioonnss aass ppeerr GGeeMM CCoonnttrraacctt..\nNNoottee:: Sellers are required to raise invoices online as per the contract terms on GeM portal. Timely invoice submission is mandatory for compliances, smooth payment processing,\nand will also contribute to improving their ratings.\nNote: This is system generated file. No signature is required. Print out of this document is not valid for payment/ transaction purpose.",
  "tables": [
    {
      "page": 1,
      "table_number": 1,
      "data": [
        [
          "(cid:35)(cid:35) ||OOrrggaanniissaattiioonn DDeettaaiillss (cid:35)(cid:35) ||BBuuyyeerr DDeettaaiillss\n(cid:54)(cid:55) |Type : State Government |Designation : Veterinary Officer Rajpipla\n(cid:63) |Ministry : - (cid:71) |Contact No. : 02640-220447-\n(cid:35) |Department : Rural Development Department Gujarat |Email ID : buycon33.crd.gj@gembuyer.in\n|Organisation Name : Commissionerate of Rural Development (cid:93) |GSTIN : 24BRDV01867F1DE\n(cid:71) (cid:72) (cid:63)|Office Zone: Jilla Panchayat Narmada Veterinary Dispensary Rajpipla, Near Kala Ghoda, Opp.\n|Address : Garden Rajpipla Ta:Nandod Dist:Narmada State:Gujarat,\nNarmada, GUJARAT-393145, India",
          "",
          "",
          "",
          "",
          "",
          "",
          "",
          "",
          "",
          "",
          ""
        ],
        [
          "(cid:35)(cid:35) (cid:99)(cid:99) (cid:100)(cid:100) (cid:35)(cid:35) (cid:35)(cid:35) ||FFiinnaanncciiaall AApppprroovvaall DDeettaaiill (cid:54)(cid:54) (cid:35)(cid:35) (cid:35)(cid:35) ||PPaayyiinngg AAuutthhoorriittyy DDeettaaiillss\n(cid:35) |IFD Concurrence : No Role: BUYER\nDEPUTY DIRECTOR OF AH NARMADA Offline\nDesignation of Administrative Approval: Payment Mode:\n(cid:35) (cid:99) | |Designation : Veterinary Officer Rajpipla\nDEPUTY DIRECTOR OF AH NARMADA\nDesignation of Financial Approval : |Email ID : buycon33.crd.gj@gembuyer.in\n(cid:93) |GSTIN : 24BRDV01867F1DE\nVeterinary Dispensary Rajpipla, Near Kala Ghoda, Opp.\n|Address: Garden Rajpipla Ta:Nandod Dist:Narmada State:Gujarat,\nNarmada, GUJARAT-393145, India",
          "",
          "",
          "",
          "",
          "",
          "",
          "",
          "",
          "",
          "",
          ""
        ],
        [
          "(cid:35)(cid:35) (cid:16)(cid:16) (cid:35)(cid:35) ||SSeelllleerr DDeettaaiillss\n(cid:35) (cid:16) |GeM Seller ID : FQDV200001883890\n|Company Name : GOURIKA ENTERPRISE\n(cid:71) |Contact No. : 09909131419\n|Email ID : enterprisegourika@gmail.com\n3,NATURE VILLA,DHAMDOD LUMBHA,BARDOLI,\n| Address :\nSurat, GUJARAT-394601, -\n(cid:111) |MSME Registration number : UDYAM-GJ-22-0022216\n(cid:93) |GSTIN: 24BQIPK1347P1ZI (R)",
          "",
          "",
          "",
          "",
          "",
          "",
          "",
          "",
          "",
          "",
          ""
        ],
        [
          "(cid:35) (cid:114) |MSE Social Category : OBC\n(cid:35) (cid:114) |MSE Gender : Female",
          "",
          "",
          "",
          "",
          "",
          "",
          "",
          "",
          "",
          "",
          ""
        ],
        [
          "*(cid:35) (cid:72) (cid:116) GST/TAX (cid:35) |GST / Tax invoice to be raised in the name of - Buyer",
          "",
          "",
          "",
          "",
          "",
          "",
          "",
          "",
          "",
          "",
          ""
        ],
        [
          "(cid:35) (cid:35) (cid:122) | Delivery Instructions : NA",
          "",
          "",
          "",
          "",
          "",
          "",
          "",
          "",
          "",
          "",
          ""
        ],
        [
          "(cid:124)(cid:124) (cid:35)(cid:35) ||PPrroodduucctt DDeettaaiillss",
          "",
          "",
          "",
          "",
          "",
          "",
          "",
          "",
          "",
          "",
          ""
        ],
        [
          "",
          "(cid:35)(cid:35) ||IItteemm DDeessccrriippttiioonn",
          "",
          "",
          "OOrrddeerreedd\nQQuuaannttiittyy",
          "",
          "",
          "((IINNRR))||\nUUnniitt PPrriiccee\n((IINNRR))",
          "",
          "TTaaxx BBiiffuurrccaattiioonn ((IINNRR))",
          "",
          "(cid:127) (cid:127)\n((IINNRR (cid:116) (cid:116)\nPPrriiccee\n((IInncclluussiivvee ooff\naallll DDuuttiieess aanndd\nTTaaxxeess iinn IINNRR))"
        ],
        [
          "1",
          "(cid:124)(cid:124) ||PPrroodduucctt NNaammee :: DECTIN Sterile Surgical Sutures , Polyglactin 910 , Pack of 12\n(cid:129)(cid:129) ||BBrraanndd :: DECTIN\n(cid:129)(cid:129) (cid:54)(cid:54) ||BBrraanndd TTyyppee :: Registered Brand\n(cid:131)(cid:131) (cid:35)(cid:35)(cid:132)(cid:132)(cid:35)(cid:35) ||CCaattaalloogguuee SSttaattuuss:: OEM verified catalogue\n| |SSeelllliinngg AAss :: OEM verified Reseller\n(cid:114)(cid:114) (cid:134) (cid:134) ||CCaatteeggoorryy NNaammee && QQuuaaddrraanntt :: Surgical Sutures (Q2)\n||MMooddeell:: CYG 2421 DECTIN 1\n||HHSSNN CCooddee:: HSN not specified by seller",
          "",
          "",
          "8",
          "packet",
          "",
          "1,871",
          "",
          "NA",
          "",
          "14,968"
        ],
        [
          "(cid:71) (cid:127) |Total Order Value (in INR)",
          "",
          "",
          "",
          "",
          "",
          "",
          "",
          "",
          "",
          "",
          "1144,,996688"
        ],
        [
          "(cid:35) (cid:35) (cid:35)(cid:35) ||CCoonnssiiggnneeee DDeettaaiill",
          "",
          "",
          "",
          "",
          "",
          "",
          "",
          "",
          "",
          "",
          ""
        ],
        [
          "(cid:16)(cid:16).. . .||SS..NNoo",
          "",
          "(cid:35) (cid:35) ||CCoonnssiiggnneeee",
          "(cid:100)(cid:100) | |IItteemm",
          "",
          "",
          "",
          "",
          "(cid:63)(cid:63) ||QQuuaannttiittyy",
          "",
          "DDeelliivveerryy SSttaarrtt\nAAfftteerr",
          "DDeelliivveerryy TToo\nBBee\nCCoommpplleetteedd\nBByy"
        ],
        [
          "",
          "",
          "| Designation : Veterinary Officer Rajpipla\n|Email ID : buycon33.crd.gj@gembuyer.in\n(cid:71)|Contact : 02640-220447-",
          "DECTIN Sterile Surgical",
          "",
          "",
          "",
          "",
          "",
          "",
          "",
          ""
        ]
      ]
    },
    {
      "page": 2,
      "table_number": 1,
      "data": [
        [
          "1 (cid:93) |GSTIN : 24BRDV01867F1DE Sutures , Polyglactin 910 - 8 08-Jan-2026 23-Jan-2026\n|Address : Veterinary Dispensary Rajpipla, Near Kala Ghoda, Opp. , Pack of 12\nGarden Rajpipla Ta:Nandod Dist:Narmada State:Gujarat,\nNarmada, GUJARAT-393145, India",
          "",
          ""
        ],
        [
          "PPrroodduucctt SSppeecciiffiiccaattiioonn ffoorr DDEECCTTIINN SStteerriillee SSuurrggiiccaall SSuuttuurreess ,, PPoollyyggllaaccttiinn 991100 ,, PPaacckk ooff 1122",
          "",
          ""
        ],
        [
          "(cid:35)(cid:35) (cid:35)(cid:35) (cid:122)(cid:122) ||SSppeecciifificcaattiioonn",
          "--(cid:35)(cid:35) (cid:35)(cid:35) (cid:122)(cid:122) ||SSuubb--SSppeecc",
          "(cid:127) (cid:127) ||VVaalluuee"
        ],
        [
          "PRODUCT\nINFORMATION",
          "Sterility",
          "Sterile"
        ],
        [
          "",
          "Type of Suture",
          "Absorbable"
        ],
        [
          "",
          "Suture Material (Medical Grade)",
          "Polyglactin 910"
        ],
        [
          "",
          "Suture Construction",
          "Multi-filament"
        ],
        [
          "",
          "Suture Size",
          "1"
        ],
        [
          "",
          "Suture Length ( 2cm)",
          "90 cm"
        ],
        [
          "",
          "Needle included",
          "Single Arm Needle"
        ],
        [
          "",
          "Type of Needle",
          "Reverse Cutting"
        ],
        [
          "",
          "Needle Length of each arm ( 0.5mm)",
          "40 mm"
        ],
        [
          "",
          "Needle Shape (Curvature)",
          "1/2 circle"
        ],
        [
          "PACKING",
          "Number of Strands per Pack",
          "12"
        ],
        [
          "SHELF LIFE",
          "Shelf life from the date of manufacture (in months)",
          "24"
        ],
        [
          "",
          "Residual shelf life of the product",
          "Agree to provide residual shelf life of atleast 75% of total shelf life at the time\nof delivery to the consignee"
        ],
        [
          "CERTIFICATIONS",
          "Compliance to Drugs and Cosmetic Act 1940 and Medical Device Rules\n(MDR) 2017 as amended till date",
          "Yes"
        ],
        [
          "",
          "Availability of valid Medical Device license for the product issued from the\ncompetent authority",
          "Yes"
        ],
        [
          "",
          "Valid CDSCO Medical Device License Number",
          "MFG/MD/2023/000164"
        ],
        [
          "",
          "Licence issuing authority as per MDR",
          "Central Licencing Authority"
        ],
        [
          "NNAA",
          "",
          ""
        ],
        [
          "(cid:35)(cid:35) (cid:142)|(cid:142)|TTeerrmmss aanndd CCoonnddiittiioonnss\n11.. SSppeecciiaall tteerrmmss aanndd ccoonnddiittiioonnss-- VVeerrssiioonn::11 eeffffeeccttiivvee ffrroomm 1144--1111--22002255\n11..11 11.. AAllll PPrroovviissiioonnss ooff DDrruuggss aanndd CCoossmmeettiiccss AAcctt,, 11994400 aanndd RRuulleess ((iinncclluuddiinngg MMeeddiiccaall DDeevviiccee RRuullee 22001177)) mmaaddee tthheerree uunnddeerr aanndd aallll ssuubbsseeqquueenntt aammeennddmmeennttss ttiillll ddaattee wwiillll\naallwwaayyss bbee aapppplliiccaabbllee.. TThhiiss wwiillll iinncclluuddee aallll nnoottiiffiiccaattiioonnss iissssuueedd bbyy CCeennttrraall DDrruuggss SSttaannddaarrdd CCoonnttrrooll OOrrggaanniizzaattiioonn ((CCDDSSCCOO)),, MMiinniissttrryy ooff HHeeaalltthh && FFaammiillyy WWeellffaarree ((MMooHHFFWW))\naanndd DDeeppaarrttmmeenntt ooff PPhhaarrmmaacceeuuttiiccaallss ((DDOOPP)),, MMiinniissttrryy ooff CChheemmiiccaallss && FFeerrttiilliizzeerrss iinn tthhiiss rreeggaarrdd..\n22.. TThhee sseelllleerr ss rreeggiissttrraattiioonn aanndd pprroodduucctt uuppllooaadd oonn GGeeMM iiss bbaasseedd oonn tthheeiirr ddeeccllaarraattiioonn ooff ppoosssseessssiinngg aa vvaalliidd MMeeddiiccaall DDeevviiccee LLiicceennssee ffoorr tthhee pprroodduucctt,, cceerrttiiffiiccaattiioonnss,, tteesstt\nrreeppoorrttss aass ppeerr MMDDRR ((22001177)),, llaatteesstt aammeennddeedd.. HHoowweevveerr,, bbuuyyeerrss mmuusstt cchheecckk,, vvaalliiddaattee aanndd vveerriiffyy tthhee ddeettaaiillss aatt tthheeiirr eenndd ffoorr aallll aapppplliiccaabbllee lliicceennsseess aanndd cceerrttiiffiiccaattiioonnss ee..gg..,,\nvvaalliiddiittyy aanndd aauutthheennttiicciittyy//ggeennuuiinneenneessss ooff mmeeddiiccaall ddeevviiccee lliicceennssee ((oorr rreeggiissttrraattiioonn)),, pprroodduucctt cceerrttiiffiiccaattiioonnss,, mmaannuuffaaccttuurreerr ss cceerrttiiffiiccaattiioonnss// lliicceennsseess,, tteesstt rreeppoorrttss aatt tthhee ttiimmee\nooff ssuuppppllyy..\n33.. IInn ccaassee ooff aauutthhoorriizzeedd rreesseelllleerrss//ddiissttrriibbuuttoorrss,, iitt wwiillll bbee tthhee lleeggaall aanndd rreegguullaattoorryy lliiaabbiilliittyy ooff tthhee mmaannuuffaaccttuurreerr ttoo eennssuurree tthhaatt tthheeiirr rreesseelllleerrss//ddiissttrriibbuuttoorrss aarree ooppeerraattiinngg iinn\nccoommpplliiaannccee wwiitthh aallll rreelleevvaanntt llaawwss aanndd rreegguullaattiioonnss,, aanndd aarree lliicceennsseedd ttoo sseellll tthhee mmaannuuffaaccttuurreerr''ss pprroodduuccttss,, iinncclluuddiinngg vveerriiffyyiinngg tthhee vvaalliiddiittyy aanndd aauutthheennttiicciittyy ooff lliicceennssee hheelldd\nbbyy tthheemm..\n44.. AAnnyy ootthheerr TTeerrmmss aanndd CCoonnddiittiioonnss wwhhiicchh iiss nnoott iinncclluuddeedd oorr aatt vvaarriiaannccee wwiitthh tthhee ccoonnddiittiioonnss ssppeecciiffiieedd iinn SSTTCC//GGTTCC,, mmaayy bbee aaddddeedd bbyy tthhee bbuuyyeerr tthhrroouugghh AAddddiittiioonnaall TTeerrmmss\naanndd CCoonnddiittiioonnss ((AATTCC)) iinn tthhee bbiidd ttoo eennssuurree iitteemmss aarree pprrooccuurreedd ffrroomm aauutthheennttiicc//vvaalliiddaatteedd ssoouurrccee wwiitthh aapppprroopprriiaattee aanndd aapppplliiccaabbllee qquuaalliittyy.. TThhee aabboovvee tteerrmmss aanndd\nccoonnddiittiioonnss aarree iinn rreevveerrssee oorrddeerr ooff pprreecceeddeennccee ii..ee.. BBIIDD AATTCC sshhaallll ssuuppeerrsseeddee ssppeecciiffiicc SSTTCC wwhhiicchh sshhaallll ssuuppeerrsseeddee GGeenneerraall TTeerrmmss aanndd CCoonnddiittiioonnss ((GGTTCC)),, wwhheenneevveerr tthheerree\naarree aannyy ccoonnfflliiccttiinngg pprroovviissiioonnss..\n55.. PPaacckkiinngg aanndd MMaarrkkiinngg:: SShhoouulldd bbee aass ppeerr MMDDRR..\n22.. GGeenneerraall TTeerrmmss aanndd CCoonnddiittiioonnss--\n22..11TThhiiss ccoonnttrraacctt iiss ggoovveerrnneedd bbyy tthhee GGeenneerraall TTeerrmmss aanndd CCoonnddiittiioonnss,, ccoonnddiittiioonnss ssttiippuullaatteedd ttoo tthhiiss PPrroodduucctt//SSeerrvviiccee aass pprroovviiddeedd iinn tthhee MMaarrkkeettppllaaccee..\n22..22TThhiiss CCoonnttrraacctt bbeettwweeeenn tthhee SSeelllleerr aanndd tthhee BBuuyyeerr,, iiss ffoorr tthhee ssuuppppllyy ooff tthhee GGooooddss aanndd// oorr SSeerrvviicceess,, ddeettaaiilleedd iinn tthhee sscchheedduullee aabboovvee,, iinn aaccccoorrddaannccee wwiitthh tthhee GGeenneerraall TTeerrmmss aanndd\nCCoonnddiittiioonnss ((GGTTCC)) uunnlleessss ootthheerrwwiissee ssuuppeerrsseeddeedd bbyy GGooooddss // SSeerrvviicceess ssppeecciiffiicc SSppeecciiaall TTeerrmmss aanndd CCoonnddiittiioonnss ((SSTTCC)) aanndd// oorr BBIIDD//RReevveerrssee AAuuccttiioonn AAddddiittiioonnaall TTeerrmmss aanndd CCoonnddiittiioonnss\n((AATTCC)),, aass aapppplliiccaabbllee\n22..33AAllll GGeeMM SSeelllleerrss // SSeerrvviiccee PPrroovviiddeerrss aarree mmaannddaatteedd ttoo eennssuurree ccoommpplliiaannccee wwiitthh aallll tthhee aapppplliiccaabbllee llaawwss // aaccttss // rruulleess iinncclluuddiinngg bbuutt nnoott lliimmiitteedd ttoo aallll LLaabboouurr LLaawwss ssuucchh aass TThhee\nMMiinniimmuumm WWaaggeess AAcctt,, 11994488,, TThhee PPaayymmeenntt ooff WWaaggeess AAcctt,, 11993366,, TThhee PPaayymmeenntt ooff BBoonnuuss AAcctt,, 11996655,, TThhee EEqquuaall RReemmuunneerraattiioonn AAcctt,, 11997766,, TThhee PPaayymmeenntt ooff GGrraattuuiittyy AAcctt,, 11997722 eettcc.. AAnnyy\nnnoonn--ccoommpplliiaannccee wwiillll bbee ttrreeaatteedd aass bbrreeaacchh ooff ccoonnttrraacctt aanndd BBuuyyeerr mmaayy ttaakkee ssuuiittaabbllee aaccttiioonnss aass ppeerr GGeeMM CCoonnttrraacctt..",
          "",
          ""
        ]
      ]
    },
    {
      "page": 3,
      "table_number": 1,
      "data": [
        [
          "NNoottee:: Sellers are required to raise invoices online as per the contract terms on GeM portal. Timely invoice submission is mandatory for compliances, smooth payment processing,\nand will also contribute to improving their ratings."
        ],
        [
          "Note: This is system generated file. No signature is required. Print out of this document is not valid for payment/ transaction purpose."
        ]
      ]
    }
  ],
  "table_count": 3,
  "total_pages": 3
}