{
  "source_file": "GEMC-511687775422873.pdf",
  "extraction_date": "2026-01-15T00:35:14.393155",
  "extraction_method": "pdfplumber",
  "metadata": {
    "Title": "Contract",
    "Creator": "wkhtmltopdf 0.12.4",
    "Producer": "Qt 4.8.7",
    "CreationDate": "D:20260108122634+05'30'"
  },
  "text_content": "(cid:16)(cid:16) ||CCoonnttrraacctt NNoo:: GEMC-511687775422873\n(cid:34)(cid:34) (cid:34)(cid:34) ||GGeenneerraatteedd DDaattee :: 08-Jan-2026\n(cid:34)(cid:34) ||OOrrggaanniissaattiioonn DDeettaaiillss (cid:34)(cid:34) ||BBuuyyeerr DDeettaaiillss\n(cid:53)(cid:54) |Type : State Government |Designation : SENIOR ASSISTANT\n(cid:62) |Ministry : - (cid:76) |Contact No. : 020-27462486-\nPublic Health and Family Welfare Department |Email ID : con25.phfwdm.mh@gembuyer.in\n(cid:34) |Department :\nMaharashtra (cid:96) |GSTIN : 27AAJAM2438E1DW\n|Organisation Name ESIS Hospital, Mohanangar, Chinchwad,pune,\nN/A |Address :\n: PUNE CITY, MAHARASHTRA-411019, India\n(cid:76) (cid:77) (cid:62)|Office Zone: MAHARASHTRA\n(cid:34)(cid:34) (cid:101)(cid:101) (cid:102)(cid:102) (cid:34)(cid:34) (cid:34)(cid:34) ||FFiinnaanncciiaall AApppprroovvaall DDeettaaiill (cid:53)(cid:53) (cid:34)(cid:34) (cid:34)(cid:34) ||PPaayyiinngg AAuutthhoorriittyy DDeettaaiillss\n(cid:34) |IFD Concurrence : No Role: BUYER\nDDO Offline\nDesignation of Administrative Approval: Payment Mode:\n(cid:34) (cid:101) | |Designation : SENIOR ASSISTANT\nDDO\nDesignation of Financial Approval : |Email ID : con25.phfwdm.mh@gembuyer.in\n(cid:96) |GSTIN : 27AAJAM2438E1DW\nESIS Hospital, Mohanangar, Chinchwad,pune,\n|Address:\nPUNE CITY, MAHARASHTRA-411019, India\n(cid:34)(cid:34) (cid:16)(cid:16) (cid:34)(cid:34) ||SSeelllleerr DDeettaaiillss\n(cid:34) (cid:16) |GeM Seller ID : 6N1S220005145111\n|Company Name : JASWIK INNOVATIONS PRIVATE LIMITED\n(cid:76) |Contact No. : 09970354400\n|Email ID : jaswik.in@gmail.com\n1ST FLOOR, 10/1,,PANCHSHEEL HSG. SOCIETY, SEC 27 C/2,NEAR GAJANAN MAHARAJ TEMPLE,NIGDI PRADHIKARAN, PUNE,\n| Address :\nPune, MAHARASHTRA-411044, -\n(cid:113) |MSME Registration number : UDYAM-MH-26-0182726\n(cid:96) |GSTIN: 27AAFCJ3377H1ZC (R)\n(cid:34) (cid:116) |MSE Social Category : ST\n(cid:34) (cid:116) |MSE Gender : Female\n*(cid:34) (cid:77) (cid:118) GST/TAX (cid:34) |GST / Tax invoice to be raised in the name of - Buyer\n(cid:34) (cid:34) (cid:123) | Delivery Instructions : NA\n(cid:125)(cid:125) (cid:34)(cid:34) ||PPrroodduucctt DDeettaaiillss\n(cid:129) (cid:129)\n((IINNRR (cid:118) (cid:118)\n## (cid:34)(cid:34) ||IItteemm DDeessccrriippttiioonn TTaaxx BBiiffuurrccaattiioonn\nOOrrddeerreedd UUnniitt UUnniitt PPrriiccee PPrriiccee\n((IINNRR))\nQQuuaannttiittyy ((IINNRR)) ((IInncclluussiivvee ooff\naallll DDuuttiieess aanndd\nTTaaxxeess iinn IINNRR))\n(cid:125)(cid:125) ||PPrroodduucctt NNaammee :: Mericron XL Sterile Surgical Sutures , Black Braided Silk , Pack\nof 6\n(cid:131)(cid:131) ||BBrraanndd :: Mericron XL\n(cid:131)(cid:131) (cid:53)(cid:53) ||BBrraanndd TTyyppee :: Registered Brand\n1 (cid:133)(cid:133) (cid:34)(cid:34)(cid:134)(cid:134)(cid:34)(cid:34) ||CCaattaalloogguuee SSttaattuuss:: OEM verified catalogue 2 packet 9,000 NA 18,000\n| |SSeelllliinngg AAss :: OEM verified Reseller\n(cid:116)(cid:116) (cid:136) (cid:136) ||CCaatteeggoorryy NNaammee && QQuuaaddrraanntt :: Surgical Sutures (Q2)\n||MMooddeell:: MERICRON XL ME4843\n||HHSSNN CCooddee:: HSN not specified by seller\n(cid:76) (cid:129) |Total Order Value (in INR) 1188,,000000\n(cid:34) (cid:34) (cid:34)(cid:34) ||CCoonnssiiggnneeee DDeettaaiill\n(cid:16)(cid:16).. . .||SS..NNoo (cid:34) (cid:34) ||CCoonnssiiggnneeee (cid:102)(cid:102) | |IItteemm (cid:62)(cid:62) ||QQuuaannttiittyy | |\nLLoott NNoo.. BBee\nDDeelliivveerryy SSttaarrtt\nCCoommpplleetteedd\nAAfftteerr\nBByy\n| Designation : Steaward\n|Email ID : mschinchwad.esis@gmail.com\nMericron XL Sterile\n(cid:76)|Contact : --\n1 (cid:96) |GSTIN : - Surgical Sutures , Black - 2 08-Jan-2026 23-Jan-2026\n|Address : ESIS Hospital, Mohanangar, Chinchwad,pune, Braided Silk , Pack of 6\nPUNE CITY, MAHARASHTRA-411019, India\nPPrroodduucctt SSppeecciiffiiccaattiioonn ffoorr MMeerriiccrroonn XXLL SStteerriillee SSuurrggiiccaall SSuuttuurreess ,, BBllaacckk BBrraaiiddeedd SSiillkk ,, PPaacckk ooff 66\n(cid:34)(cid:34) (cid:34)(cid:34) (cid:123)(cid:123) ||SSppeecciifificcaattiioonn --(cid:34)(cid:34) (cid:34)(cid:34) (cid:123)(cid:123) ||SSuubb--SSppeecc (cid:129) (cid:129) ||VVaalluuee\nSterility Sterile\nType of Suture Non Absorbable\nSuture Material (Medical Grade) Black Braided Silk\nSuture Construction Multi-filament\nSuture Size 2\nPRODUCT\nINFORMATION\nSuture Length ( 2cm) 75 cm\nNeedle included Single Arm Needle\nType of Needle Taper Cut\nNeedle Length of each arm ( 0.5mm) 45 mm\nNeedle Shape (Curvature) 1/2 circle\nPACKING Number of Strands per Pack 6\nShelf life from the date of manufacture (in months) 24\nSHELF LIFE\nAgree to provide residual shelf life of atleast 75% of total shelf life at the time\nResidual shelf life of the product\nof delivery to the consignee\nCompliance to Drugs and Cosmetic Act 1940 and Medical Device Rules\nYes\n(MDR) 2017 as amended till date\nAvailability of valid Medical Device license for the product issued from the\nYes\nCERTIFICATIONS competent authority\nValid CDSCO Medical Device License Number MFG/MD/2018/000027\nLicence issuing authority as per MDR Central Licencing Authority\nNNAA\n(cid:34)(cid:34) (cid:144)|(cid:144)|TTeerrmmss aanndd CCoonnddiittiioonnss\n11.. SSppeecciiaall tteerrmmss aanndd ccoonnddiittiioonnss-- VVeerrssiioonn::11 eeffffeeccttiivvee ffrroomm 1144--1111--22002255\n11..11 11.. AAllll PPrroovviissiioonnss ooff DDrruuggss aanndd CCoossmmeettiiccss AAcctt,, 11994400 aanndd RRuulleess ((iinncclluuddiinngg MMeeddiiccaall DDeevviiccee RRuullee 22001177)) mmaaddee tthheerree uunnddeerr aanndd aallll ssuubbsseeqquueenntt aammeennddmmeennttss ttiillll ddaattee wwiillll\naallwwaayyss bbee aapppplliiccaabbllee.. TThhiiss wwiillll iinncclluuddee aallll nnoottiiffiiccaattiioonnss iissssuueedd bbyy CCeennttrraall DDrruuggss SSttaannddaarrdd CCoonnttrrooll OOrrggaanniizzaattiioonn ((CCDDSSCCOO)),, MMiinniissttrryy ooff HHeeaalltthh && FFaammiillyy WWeellffaarree ((MMooHHFFWW))\naanndd DDeeppaarrttmmeenntt ooff PPhhaarrmmaacceeuuttiiccaallss ((DDOOPP)),, MMiinniissttrryy ooff CChheemmiiccaallss && FFeerrttiilliizzeerrss iinn tthhiiss rreeggaarrdd..\n22.. TThhee sseelllleerr ss rreeggiissttrraattiioonn aanndd pprroodduucctt uuppllooaadd oonn GGeeMM iiss bbaasseedd oonn tthheeiirr ddeeccllaarraattiioonn ooff ppoosssseessssiinngg aa vvaalliidd MMeeddiiccaall DDeevviiccee LLiicceennssee ffoorr tthhee pprroodduucctt,, cceerrttiiffiiccaattiioonnss,, tteesstt\nrreeppoorrttss aass ppeerr MMDDRR ((22001177)),, llaatteesstt aammeennddeedd.. HHoowweevveerr,, bbuuyyeerrss mmuusstt cchheecckk,, vvaalliiddaattee aanndd vveerriiffyy tthhee ddeettaaiillss aatt tthheeiirr eenndd ffoorr aallll aapppplliiccaabbllee lliicceennsseess aanndd cceerrttiiffiiccaattiioonnss ee..gg..,,\nvvaalliiddiittyy aanndd aauutthheennttiicciittyy//ggeennuuiinneenneessss ooff mmeeddiiccaall ddeevviiccee lliicceennssee ((oorr rreeggiissttrraattiioonn)),, pprroodduucctt cceerrttiiffiiccaattiioonnss,, mmaannuuffaaccttuurreerr ss cceerrttiiffiiccaattiioonnss// lliicceennsseess,, tteesstt rreeppoorrttss aatt tthhee ttiimmee\nooff ssuuppppllyy..\n33.. IInn ccaassee ooff aauutthhoorriizzeedd rreesseelllleerrss//ddiissttrriibbuuttoorrss,, iitt wwiillll bbee tthhee lleeggaall aanndd rreegguullaattoorryy lliiaabbiilliittyy ooff tthhee mmaannuuffaaccttuurreerr ttoo eennssuurree tthhaatt tthheeiirr rreesseelllleerrss//ddiissttrriibbuuttoorrss aarree ooppeerraattiinngg iinn\nccoommpplliiaannccee wwiitthh aallll rreelleevvaanntt llaawwss aanndd rreegguullaattiioonnss,, aanndd aarree lliicceennsseedd ttoo sseellll tthhee mmaannuuffaaccttuurreerr''ss pprroodduuccttss,, iinncclluuddiinngg vveerriiffyyiinngg tthhee vvaalliiddiittyy aanndd aauutthheennttiicciittyy ooff lliicceennssee hheelldd\nbbyy tthheemm..\n44.. AAnnyy ootthheerr TTeerrmmss aanndd CCoonnddiittiioonnss wwhhiicchh iiss nnoott iinncclluuddeedd oorr aatt vvaarriiaannccee wwiitthh tthhee ccoonnddiittiioonnss ssppeecciiffiieedd iinn SSTTCC//GGTTCC,, mmaayy bbee aaddddeedd bbyy tthhee bbuuyyeerr tthhrroouugghh AAddddiittiioonnaall TTeerrmmss\naanndd CCoonnddiittiioonnss ((AATTCC)) iinn tthhee bbiidd ttoo eennssuurree iitteemmss aarree pprrooccuurreedd ffrroomm aauutthheennttiicc//vvaalliiddaatteedd ssoouurrccee wwiitthh aapppprroopprriiaattee aanndd aapppplliiccaabbllee qquuaalliittyy.. TThhee aabboovvee tteerrmmss aanndd\nccoonnddiittiioonnss aarree iinn rreevveerrssee oorrddeerr ooff pprreecceeddeennccee ii..ee.. BBIIDD AATTCC sshhaallll ssuuppeerrsseeddee ssppeecciiffiicc SSTTCC wwhhiicchh sshhaallll ssuuppeerrsseeddee GGeenneerraall TTeerrmmss aanndd CCoonnddiittiioonnss ((GGTTCC)),, wwhheenneevveerr tthheerree\naarree aannyy ccoonnfflliiccttiinngg pprroovviissiioonnss..\n55.. PPaacckkiinngg aanndd MMaarrkkiinngg:: SShhoouulldd bbee aass ppeerr MMDDRR..\n22.. GGeenneerraall TTeerrmmss aanndd CCoonnddiittiioonnss--\n22..11TThhiiss ccoonnttrraacctt iiss ggoovveerrnneedd bbyy tthhee GGeenneerraall TTeerrmmss aanndd CCoonnddiittiioonnss,, ccoonnddiittiioonnss ssttiippuullaatteedd ttoo tthhiiss PPrroodduucctt//SSeerrvviiccee aass pprroovviiddeedd iinn tthhee MMaarrkkeettppllaaccee..\n22..22TThhiiss CCoonnttrraacctt bbeettwweeeenn tthhee SSeelllleerr aanndd tthhee BBuuyyeerr,, iiss ffoorr tthhee ssuuppppllyy ooff tthhee GGooooddss aanndd// oorr SSeerrvviicceess,, ddeettaaiilleedd iinn tthhee sscchheedduullee aabboovvee,, iinn aaccccoorrddaannccee wwiitthh tthhee GGeenneerraall TTeerrmmss aanndd\nCCoonnddiittiioonnss ((GGTTCC)) uunnlleessss ootthheerrwwiissee ssuuppeerrsseeddeedd bbyy GGooooddss // SSeerrvviicceess ssppeecciiffiicc SSppeecciiaall TTeerrmmss aanndd CCoonnddiittiioonnss ((SSTTCC)) aanndd// oorr BBIIDD//RReevveerrssee AAuuccttiioonn AAddddiittiioonnaall TTeerrmmss aanndd CCoonnddiittiioonnss\n((AATTCC)),, aass aapppplliiccaabbllee\n22..33AAllll GGeeMM SSeelllleerrss // SSeerrvviiccee PPrroovviiddeerrss aarree mmaannddaatteedd ttoo eennssuurree ccoommpplliiaannccee wwiitthh aallll tthhee aapppplliiccaabbllee llaawwss // aaccttss // rruulleess iinncclluuddiinngg bbuutt nnoott lliimmiitteedd ttoo aallll LLaabboouurr LLaawwss ssuucchh aass TThhee\nMMiinniimmuumm WWaaggeess AAcctt,, 11994488,, TThhee PPaayymmeenntt ooff WWaaggeess AAcctt,, 11993366,, TThhee PPaayymmeenntt ooff BBoonnuuss AAcctt,, 11996655,, TThhee EEqquuaall RReemmuunneerraattiioonn AAcctt,, 11997766,, TThhee PPaayymmeenntt ooff GGrraattuuiittyy AAcctt,, 11997722 eettcc.. AAnnyy\nnnoonn--ccoommpplliiaannccee wwiillll bbee ttrreeaatteedd aass bbrreeaacchh ooff ccoonnttrraacctt aanndd BBuuyyeerr mmaayy ttaakkee ssuuiittaabbllee aaccttiioonnss aass ppeerr GGeeMM CCoonnttrraacctt..\nNNoottee:: Sellers are required to raise invoices online as per the contract terms on GeM portal. Timely invoice submission is mandatory for compliances, smooth payment processing,\nand will also contribute to improving their ratings.\nNote: This is system generated file. No signature is required. Print out of this document is not valid for payment/ transaction purpose.",
  "tables": [
    {
      "page": 1,
      "table_number": 1,
      "data": [
        [
          "(cid:34)(cid:34) ||OOrrggaanniissaattiioonn DDeettaaiillss\n(cid:53)(cid:54) |Type : State Government\n(cid:62) |Ministry : -\nPublic Health and Family Welfare Department\n(cid:34) |Department :\nMaharashtra\n|Organisation Name\nN/A\n(cid:76) (cid:77) (cid:62)|Office Zone: MAHARASHTRA",
          "",
          "",
          "",
          "|Designation : SENIOR ASSISTANT\n(cid:76) |Contact No. : 020-27462486-\n|Email ID : con25.phfwdm.mh@gembuyer.in\n(cid:96) |GSTIN : 27AAJAM2438E1DW\nESIS Hospital, Mohanangar, Chinchwad,pune,\n|Address :\nPUNE CITY, MAHARASHTRA-411019, India",
          "",
          "",
          "",
          "",
          "",
          "",
          ""
        ],
        [
          "(cid:34)(cid:34) (cid:101)(cid:101) (cid:102)(cid:102) (cid:34)(cid:34) (cid:34)(cid:34) ||FFiinnaanncciiaall AApppprroovvaall DDeettaaiill (cid:53)(cid:53) (cid:34)(cid:34) (cid:34)(cid:34) ||PPaayyiinngg AAuutthhoorriittyy DDeettaaiillss\n(cid:34) |IFD Concurrence : No Role: BUYER\nDDO Offline\nDesignation of Administrative Approval: Payment Mode:\n(cid:34) (cid:101) | |Designation : SENIOR ASSISTANT\nDDO\nDesignation of Financial Approval : |Email ID : con25.phfwdm.mh@gembuyer.in\n(cid:96) |GSTIN : 27AAJAM2438E1DW\nESIS Hospital, Mohanangar, Chinchwad,pune,\n|Address:\nPUNE CITY, MAHARASHTRA-411019, India",
          "",
          "",
          "",
          "",
          "",
          "",
          "",
          "",
          "",
          "",
          ""
        ],
        [
          "(cid:34)(cid:34) (cid:16)(cid:16) (cid:34)(cid:34) ||SSeelllleerr DDeettaaiillss\n(cid:34) (cid:16) |GeM Seller ID : 6N1S220005145111\n|Company Name : JASWIK INNOVATIONS PRIVATE LIMITED\n(cid:76) |Contact No. : 09970354400\n|Email ID : jaswik.in@gmail.com\n1ST FLOOR, 10/1,,PANCHSHEEL HSG. SOCIETY, SEC 27 C/2,NEAR GAJANAN MAHARAJ TEMPLE,NIGDI PRADHIKARAN, PUNE,\n| Address :\nPune, MAHARASHTRA-411044, -\n(cid:113) |MSME Registration number : UDYAM-MH-26-0182726\n(cid:96) |GSTIN: 27AAFCJ3377H1ZC (R)",
          "",
          "",
          "",
          "",
          "",
          "",
          "",
          "",
          "",
          "",
          ""
        ],
        [
          "(cid:34) (cid:116) |MSE Social Category : ST\n(cid:34) (cid:116) |MSE Gender : Female",
          "",
          "",
          "",
          "",
          "",
          "",
          "",
          "",
          "",
          "",
          ""
        ],
        [
          "*(cid:34) (cid:77) (cid:118) GST/TAX (cid:34) |GST / Tax invoice to be raised in the name of - Buyer",
          "",
          "",
          "",
          "",
          "",
          "",
          "",
          "",
          "",
          "",
          ""
        ],
        [
          "(cid:34) (cid:34) (cid:123) | Delivery Instructions : NA",
          "",
          "",
          "",
          "",
          "",
          "",
          "",
          "",
          "",
          "",
          ""
        ],
        [
          "(cid:125)(cid:125) (cid:34)(cid:34) ||PPrroodduucctt DDeettaaiillss",
          "",
          "",
          "",
          "",
          "",
          "",
          "",
          "",
          "",
          "",
          ""
        ],
        [
          "",
          "(cid:34)(cid:34) ||IItteemm DDeessccrriippttiioonn",
          "",
          "",
          "",
          "OOrrddeerreedd\nQQuuaannttiittyy",
          "",
          "((IINNRR))||\nUUnniitt PPrriiccee\n((IINNRR))",
          "",
          "TTaaxx BBiiffuurrccaattiioonn\n((IINNRR))",
          "",
          "(cid:129) (cid:129)\n((IINNRR (cid:118) (cid:118)\nPPrriiccee\n((IInncclluussiivvee ooff\naallll DDuuttiieess aanndd\nTTaaxxeess iinn IINNRR))"
        ],
        [
          "1",
          "(cid:125)(cid:125) ||PPrroodduucctt NNaammee :: Mericron XL Sterile Surgical Sutures , Black Braided Silk , Pack\nof 6\n(cid:131)(cid:131) ||BBrraanndd :: Mericron XL\n(cid:131)(cid:131) (cid:53)(cid:53) ||BBrraanndd TTyyppee :: Registered Brand\n(cid:133)(cid:133) (cid:34)(cid:34)(cid:134)(cid:134)(cid:34)(cid:34) ||CCaattaalloogguuee SSttaattuuss:: OEM verified catalogue\n| |SSeelllliinngg AAss :: OEM verified Reseller\n(cid:116)(cid:116) (cid:136) (cid:136) ||CCaatteeggoorryy NNaammee && QQuuaaddrraanntt :: Surgical Sutures (Q2)\n||MMooddeell:: MERICRON XL ME4843\n||HHSSNN CCooddee:: HSN not specified by seller",
          "",
          "",
          "",
          "2",
          "packet",
          "9,000",
          "",
          "NA",
          "",
          "18,000"
        ],
        [
          "(cid:76) (cid:129) |Total Order Value (in INR)",
          "",
          "",
          "",
          "",
          "",
          "",
          "",
          "",
          "",
          "",
          "1188,,000000"
        ],
        [
          "(cid:34) (cid:34) (cid:34)(cid:34) ||CCoonnssiiggnneeee DDeettaaiill",
          "",
          "",
          "",
          "",
          "",
          "",
          "",
          "",
          "",
          "",
          ""
        ],
        [
          "(cid:16)(cid:16).. . .||SS..NNoo",
          "",
          "(cid:34) (cid:34) ||CCoonnssiiggnneeee",
          "(cid:102)(cid:102) | |IItteemm",
          "",
          "",
          "",
          "",
          "(cid:62)(cid:62) ||QQuuaannttiittyy",
          "",
          "DDeelliivveerryy SSttaarrtt\nAAfftteerr",
          "DDeelliivveerryy TToo\nBBee\nCCoommpplleetteedd\nBByy"
        ],
        [
          "",
          "",
          "| Designation : Steaward\n|Email ID : mschinchwad.esis@gmail.com\n(cid:76)|Contact : --",
          "Mericron XL Sterile",
          "",
          "",
          "",
          "",
          "",
          "",
          "",
          ""
        ]
      ]
    },
    {
      "page": 2,
      "table_number": 1,
      "data": [
        [
          "1 (cid:96) |GSTIN : - Surgical Sutures , Black - 2 08-Jan-2026 23-Jan-2026\n|Address : ESIS Hospital, Mohanangar, Chinchwad,pune, Braided Silk , Pack of 6\nPUNE CITY, MAHARASHTRA-411019, India",
          "",
          ""
        ],
        [
          "PPrroodduucctt SSppeecciiffiiccaattiioonn ffoorr MMeerriiccrroonn XXLL SStteerriillee SSuurrggiiccaall SSuuttuurreess ,, BBllaacckk BBrraaiiddeedd SSiillkk ,, PPaacckk ooff 66",
          "",
          ""
        ],
        [
          "(cid:34)(cid:34) (cid:34)(cid:34) (cid:123)(cid:123) ||SSppeecciifificcaattiioonn",
          "--(cid:34)(cid:34) (cid:34)(cid:34) (cid:123)(cid:123) ||SSuubb--SSppeecc",
          "(cid:129) (cid:129) ||VVaalluuee"
        ],
        [
          "PRODUCT\nINFORMATION",
          "Sterility",
          "Sterile"
        ],
        [
          "",
          "Type of Suture",
          "Non Absorbable"
        ],
        [
          "",
          "Suture Material (Medical Grade)",
          "Black Braided Silk"
        ],
        [
          "",
          "Suture Construction",
          "Multi-filament"
        ],
        [
          "",
          "Suture Size",
          "2"
        ],
        [
          "",
          "Suture Length ( 2cm)",
          "75 cm"
        ],
        [
          "",
          "Needle included",
          "Single Arm Needle"
        ],
        [
          "",
          "Type of Needle",
          "Taper Cut"
        ],
        [
          "",
          "Needle Length of each arm ( 0.5mm)",
          "45 mm"
        ],
        [
          "",
          "Needle Shape (Curvature)",
          "1/2 circle"
        ],
        [
          "PACKING",
          "Number of Strands per Pack",
          "6"
        ],
        [
          "SHELF LIFE",
          "Shelf life from the date of manufacture (in months)",
          "24"
        ],
        [
          "",
          "Residual shelf life of the product",
          "Agree to provide residual shelf life of atleast 75% of total shelf life at the time\nof delivery to the consignee"
        ],
        [
          "CERTIFICATIONS",
          "Compliance to Drugs and Cosmetic Act 1940 and Medical Device Rules\n(MDR) 2017 as amended till date",
          "Yes"
        ],
        [
          "",
          "Availability of valid Medical Device license for the product issued from the\ncompetent authority",
          "Yes"
        ],
        [
          "",
          "Valid CDSCO Medical Device License Number",
          "MFG/MD/2018/000027"
        ],
        [
          "",
          "Licence issuing authority as per MDR",
          "Central Licencing Authority"
        ],
        [
          "NNAA",
          "",
          ""
        ],
        [
          "(cid:34)(cid:34) (cid:144)|(cid:144)|TTeerrmmss aanndd CCoonnddiittiioonnss\n11.. SSppeecciiaall tteerrmmss aanndd ccoonnddiittiioonnss-- VVeerrssiioonn::11 eeffffeeccttiivvee ffrroomm 1144--1111--22002255\n11..11 11.. AAllll PPrroovviissiioonnss ooff DDrruuggss aanndd CCoossmmeettiiccss AAcctt,, 11994400 aanndd RRuulleess ((iinncclluuddiinngg MMeeddiiccaall DDeevviiccee RRuullee 22001177)) mmaaddee tthheerree uunnddeerr aanndd aallll ssuubbsseeqquueenntt aammeennddmmeennttss ttiillll ddaattee wwiillll\naallwwaayyss bbee aapppplliiccaabbllee.. TThhiiss wwiillll iinncclluuddee aallll nnoottiiffiiccaattiioonnss iissssuueedd bbyy CCeennttrraall DDrruuggss SSttaannddaarrdd CCoonnttrrooll OOrrggaanniizzaattiioonn ((CCDDSSCCOO)),, MMiinniissttrryy ooff HHeeaalltthh && FFaammiillyy WWeellffaarree ((MMooHHFFWW))\naanndd DDeeppaarrttmmeenntt ooff PPhhaarrmmaacceeuuttiiccaallss ((DDOOPP)),, MMiinniissttrryy ooff CChheemmiiccaallss && FFeerrttiilliizzeerrss iinn tthhiiss rreeggaarrdd..\n22.. TThhee sseelllleerr ss rreeggiissttrraattiioonn aanndd pprroodduucctt uuppllooaadd oonn GGeeMM iiss bbaasseedd oonn tthheeiirr ddeeccllaarraattiioonn ooff ppoosssseessssiinngg aa vvaalliidd MMeeddiiccaall DDeevviiccee LLiicceennssee ffoorr tthhee pprroodduucctt,, cceerrttiiffiiccaattiioonnss,, tteesstt\nrreeppoorrttss aass ppeerr MMDDRR ((22001177)),, llaatteesstt aammeennddeedd.. HHoowweevveerr,, bbuuyyeerrss mmuusstt cchheecckk,, vvaalliiddaattee aanndd vveerriiffyy tthhee ddeettaaiillss aatt tthheeiirr eenndd ffoorr aallll aapppplliiccaabbllee lliicceennsseess aanndd cceerrttiiffiiccaattiioonnss ee..gg..,,\nvvaalliiddiittyy aanndd aauutthheennttiicciittyy//ggeennuuiinneenneessss ooff mmeeddiiccaall ddeevviiccee lliicceennssee ((oorr rreeggiissttrraattiioonn)),, pprroodduucctt cceerrttiiffiiccaattiioonnss,, mmaannuuffaaccttuurreerr ss cceerrttiiffiiccaattiioonnss// lliicceennsseess,, tteesstt rreeppoorrttss aatt tthhee ttiimmee\nooff ssuuppppllyy..\n33.. IInn ccaassee ooff aauutthhoorriizzeedd rreesseelllleerrss//ddiissttrriibbuuttoorrss,, iitt wwiillll bbee tthhee lleeggaall aanndd rreegguullaattoorryy lliiaabbiilliittyy ooff tthhee mmaannuuffaaccttuurreerr ttoo eennssuurree tthhaatt tthheeiirr rreesseelllleerrss//ddiissttrriibbuuttoorrss aarree ooppeerraattiinngg iinn\nccoommpplliiaannccee wwiitthh aallll rreelleevvaanntt llaawwss aanndd rreegguullaattiioonnss,, aanndd aarree lliicceennsseedd ttoo sseellll tthhee mmaannuuffaaccttuurreerr''ss pprroodduuccttss,, iinncclluuddiinngg vveerriiffyyiinngg tthhee vvaalliiddiittyy aanndd aauutthheennttiicciittyy ooff lliicceennssee hheelldd\nbbyy tthheemm..\n44.. AAnnyy ootthheerr TTeerrmmss aanndd CCoonnddiittiioonnss wwhhiicchh iiss nnoott iinncclluuddeedd oorr aatt vvaarriiaannccee wwiitthh tthhee ccoonnddiittiioonnss ssppeecciiffiieedd iinn SSTTCC//GGTTCC,, mmaayy bbee aaddddeedd bbyy tthhee bbuuyyeerr tthhrroouugghh AAddddiittiioonnaall TTeerrmmss\naanndd CCoonnddiittiioonnss ((AATTCC)) iinn tthhee bbiidd ttoo eennssuurree iitteemmss aarree pprrooccuurreedd ffrroomm aauutthheennttiicc//vvaalliiddaatteedd ssoouurrccee wwiitthh aapppprroopprriiaattee aanndd aapppplliiccaabbllee qquuaalliittyy.. TThhee aabboovvee tteerrmmss aanndd\nccoonnddiittiioonnss aarree iinn rreevveerrssee oorrddeerr ooff pprreecceeddeennccee ii..ee.. BBIIDD AATTCC sshhaallll ssuuppeerrsseeddee ssppeecciiffiicc SSTTCC wwhhiicchh sshhaallll ssuuppeerrsseeddee GGeenneerraall TTeerrmmss aanndd CCoonnddiittiioonnss ((GGTTCC)),, wwhheenneevveerr tthheerree\naarree aannyy ccoonnfflliiccttiinngg pprroovviissiioonnss..\n55.. PPaacckkiinngg aanndd MMaarrkkiinngg:: SShhoouulldd bbee aass ppeerr MMDDRR..\n22.. GGeenneerraall TTeerrmmss aanndd CCoonnddiittiioonnss--\n22..11TThhiiss ccoonnttrraacctt iiss ggoovveerrnneedd bbyy tthhee GGeenneerraall TTeerrmmss aanndd CCoonnddiittiioonnss,, ccoonnddiittiioonnss ssttiippuullaatteedd ttoo tthhiiss PPrroodduucctt//SSeerrvviiccee aass pprroovviiddeedd iinn tthhee MMaarrkkeettppllaaccee..\n22..22TThhiiss CCoonnttrraacctt bbeettwweeeenn tthhee SSeelllleerr aanndd tthhee BBuuyyeerr,, iiss ffoorr tthhee ssuuppppllyy ooff tthhee GGooooddss aanndd// oorr SSeerrvviicceess,, ddeettaaiilleedd iinn tthhee sscchheedduullee aabboovvee,, iinn aaccccoorrddaannccee wwiitthh tthhee GGeenneerraall TTeerrmmss aanndd\nCCoonnddiittiioonnss ((GGTTCC)) uunnlleessss ootthheerrwwiissee ssuuppeerrsseeddeedd bbyy GGooooddss // SSeerrvviicceess ssppeecciiffiicc SSppeecciiaall TTeerrmmss aanndd CCoonnddiittiioonnss ((SSTTCC)) aanndd// oorr BBIIDD//RReevveerrssee AAuuccttiioonn AAddddiittiioonnaall TTeerrmmss aanndd CCoonnddiittiioonnss\n((AATTCC)),, aass aapppplliiccaabbllee\n22..33AAllll GGeeMM SSeelllleerrss // SSeerrvviiccee PPrroovviiddeerrss aarree mmaannddaatteedd ttoo eennssuurree ccoommpplliiaannccee wwiitthh aallll tthhee aapppplliiccaabbllee llaawwss // aaccttss // rruulleess iinncclluuddiinngg bbuutt nnoott lliimmiitteedd ttoo aallll LLaabboouurr LLaawwss ssuucchh aass TThhee\nMMiinniimmuumm WWaaggeess AAcctt,, 11994488,, TThhee PPaayymmeenntt ooff WWaaggeess AAcctt,, 11993366,, TThhee PPaayymmeenntt ooff BBoonnuuss AAcctt,, 11996655,, TThhee EEqquuaall RReemmuunneerraattiioonn AAcctt,, 11997766,, TThhee PPaayymmeenntt ooff GGrraattuuiittyy AAcctt,, 11997722 eettcc.. AAnnyy\nnnoonn--ccoommpplliiaannccee wwiillll bbee ttrreeaatteedd aass bbrreeaacchh ooff ccoonnttrraacctt aanndd BBuuyyeerr mmaayy ttaakkee ssuuiittaabbllee aaccttiioonnss aass ppeerr GGeeMM CCoonnttrraacctt..",
          "",
          ""
        ],
        [
          "NNoottee:: Sellers are required to raise invoices online as per the contract terms on GeM portal. Timely invoice submission is mandatory for compliances, smooth payment processing,",
          "",
          ""
        ]
      ]
    },
    {
      "page": 3,
      "table_number": 1,
      "data": [
        [
          "and will also contribute to improving their ratings."
        ],
        [
          "Note: This is system generated file. No signature is required. Print out of this document is not valid for payment/ transaction purpose."
        ]
      ]
    }
  ],
  "table_count": 3,
  "total_pages": 3
}