{
  "source_file": "GEMC-511687757913438.pdf",
  "extraction_date": "2026-01-15T00:35:07.948043",
  "extraction_method": "pdfplumber",
  "metadata": {
    "Title": "Contract",
    "Creator": "wkhtmltopdf 0.12.4",
    "Producer": "Qt 4.8.7",
    "CreationDate": "D:20260108131100+05'30'"
  },
  "text_content": "(cid:16)(cid:16) ||CCoonnttrraacctt NNoo:: GEMC-511687757913438\n(cid:34)(cid:34) (cid:34)(cid:34) ||GGeenneerraatteedd DDaattee :: 08-Jan-2026\n(cid:34)(cid:34) ||OOrrggaanniissaattiioonn DDeettaaiillss (cid:34)(cid:34) ||BBuuyyeerr DDeettaaiillss\n(cid:54)(cid:55) |Type : State Government |Designation : Dr Prem Dayal\n(cid:63) |Ministry : - (cid:78) |Contact No. : 05248-297532-\nMedical Health and Family Welfare Department Uttar |Email ID : buyer14.cmsdfh.up@gembuyer.in\n(cid:34) |Department :\nPradesh (cid:98) |GSTIN : 09LKND05725G1D2\n|Organisation Naka Satrikh DWH Barabanki,\nCHIEF MEDICAL SUPERINTEN DISTRICT FEMALE HOSPITAL |Address :\nName : Barabanki, UTTAR PRADESH-225001, India\n(cid:78) (cid:79) (cid:63)|Office Zone: BARABANKI\n(cid:34)(cid:34) (cid:101)(cid:101) (cid:102)(cid:102) (cid:34)(cid:34) (cid:34)(cid:34) ||FFiinnaanncciiaall AApppprroovvaall DDeettaaiill (cid:54)(cid:54) (cid:34)(cid:34) (cid:34)(cid:34) ||PPaayyiinngg AAuutthhoorriittyy DDeettaaiillss\n(cid:34) |IFD Concurrence : No Role: PAO\ncms Offline\nDesignation of Administrative Approval: Payment Mode:\ncms\nDesignation of Financial Approval : |Email ID : pao6.cmsdfh.up@gembuyer.in\nNaka Satrikh DWH Barabanki,\n|Address:\nBarabanki, UTTAR PRADESH-225001, India\n(cid:34)(cid:34) (cid:16)(cid:16) (cid:34)(cid:34) ||SSeelllleerr DDeettaaiillss\n(cid:34) (cid:16) |GeM Seller ID : E872200001123915\n|Company Name : JAI SHREE SHYAM SERVICES\n(cid:78) |Contact No. : 08853320291\n|Email ID : JAISHREESHYAMSERVICES2020@GMAIL.COM\n9,DUKAN STATSNARI,, KALICHARAN COLLEGE,,LUCKNOW,\n| Address :\nLucknow, UTTAR PRADESH-226003, -\n(cid:111) |MSME Registration number : -\n(cid:98) |GSTIN: 09ABMPA2719D1ZZ (R)\n*(cid:34) (cid:79) (cid:115) GST/TAX (cid:34) |GST / Tax invoice to be raised in the name of - Buyer\n(cid:34) (cid:34) (cid:121) | Delivery Instructions : NA\n(cid:123)(cid:123) (cid:34)(cid:34) ||PPrroodduucctt DDeettaaiillss\n(cid:127) (cid:127)\n((IINNRR (cid:115) (cid:115)\n## (cid:34)(cid:34) ||IItteemm DDeessccrriippttiioonn\nOOrrddeerreedd UUnniitt UUnniitt PPrriiccee TTaaxx BBiiffuurrccaattiioonn ((IINNRR)) PPrriiccee\nQQuuaannttiittyy ((IINNRR)) ((IInncclluussiivvee ooff\naallll DDuuttiieess aanndd\nTTaaxxeess iinn IINNRR))\n(cid:123)(cid:123) ||PPrroodduucctt NNaammee :: MERIL Sterile Surgical Sutures , Chromic Catgut , Pack of 12\n(cid:129)(cid:129) ||BBrraanndd :: MERIL\n(cid:129)(cid:129) (cid:54)(cid:54) ||BBrraanndd TTyyppee :: Registered Brand\n(cid:131)(cid:131) (cid:34)(cid:34)(cid:132)(cid:132)(cid:34)(cid:34) ||CCaattaalloogguuee SSttaattuuss:: OEM verified catalogue\n1 339 packet 1,416 NA 480,024\n| |SSeelllliinngg AAss :: OEM verified Reseller\n(cid:134)(cid:134) (cid:135) (cid:135) ||CCaatteeggoorryy NNaammee && QQuuaaddrraanntt :: Surgical Sutures (Q2)\n||MMooddeell:: FILATWINE CGL01 496\n||HHSSNN CCooddee:: HSN not specified by seller\n(cid:78) (cid:127) |Total Order Value (in INR) 448800,,002244\n(cid:34) (cid:34) (cid:34)(cid:34) ||CCoonnssiiggnneeee DDeettaaiill\n(cid:16)(cid:16).. . .||SS..NNoo (cid:34) (cid:34) ||CCoonnssiiggnneeee (cid:102)(cid:102) | |IItteemm (cid:63)(cid:63) ||QQuuaannttiittyy | |\nLLoott NNoo.. BBee\nDDeelliivveerryy SSttaarrtt\nCCoommpplleetteedd\nAAfftteerr\nBByy\n| Designation : Molhe Prasad Chaudhary\n|Email ID : con14.cmsdfh.up@gembuyer.in\nMERIL Sterile Surgical\n(cid:78)|Contact : 05248-227335-\n1 Sutures , Chromic - 339 08-Jan-2026 23-Jan-2026\n(cid:98) |GSTIN : 09LKND05725G1D2\nCatgut , Pack of 12\n|Address : Naka Satrikh DWH Barabanki,\nBarabanki, UTTAR PRADESH-225001, India\nPPrroodduucctt SSppeecciiffiiccaattiioonn ffoorr MMEERRIILL SStteerriillee SSuurrggiiccaall SSuuttuurreess ,, CChhrroommiicc CCaattgguutt ,, PPaacckk ooff 1122\n(cid:34)(cid:34) (cid:34)(cid:34) (cid:121)(cid:121) ||SSppeecciifificcaattiioonn --(cid:34)(cid:34) (cid:34)(cid:34) (cid:121)(cid:121) ||SSuubb--SSppeecc (cid:127) (cid:127) ||VVaalluuee\nSterility Sterile\nType of Suture Absorbable\nSuture Material (Medical Grade) Chromic Catgut\nSuture Construction Multi-filament\nSuture Size 1\nPRODUCT\nINFORMATION\nSuture Length ( 2cm) 50 cm\nNeedle included Without Needle\nType of Needle NA\nNeedle Length of each arm ( 0.5mm) NA\nNeedle Shape (Curvature) NA\nPACKING Number of Strands per Pack 12\nShelf life from the date of manufacture (in months) 24\nSHELF LIFE\nAgree to provide residual shelf life of atleast 75% of total shelf life at the time\nResidual shelf life of the product\nof delivery to the consignee\nCompliance to Drugs and Cosmetic Act 1940 and Medical Device Rules\nYes\n(MDR) 2017 as amended till date\nAvailability of valid Medical Device license for the product issued from the\nYes\nCERTIFICATIONS competent authority\nValid CDSCO Medical Device License Number MFG/MD/2018/000027\nLicence issuing authority as per MDR Central Licencing Authority\nNNAA\n(cid:34)(cid:34) (cid:143)|(cid:143)|TTeerrmmss aanndd CCoonnddiittiioonnss\n11.. SSppeecciiaall tteerrmmss aanndd ccoonnddiittiioonnss-- VVeerrssiioonn::11 eeffffeeccttiivvee ffrroomm 1144--1111--22002255\n11..11 11.. AAllll PPrroovviissiioonnss ooff DDrruuggss aanndd CCoossmmeettiiccss AAcctt,, 11994400 aanndd RRuulleess ((iinncclluuddiinngg MMeeddiiccaall DDeevviiccee RRuullee 22001177)) mmaaddee tthheerree uunnddeerr aanndd aallll ssuubbsseeqquueenntt aammeennddmmeennttss ttiillll ddaattee wwiillll\naallwwaayyss bbee aapppplliiccaabbllee.. TThhiiss wwiillll iinncclluuddee aallll nnoottiiffiiccaattiioonnss iissssuueedd bbyy CCeennttrraall DDrruuggss SSttaannddaarrdd CCoonnttrrooll OOrrggaanniizzaattiioonn ((CCDDSSCCOO)),, MMiinniissttrryy ooff HHeeaalltthh && FFaammiillyy WWeellffaarree ((MMooHHFFWW))\naanndd DDeeppaarrttmmeenntt ooff PPhhaarrmmaacceeuuttiiccaallss ((DDOOPP)),, MMiinniissttrryy ooff CChheemmiiccaallss && FFeerrttiilliizzeerrss iinn tthhiiss rreeggaarrdd..\n22.. TThhee sseelllleerr ss rreeggiissttrraattiioonn aanndd pprroodduucctt uuppllooaadd oonn GGeeMM iiss bbaasseedd oonn tthheeiirr ddeeccllaarraattiioonn ooff ppoosssseessssiinngg aa vvaalliidd MMeeddiiccaall DDeevviiccee LLiicceennssee ffoorr tthhee pprroodduucctt,, cceerrttiiffiiccaattiioonnss,, tteesstt\nrreeppoorrttss aass ppeerr MMDDRR ((22001177)),, llaatteesstt aammeennddeedd.. HHoowweevveerr,, bbuuyyeerrss mmuusstt cchheecckk,, vvaalliiddaattee aanndd vveerriiffyy tthhee ddeettaaiillss aatt tthheeiirr eenndd ffoorr aallll aapppplliiccaabbllee lliicceennsseess aanndd cceerrttiiffiiccaattiioonnss ee..gg..,,\nvvaalliiddiittyy aanndd aauutthheennttiicciittyy//ggeennuuiinneenneessss ooff mmeeddiiccaall ddeevviiccee lliicceennssee ((oorr rreeggiissttrraattiioonn)),, pprroodduucctt cceerrttiiffiiccaattiioonnss,, mmaannuuffaaccttuurreerr ss cceerrttiiffiiccaattiioonnss// lliicceennsseess,, tteesstt rreeppoorrttss aatt tthhee ttiimmee\nooff ssuuppppllyy..\n33.. IInn ccaassee ooff aauutthhoorriizzeedd rreesseelllleerrss//ddiissttrriibbuuttoorrss,, iitt wwiillll bbee tthhee lleeggaall aanndd rreegguullaattoorryy lliiaabbiilliittyy ooff tthhee mmaannuuffaaccttuurreerr ttoo eennssuurree tthhaatt tthheeiirr rreesseelllleerrss//ddiissttrriibbuuttoorrss aarree ooppeerraattiinngg iinn\nccoommpplliiaannccee wwiitthh aallll rreelleevvaanntt llaawwss aanndd rreegguullaattiioonnss,, aanndd aarree lliicceennsseedd ttoo sseellll tthhee mmaannuuffaaccttuurreerr''ss pprroodduuccttss,, iinncclluuddiinngg vveerriiffyyiinngg tthhee vvaalliiddiittyy aanndd aauutthheennttiicciittyy ooff lliicceennssee hheelldd\nbbyy tthheemm..\n44.. AAnnyy ootthheerr TTeerrmmss aanndd CCoonnddiittiioonnss wwhhiicchh iiss nnoott iinncclluuddeedd oorr aatt vvaarriiaannccee wwiitthh tthhee ccoonnddiittiioonnss ssppeecciiffiieedd iinn SSTTCC//GGTTCC,, mmaayy bbee aaddddeedd bbyy tthhee bbuuyyeerr tthhrroouugghh AAddddiittiioonnaall TTeerrmmss\naanndd CCoonnddiittiioonnss ((AATTCC)) iinn tthhee bbiidd ttoo eennssuurree iitteemmss aarree pprrooccuurreedd ffrroomm aauutthheennttiicc//vvaalliiddaatteedd ssoouurrccee wwiitthh aapppprroopprriiaattee aanndd aapppplliiccaabbllee qquuaalliittyy.. TThhee aabboovvee tteerrmmss aanndd\nccoonnddiittiioonnss aarree iinn rreevveerrssee oorrddeerr ooff pprreecceeddeennccee ii..ee.. BBIIDD AATTCC sshhaallll ssuuppeerrsseeddee ssppeecciiffiicc SSTTCC wwhhiicchh sshhaallll ssuuppeerrsseeddee GGeenneerraall TTeerrmmss aanndd CCoonnddiittiioonnss ((GGTTCC)),, wwhheenneevveerr tthheerree\naarree aannyy ccoonnfflliiccttiinngg pprroovviissiioonnss..\n55.. PPaacckkiinngg aanndd MMaarrkkiinngg:: SShhoouulldd bbee aass ppeerr MMDDRR..\n22.. GGeenneerraall TTeerrmmss aanndd CCoonnddiittiioonnss--\n22..11TThhiiss ccoonnttrraacctt iiss ggoovveerrnneedd bbyy tthhee GGeenneerraall TTeerrmmss aanndd CCoonnddiittiioonnss,, ccoonnddiittiioonnss ssttiippuullaatteedd ttoo tthhiiss PPrroodduucctt//SSeerrvviiccee aass pprroovviiddeedd iinn tthhee MMaarrkkeettppllaaccee..\n22..22TThhiiss CCoonnttrraacctt bbeettwweeeenn tthhee SSeelllleerr aanndd tthhee BBuuyyeerr,, iiss ffoorr tthhee ssuuppppllyy ooff tthhee GGooooddss aanndd// oorr SSeerrvviicceess,, ddeettaaiilleedd iinn tthhee sscchheedduullee aabboovvee,, iinn aaccccoorrddaannccee wwiitthh tthhee GGeenneerraall TTeerrmmss aanndd\nCCoonnddiittiioonnss ((GGTTCC)) uunnlleessss ootthheerrwwiissee ssuuppeerrsseeddeedd bbyy GGooooddss // SSeerrvviicceess ssppeecciiffiicc SSppeecciiaall TTeerrmmss aanndd CCoonnddiittiioonnss ((SSTTCC)) aanndd// oorr BBIIDD//RReevveerrssee AAuuccttiioonn AAddddiittiioonnaall TTeerrmmss aanndd CCoonnddiittiioonnss\n((AATTCC)),, aass aapppplliiccaabbllee\n22..33AAllll GGeeMM SSeelllleerrss // SSeerrvviiccee PPrroovviiddeerrss aarree mmaannddaatteedd ttoo eennssuurree ccoommpplliiaannccee wwiitthh aallll tthhee aapppplliiccaabbllee llaawwss // aaccttss // rruulleess iinncclluuddiinngg bbuutt nnoott lliimmiitteedd ttoo aallll LLaabboouurr LLaawwss ssuucchh aass TThhee\nMMiinniimmuumm WWaaggeess AAcctt,, 11994488,, TThhee PPaayymmeenntt ooff WWaaggeess AAcctt,, 11993366,, TThhee PPaayymmeenntt ooff BBoonnuuss AAcctt,, 11996655,, TThhee EEqquuaall RReemmuunneerraattiioonn AAcctt,, 11997766,, TThhee PPaayymmeenntt ooff GGrraattuuiittyy AAcctt,, 11997722 eettcc.. AAnnyy\nnnoonn--ccoommpplliiaannccee wwiillll bbee ttrreeaatteedd aass bbrreeaacchh ooff ccoonnttrraacctt aanndd BBuuyyeerr mmaayy ttaakkee ssuuiittaabbllee aaccttiioonnss aass ppeerr GGeeMM CCoonnttrraacctt..\nNNoottee:: Sellers are required to raise invoices online as per the contract terms on GeM portal. Timely invoice submission is mandatory for compliances, smooth payment processing,\nand will also contribute to improving their ratings.\nNote: This is system generated file. No signature is required. Print out of this document is not valid for payment/ transaction purpose.",
  "tables": [
    {
      "page": 1,
      "table_number": 1,
      "data": [
        [
          "(cid:34)(cid:34) ||OOrrggaanniissaattiioonn DDeettaaiillss\n(cid:54)(cid:55) |Type : State Government\n(cid:63) |Ministry : -\nMedical Health and Family Welfare Department Uttar\n(cid:34) |Department :\nPradesh\nCHIEF MEDICAL SUPERINTEN DISTRICT FEMALE HOSPITAL\nName :\n(cid:78) (cid:79) (cid:63)|Office Zone: BARABANKI",
          "",
          "",
          "",
          "|Designation : Dr Prem Dayal\n(cid:78) |Contact No. : 05248-297532-\n|Email ID : buyer14.cmsdfh.up@gembuyer.in\n(cid:98) |GSTIN : 09LKND05725G1D2\nNaka Satrikh DWH Barabanki,\n|Address :\nBarabanki, UTTAR PRADESH-225001, India",
          "",
          "",
          "",
          "",
          "",
          "",
          ""
        ],
        [
          "(cid:34)(cid:34) (cid:101)(cid:101) (cid:102)(cid:102) (cid:34)(cid:34) (cid:34)(cid:34) ||FFiinnaanncciiaall AApppprroovvaall DDeettaaiill (cid:54)(cid:54) (cid:34)(cid:34) (cid:34)(cid:34) ||PPaayyiinngg AAuutthhoorriittyy DDeettaaiillss\n(cid:34) |IFD Concurrence : No Role: PAO\ncms Offline\nDesignation of Administrative Approval: Payment Mode:\ncms\nDesignation of Financial Approval : |Email ID : pao6.cmsdfh.up@gembuyer.in\nNaka Satrikh DWH Barabanki,\n|Address:\nBarabanki, UTTAR PRADESH-225001, India",
          "",
          "",
          "",
          "",
          "",
          "",
          "",
          "",
          "",
          "",
          ""
        ],
        [
          "(cid:34)(cid:34) (cid:16)(cid:16) (cid:34)(cid:34) ||SSeelllleerr DDeettaaiillss\n(cid:34) (cid:16) |GeM Seller ID : E872200001123915\n|Company Name : JAI SHREE SHYAM SERVICES\n(cid:78) |Contact No. : 08853320291\n|Email ID : JAISHREESHYAMSERVICES2020@GMAIL.COM\n9,DUKAN STATSNARI,, KALICHARAN COLLEGE,,LUCKNOW,\n| Address :\nLucknow, UTTAR PRADESH-226003, -\n(cid:111) |MSME Registration number : -\n(cid:98) |GSTIN: 09ABMPA2719D1ZZ (R)",
          "",
          "",
          "",
          "",
          "",
          "",
          "",
          "",
          "",
          "",
          ""
        ],
        [
          "*(cid:34) (cid:79) (cid:115) GST/TAX (cid:34) |GST / Tax invoice to be raised in the name of - Buyer",
          "",
          "",
          "",
          "",
          "",
          "",
          "",
          "",
          "",
          "",
          ""
        ],
        [
          "(cid:34) (cid:34) (cid:121) | Delivery Instructions : NA",
          "",
          "",
          "",
          "",
          "",
          "",
          "",
          "",
          "",
          "",
          ""
        ],
        [
          "(cid:123)(cid:123) (cid:34)(cid:34) ||PPrroodduucctt DDeettaaiillss",
          "",
          "",
          "",
          "",
          "",
          "",
          "",
          "",
          "",
          "",
          ""
        ],
        [
          "",
          "(cid:34)(cid:34) ||IItteemm DDeessccrriippttiioonn",
          "",
          "",
          "",
          "OOrrddeerreedd\nQQuuaannttiittyy",
          "",
          "((IINNRR))||\nUUnniitt PPrriiccee\n((IINNRR))",
          "",
          "TTaaxx BBiiffuurrccaattiioonn ((IINNRR))",
          "",
          "(cid:127) (cid:127)\n((IINNRR (cid:115) (cid:115)\nPPrriiccee\n((IInncclluussiivvee ooff\naallll DDuuttiieess aanndd\nTTaaxxeess iinn IINNRR))"
        ],
        [
          "1",
          "(cid:123)(cid:123) ||PPrroodduucctt NNaammee :: MERIL Sterile Surgical Sutures , Chromic Catgut , Pack of 12\n(cid:129)(cid:129) ||BBrraanndd :: MERIL\n(cid:129)(cid:129) (cid:54)(cid:54) ||BBrraanndd TTyyppee :: Registered Brand\n(cid:131)(cid:131) (cid:34)(cid:34)(cid:132)(cid:132)(cid:34)(cid:34) ||CCaattaalloogguuee SSttaattuuss:: OEM verified catalogue\n| |SSeelllliinngg AAss :: OEM verified Reseller\n(cid:134)(cid:134) (cid:135) (cid:135) ||CCaatteeggoorryy NNaammee && QQuuaaddrraanntt :: Surgical Sutures (Q2)\n||MMooddeell:: FILATWINE CGL01 496\n||HHSSNN CCooddee:: HSN not specified by seller",
          "",
          "",
          "",
          "339",
          "packet",
          "1,416",
          "",
          "NA",
          "",
          "480,024"
        ],
        [
          "(cid:78) (cid:127) |Total Order Value (in INR)",
          "",
          "",
          "",
          "",
          "",
          "",
          "",
          "",
          "",
          "",
          "448800,,002244"
        ],
        [
          "(cid:34) (cid:34) (cid:34)(cid:34) ||CCoonnssiiggnneeee DDeettaaiill",
          "",
          "",
          "",
          "",
          "",
          "",
          "",
          "",
          "",
          "",
          ""
        ],
        [
          "(cid:16)(cid:16).. . .||SS..NNoo",
          "",
          "(cid:34) (cid:34) ||CCoonnssiiggnneeee",
          "(cid:102)(cid:102) | |IItteemm",
          "",
          "",
          "",
          "",
          "(cid:63)(cid:63) ||QQuuaannttiittyy",
          "",
          "DDeelliivveerryy SSttaarrtt\nAAfftteerr",
          "DDeelliivveerryy TToo\nBBee\nCCoommpplleetteedd\nBByy"
        ],
        [
          "1",
          "",
          "| Designation : Molhe Prasad Chaudhary\n|Email ID : con14.cmsdfh.up@gembuyer.in\n(cid:78)|Contact : 05248-227335-\n(cid:98) |GSTIN : 09LKND05725G1D2\n|Address : Naka Satrikh DWH Barabanki,\nBarabanki, UTTAR PRADESH-225001, India",
          "MERIL Sterile Surgical\nSutures , Chromic\nCatgut , Pack of 12",
          "",
          "",
          "",
          "",
          "339",
          "",
          "08-Jan-2026",
          "23-Jan-2026"
        ]
      ]
    },
    {
      "page": 2,
      "table_number": 1,
      "data": [
        [
          "PPrroodduucctt SSppeecciiffiiccaattiioonn ffoorr MMEERRIILL SStteerriillee SSuurrggiiccaall SSuuttuurreess ,, CChhrroommiicc CCaattgguutt ,, PPaacckk ooff 1122",
          "",
          ""
        ],
        [
          "(cid:34)(cid:34) (cid:34)(cid:34) (cid:121)(cid:121) ||SSppeecciifificcaattiioonn",
          "--(cid:34)(cid:34) (cid:34)(cid:34) (cid:121)(cid:121) ||SSuubb--SSppeecc",
          "(cid:127) (cid:127) ||VVaalluuee"
        ],
        [
          "PRODUCT\nINFORMATION",
          "Sterility",
          "Sterile"
        ],
        [
          "",
          "Type of Suture",
          "Absorbable"
        ],
        [
          "",
          "Suture Material (Medical Grade)",
          "Chromic Catgut"
        ],
        [
          "",
          "Suture Construction",
          "Multi-filament"
        ],
        [
          "",
          "Suture Size",
          "1"
        ],
        [
          "",
          "Suture Length ( 2cm)",
          "50 cm"
        ],
        [
          "",
          "Needle included",
          "Without Needle"
        ],
        [
          "",
          "Type of Needle",
          "NA"
        ],
        [
          "",
          "Needle Length of each arm ( 0.5mm)",
          "NA"
        ],
        [
          "",
          "Needle Shape (Curvature)",
          "NA"
        ],
        [
          "PACKING",
          "Number of Strands per Pack",
          "12"
        ],
        [
          "SHELF LIFE",
          "Shelf life from the date of manufacture (in months)",
          "24"
        ],
        [
          "",
          "Residual shelf life of the product",
          "Agree to provide residual shelf life of atleast 75% of total shelf life at the time\nof delivery to the consignee"
        ],
        [
          "CERTIFICATIONS",
          "Compliance to Drugs and Cosmetic Act 1940 and Medical Device Rules\n(MDR) 2017 as amended till date",
          "Yes"
        ],
        [
          "",
          "Availability of valid Medical Device license for the product issued from the\ncompetent authority",
          "Yes"
        ],
        [
          "",
          "Valid CDSCO Medical Device License Number",
          "MFG/MD/2018/000027"
        ],
        [
          "",
          "Licence issuing authority as per MDR",
          "Central Licencing Authority"
        ],
        [
          "NNAA",
          "",
          ""
        ],
        [
          "(cid:34)(cid:34) (cid:143)|(cid:143)|TTeerrmmss aanndd CCoonnddiittiioonnss\n11.. SSppeecciiaall tteerrmmss aanndd ccoonnddiittiioonnss-- VVeerrssiioonn::11 eeffffeeccttiivvee ffrroomm 1144--1111--22002255\n11..11 11.. AAllll PPrroovviissiioonnss ooff DDrruuggss aanndd CCoossmmeettiiccss AAcctt,, 11994400 aanndd RRuulleess ((iinncclluuddiinngg MMeeddiiccaall DDeevviiccee RRuullee 22001177)) mmaaddee tthheerree uunnddeerr aanndd aallll ssuubbsseeqquueenntt aammeennddmmeennttss ttiillll ddaattee wwiillll\naallwwaayyss bbee aapppplliiccaabbllee.. TThhiiss wwiillll iinncclluuddee aallll nnoottiiffiiccaattiioonnss iissssuueedd bbyy CCeennttrraall DDrruuggss SSttaannddaarrdd CCoonnttrrooll OOrrggaanniizzaattiioonn ((CCDDSSCCOO)),, MMiinniissttrryy ooff HHeeaalltthh && FFaammiillyy WWeellffaarree ((MMooHHFFWW))\naanndd DDeeppaarrttmmeenntt ooff PPhhaarrmmaacceeuuttiiccaallss ((DDOOPP)),, MMiinniissttrryy ooff CChheemmiiccaallss && FFeerrttiilliizzeerrss iinn tthhiiss rreeggaarrdd..\n22.. TThhee sseelllleerr ss rreeggiissttrraattiioonn aanndd pprroodduucctt uuppllooaadd oonn GGeeMM iiss bbaasseedd oonn tthheeiirr ddeeccllaarraattiioonn ooff ppoosssseessssiinngg aa vvaalliidd MMeeddiiccaall DDeevviiccee LLiicceennssee ffoorr tthhee pprroodduucctt,, cceerrttiiffiiccaattiioonnss,, tteesstt\nrreeppoorrttss aass ppeerr MMDDRR ((22001177)),, llaatteesstt aammeennddeedd.. HHoowweevveerr,, bbuuyyeerrss mmuusstt cchheecckk,, vvaalliiddaattee aanndd vveerriiffyy tthhee ddeettaaiillss aatt tthheeiirr eenndd ffoorr aallll aapppplliiccaabbllee lliicceennsseess aanndd cceerrttiiffiiccaattiioonnss ee..gg..,,\nvvaalliiddiittyy aanndd aauutthheennttiicciittyy//ggeennuuiinneenneessss ooff mmeeddiiccaall ddeevviiccee lliicceennssee ((oorr rreeggiissttrraattiioonn)),, pprroodduucctt cceerrttiiffiiccaattiioonnss,, mmaannuuffaaccttuurreerr ss cceerrttiiffiiccaattiioonnss// lliicceennsseess,, tteesstt rreeppoorrttss aatt tthhee ttiimmee\nooff ssuuppppllyy..\n33.. IInn ccaassee ooff aauutthhoorriizzeedd rreesseelllleerrss//ddiissttrriibbuuttoorrss,, iitt wwiillll bbee tthhee lleeggaall aanndd rreegguullaattoorryy lliiaabbiilliittyy ooff tthhee mmaannuuffaaccttuurreerr ttoo eennssuurree tthhaatt tthheeiirr rreesseelllleerrss//ddiissttrriibbuuttoorrss aarree ooppeerraattiinngg iinn\nccoommpplliiaannccee wwiitthh aallll rreelleevvaanntt llaawwss aanndd rreegguullaattiioonnss,, aanndd aarree lliicceennsseedd ttoo sseellll tthhee mmaannuuffaaccttuurreerr''ss pprroodduuccttss,, iinncclluuddiinngg vveerriiffyyiinngg tthhee vvaalliiddiittyy aanndd aauutthheennttiicciittyy ooff lliicceennssee hheelldd\nbbyy tthheemm..\n44.. AAnnyy ootthheerr TTeerrmmss aanndd CCoonnddiittiioonnss wwhhiicchh iiss nnoott iinncclluuddeedd oorr aatt vvaarriiaannccee wwiitthh tthhee ccoonnddiittiioonnss ssppeecciiffiieedd iinn SSTTCC//GGTTCC,, mmaayy bbee aaddddeedd bbyy tthhee bbuuyyeerr tthhrroouugghh AAddddiittiioonnaall TTeerrmmss\naanndd CCoonnddiittiioonnss ((AATTCC)) iinn tthhee bbiidd ttoo eennssuurree iitteemmss aarree pprrooccuurreedd ffrroomm aauutthheennttiicc//vvaalliiddaatteedd ssoouurrccee wwiitthh aapppprroopprriiaattee aanndd aapppplliiccaabbllee qquuaalliittyy.. TThhee aabboovvee tteerrmmss aanndd\nccoonnddiittiioonnss aarree iinn rreevveerrssee oorrddeerr ooff pprreecceeddeennccee ii..ee.. BBIIDD AATTCC sshhaallll ssuuppeerrsseeddee ssppeecciiffiicc SSTTCC wwhhiicchh sshhaallll ssuuppeerrsseeddee GGeenneerraall TTeerrmmss aanndd CCoonnddiittiioonnss ((GGTTCC)),, wwhheenneevveerr tthheerree\naarree aannyy ccoonnfflliiccttiinngg pprroovviissiioonnss..\n55.. PPaacckkiinngg aanndd MMaarrkkiinngg:: SShhoouulldd bbee aass ppeerr MMDDRR..\n22.. GGeenneerraall TTeerrmmss aanndd CCoonnddiittiioonnss--\n22..11TThhiiss ccoonnttrraacctt iiss ggoovveerrnneedd bbyy tthhee GGeenneerraall TTeerrmmss aanndd CCoonnddiittiioonnss,, ccoonnddiittiioonnss ssttiippuullaatteedd ttoo tthhiiss PPrroodduucctt//SSeerrvviiccee aass pprroovviiddeedd iinn tthhee MMaarrkkeettppllaaccee..\n22..22TThhiiss CCoonnttrraacctt bbeettwweeeenn tthhee SSeelllleerr aanndd tthhee BBuuyyeerr,, iiss ffoorr tthhee ssuuppppllyy ooff tthhee GGooooddss aanndd// oorr SSeerrvviicceess,, ddeettaaiilleedd iinn tthhee sscchheedduullee aabboovvee,, iinn aaccccoorrddaannccee wwiitthh tthhee GGeenneerraall TTeerrmmss aanndd\nCCoonnddiittiioonnss ((GGTTCC)) uunnlleessss ootthheerrwwiissee ssuuppeerrsseeddeedd bbyy GGooooddss // SSeerrvviicceess ssppeecciiffiicc SSppeecciiaall TTeerrmmss aanndd CCoonnddiittiioonnss ((SSTTCC)) aanndd// oorr BBIIDD//RReevveerrssee AAuuccttiioonn AAddddiittiioonnaall TTeerrmmss aanndd CCoonnddiittiioonnss\n((AATTCC)),, aass aapppplliiccaabbllee\n22..33AAllll GGeeMM SSeelllleerrss // SSeerrvviiccee PPrroovviiddeerrss aarree mmaannddaatteedd ttoo eennssuurree ccoommpplliiaannccee wwiitthh aallll tthhee aapppplliiccaabbllee llaawwss // aaccttss // rruulleess iinncclluuddiinngg bbuutt nnoott lliimmiitteedd ttoo aallll LLaabboouurr LLaawwss ssuucchh aass TThhee\nMMiinniimmuumm WWaaggeess AAcctt,, 11994488,, TThhee PPaayymmeenntt ooff WWaaggeess AAcctt,, 11993366,, TThhee PPaayymmeenntt ooff BBoonnuuss AAcctt,, 11996655,, TThhee EEqquuaall RReemmuunneerraattiioonn AAcctt,, 11997766,, TThhee PPaayymmeenntt ooff GGrraattuuiittyy AAcctt,, 11997722 eettcc.. AAnnyy\nnnoonn--ccoommpplliiaannccee wwiillll bbee ttrreeaatteedd aass bbrreeaacchh ooff ccoonnttrraacctt aanndd BBuuyyeerr mmaayy ttaakkee ssuuiittaabbllee aaccttiioonnss aass ppeerr GGeeMM CCoonnttrraacctt..",
          "",
          ""
        ],
        [
          "NNoottee:: Sellers are required to raise invoices online as per the contract terms on GeM portal. Timely invoice submission is mandatory for compliances, smooth payment processing,\nand will also contribute to improving their ratings.",
          "",
          ""
        ]
      ]
    },
    {
      "page": 3,
      "table_number": 1,
      "data": [
        [
          "Note: This is system generated file. No signature is required. Print out of this document is not valid for payment/ transaction purpose."
        ]
      ]
    }
  ],
  "table_count": 3,
  "total_pages": 3
}