{
  "source_file": "GEMC-511687718222733.pdf",
  "extraction_date": "2026-01-15T00:35:02.346614",
  "extraction_method": "pdfplumber",
  "metadata": {
    "Title": "Contract",
    "Creator": "wkhtmltopdf 0.12.4",
    "Producer": "Qt 4.8.7",
    "CreationDate": "D:20260108132501+05'30'"
  },
  "text_content": "(cid:16)(cid:16) ||CCoonnttrraacctt NNoo:: GEMC-511687718222733\n(cid:33)(cid:33) (cid:33)(cid:33) ||GGeenneerraatteedd DDaattee :: 08-Jan-2026\n(cid:33)(cid:33) ||OOrrggaanniissaattiioonn DDeettaaiillss (cid:33)(cid:33) ||BBuuyyeerr DDeettaaiillss\n(cid:52)(cid:53) |Type : State Government |Designation : sunil kumar sharma\n(cid:61) |Ministry : - (cid:74) |Contact No. : -\nHealth and Family Welfare Department Jammu and |Email ID : buycon128.hfwdjk.jk@gembuyer.in\n(cid:33) |Department :\nKashmir (cid:96) |GSTIN : -\n|Organisation Name RSS distt hospital poonch,\nN/A |Address :\n: Poonch, JAMMU & KASHMIR-185101, India\n(cid:74) (cid:75) (cid:61)|Office Zone: poonch\n(cid:33)(cid:33) (cid:102)(cid:102) (cid:103)(cid:103) (cid:33)(cid:33) (cid:33)(cid:33) ||FFiinnaanncciiaall AApppprroovvaall DDeettaaiill (cid:52)(cid:52) (cid:33)(cid:33) (cid:33)(cid:33) ||PPaayyiinngg AAuutthhoorriittyy DDeettaaiillss\n(cid:33) |IFD Concurrence : No Role: PAO\nMEDICAL SUPERINTENDENT Internet Banking\nDesignation of Administrative Approval: Payment Mode:\n(cid:33) (cid:102) | |Designation : Sr Asstt\nMEDICAL SUPERINTENDENT\nDesignation of Financial Approval : |Email ID : pay30.hfwdjk.jk@gembuyer.in\nRSS distt hospital poonch,\n|Address:\nPoonch, JAMMU & KASHMIR-185101, India\n(cid:33)(cid:33) (cid:16)(cid:16) (cid:33)(cid:33) ||SSeelllleerr DDeettaaiillss\n(cid:33) (cid:16) |GeM Seller ID : 96DC190000857305\n|Company Name : A P HEALTHCARE\n(cid:74) |Contact No. : 09697022222\n|Email ID : aphealthcare1@gmail.com\nHOUSE NO 280, SECTOR 5,-,CHANNI HIMMAT,-,\n| Address :\nJammu, JAMMU & KASHMIR-180015, -\n(cid:111) |MSME Registration number : UDYAM-JK-07-0006394\n(cid:96) |GSTIN: 01CPKPK1858P1ZH (B) , (R)\n(cid:33) (cid:116) |MSE Social Category : General\n(cid:33) (cid:116) |MSE Gender : Male\n*(cid:33) (cid:75) (cid:118) GST/TAX (cid:33) |GST / Tax invoice to be raised in the name of - Consignee\n(cid:33) (cid:33) (cid:123) | Delivery Instructions : NA\n(cid:125)(cid:125) (cid:33)(cid:33) ||PPrroodduucctt DDeettaaiillss\n(cid:129) (cid:129)\n((IINNRR (cid:118) (cid:118)\n## (cid:33)(cid:33) ||IItteemm DDeessccrriippttiioonn\nOOrrddeerreedd UUnniitt UUnniitt PPrriiccee TTaaxx BBiiffuurrccaattiioonn ((IINNRR)) PPrriiccee\nQQuuaannttiittyy ((IINNRR)) ((IInncclluussiivvee ooff\naallll DDuuttiieess aanndd\nTTaaxxeess iinn IINNRR))\n(cid:125)(cid:125) ||PPrroodduucctt NNaammee :: LOTUS Sterile Surgical Sutures , Polyglactin 910 , Pack of 12\n(cid:131)(cid:131) ||BBrraanndd :: LOTUS\n(cid:131)(cid:131) (cid:52)(cid:52) ||BBrraanndd TTyyppee :: Registered Brand\n(cid:133)(cid:133) (cid:33)(cid:33)(cid:134)(cid:134)(cid:33)(cid:33) ||CCaattaalloogguuee SSttaattuuss:: OEM verified catalogue\n1 144 packet 429 NA 61,776\n| |SSeelllliinngg AAss :: OEM verified Reseller\n(cid:116)(cid:116) (cid:136) (cid:136) ||CCaatteeggoorryy NNaammee && QQuuaaddrraanntt :: Surgical Sutures (Q2)\n||MMooddeell:: LNW2534-910\n||HHSSNN CCooddee:: HSN not specified by seller\n(cid:74) (cid:129) |Total Order Value (in INR) 6611,,777766\n(cid:33) (cid:33) (cid:33)(cid:33) ||CCoonnssiiggnneeee DDeettaaiill\n(cid:16)(cid:16).. . .||SS..NNoo (cid:33) (cid:33) ||CCoonnssiiggnneeee (cid:103)(cid:103) | |IItteemm (cid:61)(cid:61) ||QQuuaannttiittyy | |\nLLoott NNoo.. BBee\nDDeelliivveerryy SSttaarrtt\nCCoommpplleetteedd\nAAfftteerr\nBByy\n| Designation : sunil kumar sharma\n|Email ID : buycon128.hfwdjk.jk@gembuyer.in\nLOTUS Sterile Surgical\n(cid:74)|Contact : -\n1 Sutures , Polyglactin 910 - 144 08-Jan-2026 23-Jan-2026\n|Address : RSS distt hospital poonch, , Pack of 12\nPoonch, JAMMU & KASHMIR-185101, India\nPPrroodduucctt SSppeecciiffiiccaattiioonn ffoorr LLOOTTUUSS SStteerriillee SSuurrggiiccaall SSuuttuurreess ,, PPoollyyggllaaccttiinn 991100 ,, PPaacckk ooff 1122\n(cid:33)(cid:33) (cid:33)(cid:33) (cid:123)(cid:123) ||SSppeecciifificcaattiioonn --(cid:33)(cid:33) (cid:33)(cid:33) (cid:123)(cid:123) ||SSuubb--SSppeecc (cid:129) (cid:129) ||VVaalluuee\nSterility Sterile\nType of Suture Absorbable\nSuture Material (Medical Grade) Polyglactin 910\nSuture Construction Multi-filament\nSuture Size 1-0\nPRODUCT\nINFORMATION\nSuture Length ( 2cm) 90 cm\nNeedle included Single Arm Needle\nType of Needle Reverse Cutting\nNeedle Length of each arm ( 0.5mm) 36 mm\nNeedle Shape (Curvature) 1/2 circle\nPACKING Number of Strands per Pack 12\nShelf life from the date of manufacture (in months) 24\nSHELF LIFE\nAgree to provide residual shelf life of atleast 75% of total shelf life at the time\nResidual shelf life of the product\nof delivery to the consignee\nCompliance to Drugs and Cosmetic Act 1940 and Medical Device Rules\nYes\n(MDR) 2017 as amended till date\nAvailability of valid Medical Device license for the product issued from the\nYes\nCERTIFICATIONS competent authority\nValid CDSCO Medical Device License Number MFG/MD/2024/000202\nLicence issuing authority as per MDR Central Licencing Authority\nNNAA\n(cid:33)(cid:33) (cid:144)|(cid:144)|TTeerrmmss aanndd CCoonnddiittiioonnss\n11.. SSppeecciiaall tteerrmmss aanndd ccoonnddiittiioonnss-- VVeerrssiioonn::11 eeffffeeccttiivvee ffrroomm 1144--1111--22002255\n11..11 11.. AAllll PPrroovviissiioonnss ooff DDrruuggss aanndd CCoossmmeettiiccss AAcctt,, 11994400 aanndd RRuulleess ((iinncclluuddiinngg MMeeddiiccaall DDeevviiccee RRuullee 22001177)) mmaaddee tthheerree uunnddeerr aanndd aallll ssuubbsseeqquueenntt aammeennddmmeennttss ttiillll ddaattee wwiillll\naallwwaayyss bbee aapppplliiccaabbllee.. TThhiiss wwiillll iinncclluuddee aallll nnoottiiffiiccaattiioonnss iissssuueedd bbyy CCeennttrraall DDrruuggss SSttaannddaarrdd CCoonnttrrooll OOrrggaanniizzaattiioonn ((CCDDSSCCOO)),, MMiinniissttrryy ooff HHeeaalltthh && FFaammiillyy WWeellffaarree ((MMooHHFFWW))\naanndd DDeeppaarrttmmeenntt ooff PPhhaarrmmaacceeuuttiiccaallss ((DDOOPP)),, MMiinniissttrryy ooff CChheemmiiccaallss && FFeerrttiilliizzeerrss iinn tthhiiss rreeggaarrdd..\n22.. TThhee sseelllleerr ss rreeggiissttrraattiioonn aanndd pprroodduucctt uuppllooaadd oonn GGeeMM iiss bbaasseedd oonn tthheeiirr ddeeccllaarraattiioonn ooff ppoosssseessssiinngg aa vvaalliidd MMeeddiiccaall DDeevviiccee LLiicceennssee ffoorr tthhee pprroodduucctt,, cceerrttiiffiiccaattiioonnss,, tteesstt\nrreeppoorrttss aass ppeerr MMDDRR ((22001177)),, llaatteesstt aammeennddeedd.. HHoowweevveerr,, bbuuyyeerrss mmuusstt cchheecckk,, vvaalliiddaattee aanndd vveerriiffyy tthhee ddeettaaiillss aatt tthheeiirr eenndd ffoorr aallll aapppplliiccaabbllee lliicceennsseess aanndd cceerrttiiffiiccaattiioonnss ee..gg..,,\nvvaalliiddiittyy aanndd aauutthheennttiicciittyy//ggeennuuiinneenneessss ooff mmeeddiiccaall ddeevviiccee lliicceennssee ((oorr rreeggiissttrraattiioonn)),, pprroodduucctt cceerrttiiffiiccaattiioonnss,, mmaannuuffaaccttuurreerr ss cceerrttiiffiiccaattiioonnss// lliicceennsseess,, tteesstt rreeppoorrttss aatt tthhee ttiimmee\nooff ssuuppppllyy..\n33.. IInn ccaassee ooff aauutthhoorriizzeedd rreesseelllleerrss//ddiissttrriibbuuttoorrss,, iitt wwiillll bbee tthhee lleeggaall aanndd rreegguullaattoorryy lliiaabbiilliittyy ooff tthhee mmaannuuffaaccttuurreerr ttoo eennssuurree tthhaatt tthheeiirr rreesseelllleerrss//ddiissttrriibbuuttoorrss aarree ooppeerraattiinngg iinn\nccoommpplliiaannccee wwiitthh aallll rreelleevvaanntt llaawwss aanndd rreegguullaattiioonnss,, aanndd aarree lliicceennsseedd ttoo sseellll tthhee mmaannuuffaaccttuurreerr''ss pprroodduuccttss,, iinncclluuddiinngg vveerriiffyyiinngg tthhee vvaalliiddiittyy aanndd aauutthheennttiicciittyy ooff lliicceennssee hheelldd\nbbyy tthheemm..\n44.. AAnnyy ootthheerr TTeerrmmss aanndd CCoonnddiittiioonnss wwhhiicchh iiss nnoott iinncclluuddeedd oorr aatt vvaarriiaannccee wwiitthh tthhee ccoonnddiittiioonnss ssppeecciiffiieedd iinn SSTTCC//GGTTCC,, mmaayy bbee aaddddeedd bbyy tthhee bbuuyyeerr tthhrroouugghh AAddddiittiioonnaall TTeerrmmss\naanndd CCoonnddiittiioonnss ((AATTCC)) iinn tthhee bbiidd ttoo eennssuurree iitteemmss aarree pprrooccuurreedd ffrroomm aauutthheennttiicc//vvaalliiddaatteedd ssoouurrccee wwiitthh aapppprroopprriiaattee aanndd aapppplliiccaabbllee qquuaalliittyy.. TThhee aabboovvee tteerrmmss aanndd\nccoonnddiittiioonnss aarree iinn rreevveerrssee oorrddeerr ooff pprreecceeddeennccee ii..ee.. BBIIDD AATTCC sshhaallll ssuuppeerrsseeddee ssppeecciiffiicc SSTTCC wwhhiicchh sshhaallll ssuuppeerrsseeddee GGeenneerraall TTeerrmmss aanndd CCoonnddiittiioonnss ((GGTTCC)),, wwhheenneevveerr tthheerree\naarree aannyy ccoonnfflliiccttiinngg pprroovviissiioonnss..\n55.. PPaacckkiinngg aanndd MMaarrkkiinngg:: SShhoouulldd bbee aass ppeerr MMDDRR..\n22.. GGeenneerraall TTeerrmmss aanndd CCoonnddiittiioonnss--\n22..11TThhiiss ccoonnttrraacctt iiss ggoovveerrnneedd bbyy tthhee GGeenneerraall TTeerrmmss aanndd CCoonnddiittiioonnss,, ccoonnddiittiioonnss ssttiippuullaatteedd ttoo tthhiiss PPrroodduucctt//SSeerrvviiccee aass pprroovviiddeedd iinn tthhee MMaarrkkeettppllaaccee..\n22..22TThhiiss CCoonnttrraacctt bbeettwweeeenn tthhee SSeelllleerr aanndd tthhee BBuuyyeerr,, iiss ffoorr tthhee ssuuppppllyy ooff tthhee GGooooddss aanndd// oorr SSeerrvviicceess,, ddeettaaiilleedd iinn tthhee sscchheedduullee aabboovvee,, iinn aaccccoorrddaannccee wwiitthh tthhee GGeenneerraall TTeerrmmss aanndd\nCCoonnddiittiioonnss ((GGTTCC)) uunnlleessss ootthheerrwwiissee ssuuppeerrsseeddeedd bbyy GGooooddss // SSeerrvviicceess ssppeecciiffiicc SSppeecciiaall TTeerrmmss aanndd CCoonnddiittiioonnss ((SSTTCC)) aanndd// oorr BBIIDD//RReevveerrssee AAuuccttiioonn AAddddiittiioonnaall TTeerrmmss aanndd CCoonnddiittiioonnss\n((AATTCC)),, aass aapppplliiccaabbllee\n22..33AAllll GGeeMM SSeelllleerrss // SSeerrvviiccee PPrroovviiddeerrss aarree mmaannddaatteedd ttoo eennssuurree ccoommpplliiaannccee wwiitthh aallll tthhee aapppplliiccaabbllee llaawwss // aaccttss // rruulleess iinncclluuddiinngg bbuutt nnoott lliimmiitteedd ttoo aallll LLaabboouurr LLaawwss ssuucchh aass TThhee\nMMiinniimmuumm WWaaggeess AAcctt,, 11994488,, TThhee PPaayymmeenntt ooff WWaaggeess AAcctt,, 11993366,, TThhee PPaayymmeenntt ooff BBoonnuuss AAcctt,, 11996655,, TThhee EEqquuaall RReemmuunneerraattiioonn AAcctt,, 11997766,, TThhee PPaayymmeenntt ooff GGrraattuuiittyy AAcctt,, 11997722 eettcc.. AAnnyy\nnnoonn--ccoommpplliiaannccee wwiillll bbee ttrreeaatteedd aass bbrreeaacchh ooff ccoonnttrraacctt aanndd BBuuyyeerr mmaayy ttaakkee ssuuiittaabbllee aaccttiioonnss aass ppeerr GGeeMM CCoonnttrraacctt..\nNNoottee:: Sellers are required to raise invoices online as per the contract terms on GeM portal. Timely invoice submission is mandatory for compliances, smooth payment processing,\nand will also contribute to improving their ratings.\nNote: This is system generated file. No signature is required. Print out of this document is not valid for payment/ transaction purpose.",
  "tables": [
    {
      "page": 1,
      "table_number": 1,
      "data": [
        [
          "(cid:33)(cid:33) ||OOrrggaanniissaattiioonn DDeettaaiillss\n(cid:52)(cid:53) |Type : State Government\n(cid:61) |Ministry : -\nHealth and Family Welfare Department Jammu and\n(cid:33) |Department :\nKashmir\n|Organisation Name\nN/A\n(cid:74) (cid:75) (cid:61)|Office Zone: poonch",
          "",
          "",
          "",
          "|Designation : sunil kumar sharma\n(cid:74) |Contact No. : -\n|Email ID : buycon128.hfwdjk.jk@gembuyer.in\nRSS distt hospital poonch,\n|Address :\nPoonch, JAMMU & KASHMIR-185101, India",
          "",
          "",
          "",
          "",
          "",
          "",
          ""
        ],
        [
          "(cid:33)(cid:33) (cid:102)(cid:102) (cid:103)(cid:103) (cid:33)(cid:33) (cid:33)(cid:33) ||FFiinnaanncciiaall AApppprroovvaall DDeettaaiill (cid:52)(cid:52) (cid:33)(cid:33) (cid:33)(cid:33) ||PPaayyiinngg AAuutthhoorriittyy DDeettaaiillss\n(cid:33) |IFD Concurrence : No Role: PAO\nMEDICAL SUPERINTENDENT Internet Banking\nDesignation of Administrative Approval: Payment Mode:\n(cid:33) (cid:102) | |Designation : Sr Asstt\nMEDICAL SUPERINTENDENT\nDesignation of Financial Approval : |Email ID : pay30.hfwdjk.jk@gembuyer.in\nRSS distt hospital poonch,\n|Address:\nPoonch, JAMMU & KASHMIR-185101, India",
          "",
          "",
          "",
          "",
          "",
          "",
          "",
          "",
          "",
          "",
          ""
        ],
        [
          "(cid:33)(cid:33) (cid:16)(cid:16) (cid:33)(cid:33) ||SSeelllleerr DDeettaaiillss\n(cid:33) (cid:16) |GeM Seller ID : 96DC190000857305\n|Company Name : A P HEALTHCARE\n(cid:74) |Contact No. : 09697022222\n|Email ID : aphealthcare1@gmail.com\nHOUSE NO 280, SECTOR 5,-,CHANNI HIMMAT,-,\n| Address :\nJammu, JAMMU & KASHMIR-180015, -\n(cid:111) |MSME Registration number : UDYAM-JK-07-0006394\n(cid:96) |GSTIN: 01CPKPK1858P1ZH (B) , (R)",
          "",
          "",
          "",
          "",
          "",
          "",
          "",
          "",
          "",
          "",
          ""
        ],
        [
          "(cid:33) (cid:116) |MSE Social Category : General\n(cid:33) (cid:116) |MSE Gender : Male",
          "",
          "",
          "",
          "",
          "",
          "",
          "",
          "",
          "",
          "",
          ""
        ],
        [
          "*(cid:33) (cid:75) (cid:118) GST/TAX (cid:33) |GST / Tax invoice to be raised in the name of - Consignee",
          "",
          "",
          "",
          "",
          "",
          "",
          "",
          "",
          "",
          "",
          ""
        ],
        [
          "(cid:33) (cid:33) (cid:123) | Delivery Instructions : NA",
          "",
          "",
          "",
          "",
          "",
          "",
          "",
          "",
          "",
          "",
          ""
        ],
        [
          "(cid:125)(cid:125) (cid:33)(cid:33) ||PPrroodduucctt DDeettaaiillss",
          "",
          "",
          "",
          "",
          "",
          "",
          "",
          "",
          "",
          "",
          ""
        ],
        [
          "",
          "(cid:33)(cid:33) ||IItteemm DDeessccrriippttiioonn",
          "",
          "",
          "",
          "OOrrddeerreedd\nQQuuaannttiittyy",
          "",
          "((IINNRR))||\nUUnniitt PPrriiccee\n((IINNRR))",
          "",
          "TTaaxx BBiiffuurrccaattiioonn ((IINNRR))",
          "",
          "(cid:129) (cid:129)\n((IINNRR (cid:118) (cid:118)\nPPrriiccee\n((IInncclluussiivvee ooff\naallll DDuuttiieess aanndd\nTTaaxxeess iinn IINNRR))"
        ],
        [
          "1",
          "(cid:125)(cid:125) ||PPrroodduucctt NNaammee :: LOTUS Sterile Surgical Sutures , Polyglactin 910 , Pack of 12\n(cid:131)(cid:131) ||BBrraanndd :: LOTUS\n(cid:131)(cid:131) (cid:52)(cid:52) ||BBrraanndd TTyyppee :: Registered Brand\n(cid:133)(cid:133) (cid:33)(cid:33)(cid:134)(cid:134)(cid:33)(cid:33) ||CCaattaalloogguuee SSttaattuuss:: OEM verified catalogue\n| |SSeelllliinngg AAss :: OEM verified Reseller\n(cid:116)(cid:116) (cid:136) (cid:136) ||CCaatteeggoorryy NNaammee && QQuuaaddrraanntt :: Surgical Sutures (Q2)\n||MMooddeell:: LNW2534-910\n||HHSSNN CCooddee:: HSN not specified by seller",
          "",
          "",
          "",
          "144",
          "packet",
          "429",
          "",
          "NA",
          "",
          "61,776"
        ],
        [
          "(cid:74) (cid:129) |Total Order Value (in INR)",
          "",
          "",
          "",
          "",
          "",
          "",
          "",
          "",
          "",
          "",
          "6611,,777766"
        ],
        [
          "(cid:33) (cid:33) (cid:33)(cid:33) ||CCoonnssiiggnneeee DDeettaaiill",
          "",
          "",
          "",
          "",
          "",
          "",
          "",
          "",
          "",
          "",
          ""
        ],
        [
          "(cid:16)(cid:16).. . .||SS..NNoo",
          "",
          "(cid:33) (cid:33) ||CCoonnssiiggnneeee",
          "(cid:103)(cid:103) | |IItteemm",
          "",
          "",
          "",
          "",
          "(cid:61)(cid:61) ||QQuuaannttiittyy",
          "",
          "DDeelliivveerryy SSttaarrtt\nAAfftteerr",
          "DDeelliivveerryy TToo\nBBee\nCCoommpplleetteedd\nBByy"
        ],
        [
          "1",
          "",
          "| Designation : sunil kumar sharma\n|Email ID : buycon128.hfwdjk.jk@gembuyer.in\n(cid:74)|Contact : -",
          "LOTUS Sterile Surgical\nSutures , Polyglactin 910",
          "",
          "",
          "",
          "",
          "144",
          "",
          "08-Jan-2026",
          "23-Jan-2026"
        ]
      ]
    },
    {
      "page": 2,
      "table_number": 1,
      "data": [
        [
          "|Address : RSS distt hospital poonch, , Pack of 12\nPoonch, JAMMU & KASHMIR-185101, India",
          "",
          ""
        ],
        [
          "PPrroodduucctt SSppeecciiffiiccaattiioonn ffoorr LLOOTTUUSS SStteerriillee SSuurrggiiccaall SSuuttuurreess ,, PPoollyyggllaaccttiinn 991100 ,, PPaacckk ooff 1122",
          "",
          ""
        ],
        [
          "(cid:33)(cid:33) (cid:33)(cid:33) (cid:123)(cid:123) ||SSppeecciifificcaattiioonn",
          "--(cid:33)(cid:33) (cid:33)(cid:33) (cid:123)(cid:123) ||SSuubb--SSppeecc",
          "(cid:129) (cid:129) ||VVaalluuee"
        ],
        [
          "PRODUCT\nINFORMATION",
          "Sterility",
          "Sterile"
        ],
        [
          "",
          "Type of Suture",
          "Absorbable"
        ],
        [
          "",
          "Suture Material (Medical Grade)",
          "Polyglactin 910"
        ],
        [
          "",
          "Suture Construction",
          "Multi-filament"
        ],
        [
          "",
          "Suture Size",
          "1-0"
        ],
        [
          "",
          "Suture Length ( 2cm)",
          "90 cm"
        ],
        [
          "",
          "Needle included",
          "Single Arm Needle"
        ],
        [
          "",
          "Type of Needle",
          "Reverse Cutting"
        ],
        [
          "",
          "Needle Length of each arm ( 0.5mm)",
          "36 mm"
        ],
        [
          "",
          "Needle Shape (Curvature)",
          "1/2 circle"
        ],
        [
          "PACKING",
          "Number of Strands per Pack",
          "12"
        ],
        [
          "SHELF LIFE",
          "Shelf life from the date of manufacture (in months)",
          "24"
        ],
        [
          "",
          "Residual shelf life of the product",
          "Agree to provide residual shelf life of atleast 75% of total shelf life at the time\nof delivery to the consignee"
        ],
        [
          "CERTIFICATIONS",
          "Compliance to Drugs and Cosmetic Act 1940 and Medical Device Rules\n(MDR) 2017 as amended till date",
          "Yes"
        ],
        [
          "",
          "Availability of valid Medical Device license for the product issued from the\ncompetent authority",
          "Yes"
        ],
        [
          "",
          "Valid CDSCO Medical Device License Number",
          "MFG/MD/2024/000202"
        ],
        [
          "",
          "Licence issuing authority as per MDR",
          "Central Licencing Authority"
        ],
        [
          "NNAA",
          "",
          ""
        ],
        [
          "(cid:33)(cid:33) (cid:144)|(cid:144)|TTeerrmmss aanndd CCoonnddiittiioonnss\n11.. SSppeecciiaall tteerrmmss aanndd ccoonnddiittiioonnss-- VVeerrssiioonn::11 eeffffeeccttiivvee ffrroomm 1144--1111--22002255\n11..11 11.. AAllll PPrroovviissiioonnss ooff DDrruuggss aanndd CCoossmmeettiiccss AAcctt,, 11994400 aanndd RRuulleess ((iinncclluuddiinngg MMeeddiiccaall DDeevviiccee RRuullee 22001177)) mmaaddee tthheerree uunnddeerr aanndd aallll ssuubbsseeqquueenntt aammeennddmmeennttss ttiillll ddaattee wwiillll\naallwwaayyss bbee aapppplliiccaabbllee.. TThhiiss wwiillll iinncclluuddee aallll nnoottiiffiiccaattiioonnss iissssuueedd bbyy CCeennttrraall DDrruuggss SSttaannddaarrdd CCoonnttrrooll OOrrggaanniizzaattiioonn ((CCDDSSCCOO)),, MMiinniissttrryy ooff HHeeaalltthh && FFaammiillyy WWeellffaarree ((MMooHHFFWW))\naanndd DDeeppaarrttmmeenntt ooff PPhhaarrmmaacceeuuttiiccaallss ((DDOOPP)),, MMiinniissttrryy ooff CChheemmiiccaallss && FFeerrttiilliizzeerrss iinn tthhiiss rreeggaarrdd..\n22.. TThhee sseelllleerr ss rreeggiissttrraattiioonn aanndd pprroodduucctt uuppllooaadd oonn GGeeMM iiss bbaasseedd oonn tthheeiirr ddeeccllaarraattiioonn ooff ppoosssseessssiinngg aa vvaalliidd MMeeddiiccaall DDeevviiccee LLiicceennssee ffoorr tthhee pprroodduucctt,, cceerrttiiffiiccaattiioonnss,, tteesstt\nrreeppoorrttss aass ppeerr MMDDRR ((22001177)),, llaatteesstt aammeennddeedd.. HHoowweevveerr,, bbuuyyeerrss mmuusstt cchheecckk,, vvaalliiddaattee aanndd vveerriiffyy tthhee ddeettaaiillss aatt tthheeiirr eenndd ffoorr aallll aapppplliiccaabbllee lliicceennsseess aanndd cceerrttiiffiiccaattiioonnss ee..gg..,,\nvvaalliiddiittyy aanndd aauutthheennttiicciittyy//ggeennuuiinneenneessss ooff mmeeddiiccaall ddeevviiccee lliicceennssee ((oorr rreeggiissttrraattiioonn)),, pprroodduucctt cceerrttiiffiiccaattiioonnss,, mmaannuuffaaccttuurreerr ss cceerrttiiffiiccaattiioonnss// lliicceennsseess,, tteesstt rreeppoorrttss aatt tthhee ttiimmee\nooff ssuuppppllyy..\n33.. IInn ccaassee ooff aauutthhoorriizzeedd rreesseelllleerrss//ddiissttrriibbuuttoorrss,, iitt wwiillll bbee tthhee lleeggaall aanndd rreegguullaattoorryy lliiaabbiilliittyy ooff tthhee mmaannuuffaaccttuurreerr ttoo eennssuurree tthhaatt tthheeiirr rreesseelllleerrss//ddiissttrriibbuuttoorrss aarree ooppeerraattiinngg iinn\nccoommpplliiaannccee wwiitthh aallll rreelleevvaanntt llaawwss aanndd rreegguullaattiioonnss,, aanndd aarree lliicceennsseedd ttoo sseellll tthhee mmaannuuffaaccttuurreerr''ss pprroodduuccttss,, iinncclluuddiinngg vveerriiffyyiinngg tthhee vvaalliiddiittyy aanndd aauutthheennttiicciittyy ooff lliicceennssee hheelldd\nbbyy tthheemm..\n44.. AAnnyy ootthheerr TTeerrmmss aanndd CCoonnddiittiioonnss wwhhiicchh iiss nnoott iinncclluuddeedd oorr aatt vvaarriiaannccee wwiitthh tthhee ccoonnddiittiioonnss ssppeecciiffiieedd iinn SSTTCC//GGTTCC,, mmaayy bbee aaddddeedd bbyy tthhee bbuuyyeerr tthhrroouugghh AAddddiittiioonnaall TTeerrmmss\naanndd CCoonnddiittiioonnss ((AATTCC)) iinn tthhee bbiidd ttoo eennssuurree iitteemmss aarree pprrooccuurreedd ffrroomm aauutthheennttiicc//vvaalliiddaatteedd ssoouurrccee wwiitthh aapppprroopprriiaattee aanndd aapppplliiccaabbllee qquuaalliittyy.. TThhee aabboovvee tteerrmmss aanndd\nccoonnddiittiioonnss aarree iinn rreevveerrssee oorrddeerr ooff pprreecceeddeennccee ii..ee.. BBIIDD AATTCC sshhaallll ssuuppeerrsseeddee ssppeecciiffiicc SSTTCC wwhhiicchh sshhaallll ssuuppeerrsseeddee GGeenneerraall TTeerrmmss aanndd CCoonnddiittiioonnss ((GGTTCC)),, wwhheenneevveerr tthheerree\naarree aannyy ccoonnfflliiccttiinngg pprroovviissiioonnss..\n55.. PPaacckkiinngg aanndd MMaarrkkiinngg:: SShhoouulldd bbee aass ppeerr MMDDRR..\n22.. GGeenneerraall TTeerrmmss aanndd CCoonnddiittiioonnss--\n22..11TThhiiss ccoonnttrraacctt iiss ggoovveerrnneedd bbyy tthhee GGeenneerraall TTeerrmmss aanndd CCoonnddiittiioonnss,, ccoonnddiittiioonnss ssttiippuullaatteedd ttoo tthhiiss PPrroodduucctt//SSeerrvviiccee aass pprroovviiddeedd iinn tthhee MMaarrkkeettppllaaccee..\n22..22TThhiiss CCoonnttrraacctt bbeettwweeeenn tthhee SSeelllleerr aanndd tthhee BBuuyyeerr,, iiss ffoorr tthhee ssuuppppllyy ooff tthhee GGooooddss aanndd// oorr SSeerrvviicceess,, ddeettaaiilleedd iinn tthhee sscchheedduullee aabboovvee,, iinn aaccccoorrddaannccee wwiitthh tthhee GGeenneerraall TTeerrmmss aanndd\nCCoonnddiittiioonnss ((GGTTCC)) uunnlleessss ootthheerrwwiissee ssuuppeerrsseeddeedd bbyy GGooooddss // SSeerrvviicceess ssppeecciiffiicc SSppeecciiaall TTeerrmmss aanndd CCoonnddiittiioonnss ((SSTTCC)) aanndd// oorr BBIIDD//RReevveerrssee AAuuccttiioonn AAddddiittiioonnaall TTeerrmmss aanndd CCoonnddiittiioonnss\n((AATTCC)),, aass aapppplliiccaabbllee\n22..33AAllll GGeeMM SSeelllleerrss // SSeerrvviiccee PPrroovviiddeerrss aarree mmaannddaatteedd ttoo eennssuurree ccoommpplliiaannccee wwiitthh aallll tthhee aapppplliiccaabbllee llaawwss // aaccttss // rruulleess iinncclluuddiinngg bbuutt nnoott lliimmiitteedd ttoo aallll LLaabboouurr LLaawwss ssuucchh aass TThhee\nMMiinniimmuumm WWaaggeess AAcctt,, 11994488,, TThhee PPaayymmeenntt ooff WWaaggeess AAcctt,, 11993366,, TThhee PPaayymmeenntt ooff BBoonnuuss AAcctt,, 11996655,, TThhee EEqquuaall RReemmuunneerraattiioonn AAcctt,, 11997766,, TThhee PPaayymmeenntt ooff GGrraattuuiittyy AAcctt,, 11997722 eettcc.. AAnnyy\nnnoonn--ccoommpplliiaannccee wwiillll bbee ttrreeaatteedd aass bbrreeaacchh ooff ccoonnttrraacctt aanndd BBuuyyeerr mmaayy ttaakkee ssuuiittaabbllee aaccttiioonnss aass ppeerr GGeeMM CCoonnttrraacctt..",
          "",
          ""
        ],
        [
          "NNoottee:: Sellers are required to raise invoices online as per the contract terms on GeM portal. Timely invoice submission is mandatory for compliances, smooth payment processing,\nand will also contribute to improving their ratings.",
          "",
          ""
        ]
      ]
    },
    {
      "page": 3,
      "table_number": 1,
      "data": [
        [
          "Note: This is system generated file. No signature is required. Print out of this document is not valid for payment/ transaction purpose."
        ]
      ]
    }
  ],
  "table_count": 3,
  "total_pages": 3
}