{
  "source_file": "GEMC-511687795569092.pdf",
  "extraction_date": "2026-01-15T00:35:20.951394",
  "extraction_method": "pdfplumber",
  "metadata": {
    "Title": "Contract",
    "Creator": "wkhtmltopdf 0.12.4",
    "Producer": "Qt 4.8.7",
    "CreationDate": "D:20260108152901+05'30'"
  },
  "text_content": "(cid:16)(cid:16) ||CCoonnttrraacctt NNoo:: GEMC-511687795569092\n(cid:34)(cid:34) (cid:34)(cid:34) ||GGeenneerraatteedd DDaattee :: 08-Jan-2026\n(cid:34)(cid:34) ||OOrrggaanniissaattiioonn DDeettaaiillss (cid:34)(cid:34) ||BBuuyyeerr DDeettaaiillss\n(cid:52)(cid:53) |Type : Central Autonomous |Designation : George Thomas\n(cid:61) |Ministry : Ministry of Science and Technology (cid:71) |Contact No. : -\n(cid:34) |Department : Department of Science and Technology (DST) |Email ID : buyer21.sctimsts.kl@gembuyer.in\n|Organisation Sree Chitra Tirunal Institute for Medical Sciences and (cid:91) |GSTIN : -\nName : Technology (SCTIMST) Sree Chitra Tirunal Institute For Medical Science and\n(cid:71) (cid:72) (cid:61)|Office Zone: Thiruvananthapuram |Address : Technology,Medical College PO, Triavndrum,\nThiruvananthapuram, KERALA-695011, India\n(cid:34)(cid:34) (cid:98)(cid:98) (cid:99)(cid:99) (cid:34)(cid:34) (cid:34)(cid:34) ||FFiinnaanncciiaall AApppprroovvaall DDeettaaiill (cid:52)(cid:52) (cid:34)(cid:34) (cid:34)(cid:34) ||PPaayyiinngg AAuutthhoorriittyy DDeettaaiillss\n(cid:34) |IFD Concurrence : No Role: PAO\nDr.kavita raja Offline\nDesignation of Administrative Approval: Payment Mode:\n(cid:34) (cid:98) | |Designation : Chief Accounts Officer\nMedical Superintendent\nDesignation of Financial Approval : |Email ID : sao1.sctimst-ker@gov.in\n(cid:91) |GSTIN : 32AAAJS0437M1Z4\nSree Chitra Tirunal Institute For Medical Science and\n|Address: Technology,Medical College PO, Trivandrum,\nThiruvananthapuram, KERALA-695011, India\n(cid:34)(cid:34) (cid:16)(cid:16) (cid:34)(cid:34) ||SSeelllleerr DDeettaaiillss\n(cid:34) (cid:16) |GeM Seller ID : 967C180000103898\n|Company Name : HEALTHIUM MEDTECH LIMITED\n(cid:71) |Contact No. : 07760735269\n|Email ID : tenders@healthiummedtech.com\n#472/D,4th Phase, 13th Cross,Peenya Industrial Area, Peenya,\n| Address :\nBengaluru, KARNATAKA-560058, -\n(cid:112) |MSME Registration number : -\n(cid:91) |GSTIN: 27AACCS6580N1ZQ (B) , 29AACCS6580N1ZM (R) , (M) , (M) , 27AACCS6580N1ZQ (M) , 29AACCS6580N1ZM (B) , (B)\n*(cid:34) (cid:72) (cid:115) GST/TAX (cid:34) |GST / Tax invoice to be raised in the name of - Consignee\n(cid:34) (cid:34) (cid:120) | Delivery Instructions : NA\n(cid:122)(cid:122) (cid:34)(cid:34) ||PPrroodduucctt DDeettaaiillss\n(cid:124) (cid:124)\n((IINNRR (cid:115) (cid:115)\n## (cid:34)(cid:34) ||IItteemm DDeessccrriippttiioonn TTaaxx BBiiffuurrccaattiioonn\nOOrrddeerreedd UUnniitt UUnniitt PPrriiccee PPrriiccee\n((IINNRR))\nQQuuaannttiittyy ((IINNRR)) ((IInncclluussiivvee ooff\naallll DDuuttiieess aanndd\nTTaaxxeess iinn IINNRR))\n(cid:122)(cid:122) ||PPrroodduucctt NNaammee :: CLINICEL Absorbable Hemostat Oxidized Regenerated\nCellulose (ORC)\n(cid:127)(cid:127) ||BBrraanndd :: CLINICEL\n(cid:127)(cid:127) (cid:52)(cid:52) ||BBrraanndd TTyyppee :: Registered Brand\n1 (cid:129)(cid:129) (cid:34)(cid:34)(cid:130)(cid:130)(cid:34)(cid:34) ||CCaattaalloogguuee SSttaattuuss:: OEM verified catalogue 26 pieces 1,895 NA 49,270\n(cid:132)(cid:132) (cid:133) (cid:133) ||CCaatteeggoorryy NNaammee && QQuuaaddrraanntt :: Absorbable Hemostat (V2) (Q2)\n||MMooddeell:: CLF12\n(cid:71) (cid:124) |Total Order Value (in INR) 4499,,227700\n(cid:34) (cid:34) (cid:34)(cid:34) ||CCoonnssiiggnneeee DDeettaaiill\n(cid:16)(cid:16).. . .||SS..NNoo (cid:34) (cid:34) ||CCoonnssiiggnneeee (cid:99)(cid:99) | |IItteemm (cid:61)(cid:61) ||QQuuaannttiittyy | |\nLLoott NNoo.. BBee\nDDeelliivveerryy SSttaarrtt\nCCoommpplleetteedd\nAAfftteerr\nBByy\n| Designation : ASST ADMINISTRATIVE OFFICER Sri Shiju\n|Email ID : buycon15.sctimsts.kl@gembuyer.in\nCLINICEL Absorbable\n(cid:71)|Contact : 0471-2524527-\nHemostat Oxidized\n1 (cid:91) |GSTIN : 32AAAJS0437M1Z4 - 26 08-Jan-2026 23-Jan-2026\n|Address : Sree Chitra Tirunal Institute For Medical Science and Regenerated Cellulose\nTechnology,Medical College PO, Trivandrum, (ORC)\nThiruvananthapuram, KERALA-695011, India\nPPrroodduucctt SSppeecciiffiiccaattiioonn ffoorr CCLLIINNIICCEELL AAbbssoorrbbaabbllee HHeemmoossttaatt OOxxiiddiizzeedd RReeggeenneerraatteedd CCeelllluulloossee ((OORRCC))\n(cid:34)(cid:34) (cid:34)(cid:34) (cid:120)(cid:120) ||SSppeecciifificcaattiioonn --(cid:34)(cid:34) (cid:34)(cid:34) (cid:120)(cid:120) ||SSuubb--SSppeecc (cid:124) (cid:124) ||VVaalluuee\nProduct Description Absorbable Hemostat\nGENERAL\nTo control bleeding during injuries\nPurpose\nand surgical procedures\nOxidized Regenerated Cellulose\nComposition of Material (made of 100% of the enumerated material)\n(ORC)\nFully Absorb-able as approved by CDSCO Yes\nComplete Absorption period 7 to 14 Days\nPRODUCT\nINFORMATION Time to achieve complete hemostatis 1 to 5 minutes\nWidth ( 0.5 inch) 1 inch\nLength ( 0.5 inch) 2 inch\nQuantity for Powdered Hemostat NA\nPACKAGING Type of Packing Moisture Proof Packing\nCompliance to Medical Device Rule (MDR) 2017 as amended till date Yes\nAvailability of valid medical device license for the product issued from the competent authority defined under\nYes\nDrugs and Cosmetic Act 1940 and Rules made there under as amended till date\nValid Medical Device License Number MFG/MD/2021/000367\nCERTIFICATIONS\nManufacturer Facility Certification ISO:13485 (Latest)\nAvailability of Test Report for each supplied batch/product as per Medical Device Rule (MDR) 2017 as amended till\nYes\ndate\nSubmission of all necessary certifications, licenses and test reports to the buyer at the time of bid submission or\nYes\nalong with supplies as per buyer requirement\nShelf life in months from the date of manufacture 36 month\nSHELF LIFE\nMinimum shelf life of the product at the time of delivery to the consignee 3/4 th of Total Shelf Life\nAgree to provide advance sample of the product for buyer's approval after award of contract and before\nADVANCE SAMPLE Yes\ncommencement of supply in case of bidding\nADDITIONAL\nAdditional Requirements NA\nREQUREMENTS\nNNAA\n(cid:34)(cid:34) (cid:146)|(cid:146)|TTeerrmmss aanndd CCoonnddiittiioonnss\n11.. SSppeecciiaall tteerrmmss aanndd ccoonnddiittiioonnss-- VVeerrssiioonn::11 eeffffeeccttiivvee ffrroomm 1100--0077--22002244\n11..11 11.. AAllll PPrroovviissiioonnss ooff DDrruuggss aanndd CCoossmmeettiiccss AAcctt,, 11994400 aanndd RRuulleess ((iinncclluuddiinngg MMeeddiiccaall DDeevviiccee RRuullee 22001177)) mmaaddee tthheerree uunnddeerr aass aammeennddeedd ttiillll ddaattee wwiillll aallwwaayyss bbee aapppplliiccaabbllee.. TThhiiss\nwwiillll iinncclluuddee aallll nnoottiiffiiccaattiioonnss iissssuueedd bbyy CCeennttrraall DDrruuggss SSttaannddaarrdd CCoonnttrrooll OOrrggaanniizzaattiioonn ((CCDDSSCCOO)),, MMiinniissttrryy ooff HHeeaalltthh && FFaammiillyy WWeellffaarree ((MMooHHFFWW)) aanndd DDeeppaarrttmmeenntt ooff\nPPhhaarrmmaacceeuuttiiccaallss ((DDOOPP)),, MMiinniissttrryy ooff CChheemmiiccaallss && FFeerrttiilliizzeerrss ttiimmee ttoo ttiimmee iinn tthhiiss rreeggaarrdd..\n22.. TThhee sseelllleerrss aarree rreeggiisstteerreedd oonn GGeeMM bbaasseedd oonn sseellff--ddeeccllaarraattiioonn ooff vvaalliidd MMeeddiiccaall DDeevviiccee LLiicceennssee,, pprroodduucctt cceerrttiiffiiccaattiioonn,, tteesstt rreeppoorrttss eettcc.. HHoowweevveerr,, bbuuyyeerrss mmuusstt cchheecckk aanndd\nvvaalliiddaattee tthhee ddeettaaiillss aatt tthheeiirr eenndd ffoorr aallll aapppplliiccaabbllee lliicceennsseess aanndd cceerrttiiffiiccaattiioonnss ee..gg..,, vvaalliiddiittyy aanndd aauutthheennttiicciittyy//ggeennuuiinneenneessss ooff lliicceennssee,, pprroodduucctt cceerrttiiffiiccaattiioonn,, mmaannuuffaaccttuurreerr\ncceerrttiiffiiccaattiioonn//lliicceennsseess,, tteesstt rreeppoorrttss eettcc..\n33.. IInn ccaassee ooff aauutthhoorriizzeedd rreesseelllleerrss//ddiissttrriibbuuttoorrss,, iitt wwiillll bbee tthhee lleeggaall && rreegguullaattoorryy lliiaabbiilliittyy ooff tthhee mmaannuuffaaccttuurreerr ttoo eennssuurree tthhaatt tthheeiirr rreesseelllleerrss//ddiissttrriibbuuttoorrss aarree ooppeerraattiinngg iinn\nccoommpplliiaannccee wwiitthh aallll rreelleevvaanntt llaawwss aanndd rreegguullaattiioonnss aanndd aarree pprrooppeerrllyy lliicceennsseedd ttoo sseellll tthhee mmaannuuffaaccttuurreerr''ss pprroodduuccttss,, iinncclluuddiinngg vveerriiffyyiinngg tthhee vvaalliiddiittyy aanndd aauutthheennttiicciittyy ooff\nMMeeddiiccaall DDeevviiccee LLiicceennssee lliicceennssee hheelldd bbyy tthheemm..\n44.. TThhee pprriiccee ooffffeerreedd bbyy tthhee sseelllleerr//bbiiddddeerr sshhaallll nnoott,, iinn aannyy ccaassee eexxcceeeedd tthhee DDPPCCOO//NNPPPPAA ccoonnttrroolllleedd pprriiccee oorr pprriiccee ffiixxeedd bbyy SSttaattee GGoovveerrnnmmeenntt,, iiff aannyy.. TThhee sseelllleerr mmuusstt rreedduuccee\ntthhee pprriicceess iiff tthheerree iiss aannyy rreedduuccttiioonn iinn DDPPCCOO//NNPPPPAA cceeiilliinngg pprriiccee oorr pprriiccee ffiixxeedd bbyy SSttaattee GGoovveerrnnmmeenntt,, iiff aannyy..\n55.. AAnnyy ootthheerr TTeerrmmss aanndd CCoonnddiittiioonnss wwhhiicchh iiss nnoott iinncclluuddeedd oorr aatt vvaarriiaannccee wwiitthh tthhee ccoonnddiittiioonnss ssppeecciiffiieedd iinn SSTTCC//GGTTCC,, mmaayy bbee aaddddeedd bbyy tthhee bbuuyyeerr tthhrroouugghh AAddddiittiioonnaall TTeerrmmss\naanndd CCoonnddiittiioonnss ((AATTCC)) iinn tthhee bbiidd ttoo eennssuurree iitteemmss aarree pprrooccuurreedd ffrroomm aauutthheennttiicc//vvaalliiddaatteedd ssoouurrccee wwiitthh aapppprroopprriiaattee aanndd aapppplliiccaabbllee qquuaalliittyy.. TThhee aabboovvee tteerrmmss aanndd\nccoonnddiittiioonnss aarree iinn rreevveerrssee oorrddeerr ooff pprreecceeddeennccee ii..ee.. AATTCC sshhaallll ssuuppeerrsseeddee ssppeecciiffiicc SSTTCC wwhhiicchh sshhaallll ssuuppeerrsseeddee GGeenneerraall TTeerrmmss aanndd CCoonnddiittiioonnss ((GGTTCC)),, wwhheenneevveerr tthheerree aarree\naannyy ccoonnfflliiccttiinngg pprroovviissiioonnss..\n22.. GGeenneerraall TTeerrmmss aanndd CCoonnddiittiioonnss--\n22..11TThhiiss ccoonnttrraacctt iiss ggoovveerrnneedd bbyy tthhee GGeenneerraall TTeerrmmss aanndd CCoonnddiittiioonnss,, ccoonnddiittiioonnss ssttiippuullaatteedd ttoo tthhiiss PPrroodduucctt//SSeerrvviiccee aass pprroovviiddeedd iinn tthhee MMaarrkkeettppllaaccee..\n22..22TThhiiss CCoonnttrraacctt bbeettwweeeenn tthhee SSeelllleerr aanndd tthhee BBuuyyeerr,, iiss ffoorr tthhee ssuuppppllyy ooff tthhee GGooooddss aanndd// oorr SSeerrvviicceess,, ddeettaaiilleedd iinn tthhee sscchheedduullee aabboovvee,, iinn aaccccoorrddaannccee wwiitthh tthhee GGeenneerraall TTeerrmmss aanndd\nCCoonnddiittiioonnss ((GGTTCC)) uunnlleessss ootthheerrwwiissee ssuuppeerrsseeddeedd bbyy GGooooddss // SSeerrvviicceess ssppeecciiffiicc SSppeecciiaall TTeerrmmss aanndd CCoonnddiittiioonnss ((SSTTCC)) aanndd// oorr BBIIDD//RReevveerrssee AAuuccttiioonn AAddddiittiioonnaall TTeerrmmss aanndd CCoonnddiittiioonnss\n((AATTCC)),, aass aapppplliiccaabbllee\n22..33AAllll GGeeMM SSeelllleerrss // SSeerrvviiccee PPrroovviiddeerrss aarree mmaannddaatteedd ttoo eennssuurree ccoommpplliiaannccee wwiitthh aallll tthhee aapppplliiccaabbllee llaawwss // aaccttss // rruulleess iinncclluuddiinngg bbuutt nnoott lliimmiitteedd ttoo aallll LLaabboouurr LLaawwss ssuucchh aass TThhee\nMMiinniimmuumm WWaaggeess AAcctt,, 11994488,, TThhee PPaayymmeenntt ooff WWaaggeess AAcctt,, 11993366,, TThhee PPaayymmeenntt ooff BBoonnuuss AAcctt,, 11996655,, TThhee EEqquuaall RReemmuunneerraattiioonn AAcctt,, 11997766,, TThhee PPaayymmeenntt ooff GGrraattuuiittyy AAcctt,, 11997722 eettcc.. AAnnyy\nnnoonn--ccoommpplliiaannccee wwiillll bbee ttrreeaatteedd aass bbrreeaacchh ooff ccoonnttrraacctt aanndd BBuuyyeerr mmaayy ttaakkee ssuuiittaabbllee aaccttiioonnss aass ppeerr GGeeMM CCoonnttrraacctt..\nNNoottee:: Sellers are required to raise invoices online as per the contract terms on GeM portal. Timely invoice submission is mandatory for compliances, smooth payment processing,\nand will also contribute to improving their ratings.\nNote: This is system generated file. No signature is required. Print out of this document is not valid for payment/ transaction purpose.",
  "tables": [
    {
      "page": 1,
      "table_number": 1,
      "data": [
        [
          "(cid:34)(cid:34) ||OOrrggaanniissaattiioonn DDeettaaiillss (cid:34)(cid:34) ||BBuuyyeerr DDeettaaiillss\n(cid:52)(cid:53) |Type : Central Autonomous |Designation : George Thomas\n(cid:61) |Ministry : Ministry of Science and Technology (cid:71) |Contact No. : -\n(cid:34) |Department : Department of Science and Technology (DST) |Email ID : buyer21.sctimsts.kl@gembuyer.in\n|Organisation Sree Chitra Tirunal Institute for Medical Sciences and (cid:91) |GSTIN : -\nName : Technology (SCTIMST) Sree Chitra Tirunal Institute For Medical Science and\n(cid:71) (cid:72) (cid:61)|Office Zone: Thiruvananthapuram |Address : Technology,Medical College PO, Triavndrum,\nThiruvananthapuram, KERALA-695011, India",
          "",
          "",
          "",
          "",
          "",
          "",
          "",
          "",
          "",
          ""
        ],
        [
          "(cid:34)(cid:34) (cid:98)(cid:98) (cid:99)(cid:99) (cid:34)(cid:34) (cid:34)(cid:34) ||FFiinnaanncciiaall AApppprroovvaall DDeettaaiill (cid:52)(cid:52) (cid:34)(cid:34) (cid:34)(cid:34) ||PPaayyiinngg AAuutthhoorriittyy DDeettaaiillss\n(cid:34) |IFD Concurrence : No Role: PAO\nDr.kavita raja Offline\nDesignation of Administrative Approval: Payment Mode:\n(cid:34) (cid:98) | |Designation : Chief Accounts Officer\nMedical Superintendent\nDesignation of Financial Approval : |Email ID : sao1.sctimst-ker@gov.in\n(cid:91) |GSTIN : 32AAAJS0437M1Z4\nSree Chitra Tirunal Institute For Medical Science and\n|Address: Technology,Medical College PO, Trivandrum,\nThiruvananthapuram, KERALA-695011, India",
          "",
          "",
          "",
          "",
          "",
          "",
          "",
          "",
          "",
          ""
        ],
        [
          "(cid:34)(cid:34) (cid:16)(cid:16) (cid:34)(cid:34) ||SSeelllleerr DDeettaaiillss\n(cid:34) (cid:16) |GeM Seller ID : 967C180000103898\n|Company Name : HEALTHIUM MEDTECH LIMITED\n(cid:71) |Contact No. : 07760735269\n|Email ID : tenders@healthiummedtech.com\n#472/D,4th Phase, 13th Cross,Peenya Industrial Area, Peenya,\n| Address :\nBengaluru, KARNATAKA-560058, -\n(cid:112) |MSME Registration number : -\n(cid:91) |GSTIN: 27AACCS6580N1ZQ (B) , 29AACCS6580N1ZM (R) , (M) , (M) , 27AACCS6580N1ZQ (M) , 29AACCS6580N1ZM (B) , (B)",
          "",
          "",
          "",
          "",
          "",
          "",
          "",
          "",
          "",
          ""
        ],
        [
          "*(cid:34) (cid:72) (cid:115) GST/TAX (cid:34) |GST / Tax invoice to be raised in the name of - Consignee",
          "",
          "",
          "",
          "",
          "",
          "",
          "",
          "",
          "",
          ""
        ],
        [
          "(cid:34) (cid:34) (cid:120) | Delivery Instructions : NA",
          "",
          "",
          "",
          "",
          "",
          "",
          "",
          "",
          "",
          ""
        ],
        [
          "(cid:122)(cid:122) (cid:34)(cid:34) ||PPrroodduucctt DDeettaaiillss",
          "",
          "",
          "",
          "",
          "",
          "",
          "",
          "",
          "",
          ""
        ],
        [
          "",
          "(cid:34)(cid:34) ||IItteemm DDeessccrriippttiioonn",
          "",
          "",
          "OOrrddeerreedd\nQQuuaannttiittyy",
          "",
          "((IINNRR))||\nUUnniitt PPrriiccee\n((IINNRR))",
          "",
          "TTaaxx BBiiffuurrccaattiioonn\n((IINNRR))",
          "",
          "(cid:124) (cid:124)\n((IINNRR (cid:115) (cid:115)\nPPrriiccee\n((IInncclluussiivvee ooff\naallll DDuuttiieess aanndd\nTTaaxxeess iinn IINNRR))"
        ],
        [
          "1",
          "(cid:122)(cid:122) ||PPrroodduucctt NNaammee :: CLINICEL Absorbable Hemostat Oxidized Regenerated\nCellulose (ORC)\n(cid:127)(cid:127) ||BBrraanndd :: CLINICEL\n(cid:127)(cid:127) (cid:52)(cid:52) ||BBrraanndd TTyyppee :: Registered Brand\n(cid:129)(cid:129) (cid:34)(cid:34)(cid:130)(cid:130)(cid:34)(cid:34) ||CCaattaalloogguuee SSttaattuuss:: OEM verified catalogue\n(cid:132)(cid:132) (cid:133) (cid:133) ||CCaatteeggoorryy NNaammee && QQuuaaddrraanntt :: Absorbable Hemostat (V2) (Q2)\n||MMooddeell:: CLF12",
          "",
          "",
          "26",
          "pieces",
          "1,895",
          "",
          "NA",
          "",
          "49,270"
        ],
        [
          "(cid:71) (cid:124) |Total Order Value (in INR)",
          "",
          "",
          "",
          "",
          "",
          "",
          "",
          "",
          "",
          "4499,,227700"
        ],
        [
          "(cid:34) (cid:34) (cid:34)(cid:34) ||CCoonnssiiggnneeee DDeettaaiill",
          "",
          "",
          "",
          "",
          "",
          "",
          "",
          "",
          "",
          ""
        ],
        [
          "(cid:16)(cid:16).. . .||SS..NNoo",
          "",
          "(cid:34) (cid:34) ||CCoonnssiiggnneeee",
          "(cid:99)(cid:99) | |IItteemm",
          "",
          "",
          "",
          "(cid:61)(cid:61) ||QQuuaannttiittyy",
          "",
          "DDeelliivveerryy SSttaarrtt\nAAfftteerr",
          "DDeelliivveerryy TToo\nBBee\nCCoommpplleetteedd\nBByy"
        ],
        [
          "1",
          "",
          "| Designation : ASST ADMINISTRATIVE OFFICER Sri Shiju\n|Email ID : buycon15.sctimsts.kl@gembuyer.in\n(cid:71)|Contact : 0471-2524527-\n(cid:91) |GSTIN : 32AAAJS0437M1Z4",
          "CLINICEL Absorbable\nHemostat Oxidized",
          "",
          "",
          "",
          "26",
          "",
          "08-Jan-2026",
          "23-Jan-2026"
        ]
      ]
    },
    {
      "page": 2,
      "table_number": 1,
      "data": [
        [
          "|Address : Sree Chitra Tirunal Institute For Medical Science and Regenerated Cellulose\nTechnology,Medical College PO, Trivandrum, (ORC)\nThiruvananthapuram, KERALA-695011, India",
          "",
          ""
        ],
        [
          "PPrroodduucctt SSppeecciiffiiccaattiioonn ffoorr CCLLIINNIICCEELL AAbbssoorrbbaabbllee HHeemmoossttaatt OOxxiiddiizzeedd RReeggeenneerraatteedd CCeelllluulloossee ((OORRCC))",
          "",
          ""
        ],
        [
          "(cid:34)(cid:34) (cid:34)(cid:34) (cid:120)(cid:120) ||SSppeecciifificcaattiioonn",
          "--(cid:34)(cid:34) (cid:34)(cid:34) (cid:120)(cid:120) ||SSuubb--SSppeecc",
          "(cid:124) (cid:124) ||VVaalluuee"
        ],
        [
          "GENERAL",
          "Product Description",
          "Absorbable Hemostat"
        ],
        [
          "",
          "Purpose",
          "To control bleeding during injuries\nand surgical procedures"
        ],
        [
          "PRODUCT\nINFORMATION",
          "Composition of Material (made of 100% of the enumerated material)",
          "Oxidized Regenerated Cellulose\n(ORC)"
        ],
        [
          "",
          "Fully Absorb-able as approved by CDSCO",
          "Yes"
        ],
        [
          "",
          "Complete Absorption period",
          "7 to 14 Days"
        ],
        [
          "",
          "Time to achieve complete hemostatis",
          "1 to 5 minutes"
        ],
        [
          "",
          "Width ( 0.5 inch)",
          "1 inch"
        ],
        [
          "",
          "Length ( 0.5 inch)",
          "2 inch"
        ],
        [
          "",
          "Quantity for Powdered Hemostat",
          "NA"
        ],
        [
          "PACKAGING",
          "Type of Packing",
          "Moisture Proof Packing"
        ],
        [
          "CERTIFICATIONS",
          "Compliance to Medical Device Rule (MDR) 2017 as amended till date",
          "Yes"
        ],
        [
          "",
          "Availability of valid medical device license for the product issued from the competent authority defined under\nDrugs and Cosmetic Act 1940 and Rules made there under as amended till date",
          "Yes"
        ],
        [
          "",
          "Valid Medical Device License Number",
          "MFG/MD/2021/000367"
        ],
        [
          "",
          "Manufacturer Facility Certification",
          "ISO:13485 (Latest)"
        ],
        [
          "",
          "Availability of Test Report for each supplied batch/product as per Medical Device Rule (MDR) 2017 as amended till\ndate",
          "Yes"
        ],
        [
          "",
          "Submission of all necessary certifications, licenses and test reports to the buyer at the time of bid submission or\nalong with supplies as per buyer requirement",
          "Yes"
        ],
        [
          "SHELF LIFE",
          "Shelf life in months from the date of manufacture",
          "36 month"
        ],
        [
          "",
          "Minimum shelf life of the product at the time of delivery to the consignee",
          "3/4 th of Total Shelf Life"
        ],
        [
          "ADVANCE SAMPLE",
          "Agree to provide advance sample of the product for buyer's approval after award of contract and before\ncommencement of supply in case of bidding",
          "Yes"
        ],
        [
          "ADDITIONAL\nREQUREMENTS",
          "Additional Requirements",
          "NA"
        ],
        [
          "NNAA",
          "",
          ""
        ],
        [
          "(cid:34)(cid:34) (cid:146)|(cid:146)|TTeerrmmss aanndd CCoonnddiittiioonnss\n11.. SSppeecciiaall tteerrmmss aanndd ccoonnddiittiioonnss-- VVeerrssiioonn::11 eeffffeeccttiivvee ffrroomm 1100--0077--22002244\n11..11 11.. AAllll PPrroovviissiioonnss ooff DDrruuggss aanndd CCoossmmeettiiccss AAcctt,, 11994400 aanndd RRuulleess ((iinncclluuddiinngg MMeeddiiccaall DDeevviiccee RRuullee 22001177)) mmaaddee tthheerree uunnddeerr aass aammeennddeedd ttiillll ddaattee wwiillll aallwwaayyss bbee aapppplliiccaabbllee.. TThhiiss\nwwiillll iinncclluuddee aallll nnoottiiffiiccaattiioonnss iissssuueedd bbyy CCeennttrraall DDrruuggss SSttaannddaarrdd CCoonnttrrooll OOrrggaanniizzaattiioonn ((CCDDSSCCOO)),, MMiinniissttrryy ooff HHeeaalltthh && FFaammiillyy WWeellffaarree ((MMooHHFFWW)) aanndd DDeeppaarrttmmeenntt ooff\nPPhhaarrmmaacceeuuttiiccaallss ((DDOOPP)),, MMiinniissttrryy ooff CChheemmiiccaallss && FFeerrttiilliizzeerrss ttiimmee ttoo ttiimmee iinn tthhiiss rreeggaarrdd..\n22.. TThhee sseelllleerrss aarree rreeggiisstteerreedd oonn GGeeMM bbaasseedd oonn sseellff--ddeeccllaarraattiioonn ooff vvaalliidd MMeeddiiccaall DDeevviiccee LLiicceennssee,, pprroodduucctt cceerrttiiffiiccaattiioonn,, tteesstt rreeppoorrttss eettcc.. HHoowweevveerr,, bbuuyyeerrss mmuusstt cchheecckk aanndd\nvvaalliiddaattee tthhee ddeettaaiillss aatt tthheeiirr eenndd ffoorr aallll aapppplliiccaabbllee lliicceennsseess aanndd cceerrttiiffiiccaattiioonnss ee..gg..,, vvaalliiddiittyy aanndd aauutthheennttiicciittyy//ggeennuuiinneenneessss ooff lliicceennssee,, pprroodduucctt cceerrttiiffiiccaattiioonn,, mmaannuuffaaccttuurreerr\ncceerrttiiffiiccaattiioonn//lliicceennsseess,, tteesstt rreeppoorrttss eettcc..\n33.. IInn ccaassee ooff aauutthhoorriizzeedd rreesseelllleerrss//ddiissttrriibbuuttoorrss,, iitt wwiillll bbee tthhee lleeggaall && rreegguullaattoorryy lliiaabbiilliittyy ooff tthhee mmaannuuffaaccttuurreerr ttoo eennssuurree tthhaatt tthheeiirr rreesseelllleerrss//ddiissttrriibbuuttoorrss aarree ooppeerraattiinngg iinn\nccoommpplliiaannccee wwiitthh aallll rreelleevvaanntt llaawwss aanndd rreegguullaattiioonnss aanndd aarree pprrooppeerrllyy lliicceennsseedd ttoo sseellll tthhee mmaannuuffaaccttuurreerr''ss pprroodduuccttss,, iinncclluuddiinngg vveerriiffyyiinngg tthhee vvaalliiddiittyy aanndd aauutthheennttiicciittyy ooff\nMMeeddiiccaall DDeevviiccee LLiicceennssee lliicceennssee hheelldd bbyy tthheemm..\n44.. TThhee pprriiccee ooffffeerreedd bbyy tthhee sseelllleerr//bbiiddddeerr sshhaallll nnoott,, iinn aannyy ccaassee eexxcceeeedd tthhee DDPPCCOO//NNPPPPAA ccoonnttrroolllleedd pprriiccee oorr pprriiccee ffiixxeedd bbyy SSttaattee GGoovveerrnnmmeenntt,, iiff aannyy.. TThhee sseelllleerr mmuusstt rreedduuccee\ntthhee pprriicceess iiff tthheerree iiss aannyy rreedduuccttiioonn iinn DDPPCCOO//NNPPPPAA cceeiilliinngg pprriiccee oorr pprriiccee ffiixxeedd bbyy SSttaattee GGoovveerrnnmmeenntt,, iiff aannyy..\n55.. AAnnyy ootthheerr TTeerrmmss aanndd CCoonnddiittiioonnss wwhhiicchh iiss nnoott iinncclluuddeedd oorr aatt vvaarriiaannccee wwiitthh tthhee ccoonnddiittiioonnss ssppeecciiffiieedd iinn SSTTCC//GGTTCC,, mmaayy bbee aaddddeedd bbyy tthhee bbuuyyeerr tthhrroouugghh AAddddiittiioonnaall TTeerrmmss\naanndd CCoonnddiittiioonnss ((AATTCC)) iinn tthhee bbiidd ttoo eennssuurree iitteemmss aarree pprrooccuurreedd ffrroomm aauutthheennttiicc//vvaalliiddaatteedd ssoouurrccee wwiitthh aapppprroopprriiaattee aanndd aapppplliiccaabbllee qquuaalliittyy.. TThhee aabboovvee tteerrmmss aanndd\nccoonnddiittiioonnss aarree iinn rreevveerrssee oorrddeerr ooff pprreecceeddeennccee ii..ee.. AATTCC sshhaallll ssuuppeerrsseeddee ssppeecciiffiicc SSTTCC wwhhiicchh sshhaallll ssuuppeerrsseeddee GGeenneerraall TTeerrmmss aanndd CCoonnddiittiioonnss ((GGTTCC)),, wwhheenneevveerr tthheerree aarree\naannyy ccoonnfflliiccttiinngg pprroovviissiioonnss..\n22.. GGeenneerraall TTeerrmmss aanndd CCoonnddiittiioonnss--\n22..11TThhiiss ccoonnttrraacctt iiss ggoovveerrnneedd bbyy tthhee GGeenneerraall TTeerrmmss aanndd CCoonnddiittiioonnss,, ccoonnddiittiioonnss ssttiippuullaatteedd ttoo tthhiiss PPrroodduucctt//SSeerrvviiccee aass pprroovviiddeedd iinn tthhee MMaarrkkeettppllaaccee..\n22..22TThhiiss CCoonnttrraacctt bbeettwweeeenn tthhee SSeelllleerr aanndd tthhee BBuuyyeerr,, iiss ffoorr tthhee ssuuppppllyy ooff tthhee GGooooddss aanndd// oorr SSeerrvviicceess,, ddeettaaiilleedd iinn tthhee sscchheedduullee aabboovvee,, iinn aaccccoorrddaannccee wwiitthh tthhee GGeenneerraall TTeerrmmss aanndd",
          "",
          ""
        ]
      ]
    },
    {
      "page": 3,
      "table_number": 1,
      "data": [
        [
          "CCoonnddiittiioonnss ((GGTTCC)) uunnlleessss ootthheerrwwiissee ssuuppeerrsseeddeedd bbyy GGooooddss // SSeerrvviicceess ssppeecciiffiicc SSppeecciiaall TTeerrmmss aanndd CCoonnddiittiioonnss ((SSTTCC)) aanndd// oorr BBIIDD//RReevveerrssee AAuuccttiioonn AAddddiittiioonnaall TTeerrmmss aanndd CCoonnddiittiioonnss\n((AATTCC)),, aass aapppplliiccaabbllee\n22..33AAllll GGeeMM SSeelllleerrss // SSeerrvviiccee PPrroovviiddeerrss aarree mmaannddaatteedd ttoo eennssuurree ccoommpplliiaannccee wwiitthh aallll tthhee aapppplliiccaabbllee llaawwss // aaccttss // rruulleess iinncclluuddiinngg bbuutt nnoott lliimmiitteedd ttoo aallll LLaabboouurr LLaawwss ssuucchh aass TThhee\nMMiinniimmuumm WWaaggeess AAcctt,, 11994488,, TThhee PPaayymmeenntt ooff WWaaggeess AAcctt,, 11993366,, TThhee PPaayymmeenntt ooff BBoonnuuss AAcctt,, 11996655,, TThhee EEqquuaall RReemmuunneerraattiioonn AAcctt,, 11997766,, TThhee PPaayymmeenntt ooff GGrraattuuiittyy AAcctt,, 11997722 eettcc.. AAnnyy\nnnoonn--ccoommpplliiaannccee wwiillll bbee ttrreeaatteedd aass bbrreeaacchh ooff ccoonnttrraacctt aanndd BBuuyyeerr mmaayy ttaakkee ssuuiittaabbllee aaccttiioonnss aass ppeerr GGeeMM CCoonnttrraacctt.."
        ],
        [
          "NNoottee:: Sellers are required to raise invoices online as per the contract terms on GeM portal. Timely invoice submission is mandatory for compliances, smooth payment processing,\nand will also contribute to improving their ratings."
        ],
        [
          "Note: This is system generated file. No signature is required. Print out of this document is not valid for payment/ transaction purpose."
        ]
      ]
    }
  ],
  "table_count": 3,
  "total_pages": 3
}