{
  "source_file": "GEMC-511687782445437.pdf",
  "extraction_date": "2026-01-15T00:35:15.986615",
  "extraction_method": "pdfplumber",
  "metadata": {
    "Title": "Contract",
    "Creator": "wkhtmltopdf 0.12.4",
    "Producer": "Qt 4.8.7",
    "CreationDate": "D:20260108103836+05'30'"
  },
  "text_content": "(cid:16)(cid:16) ||CCoonnttrraacctt NNoo:: GEMC-511687782445437\n(cid:34)(cid:34) (cid:34)(cid:34) ||GGeenneerraatteedd DDaattee :: 08-Jan-2026\n// // (cid:51) (cid:51) ||BBiidd//RRAA//PPBBPP NNoo..:: GEM/2025/B/7026328\n(cid:34)(cid:34) ||OOrrggaanniissaattiioonn DDeettaaiillss (cid:34)(cid:34) ||BBuuyyeerr DDeettaaiillss\n(cid:67)(cid:68) |Type : Central Government |Designation : Computer Operator3\n(cid:74) |Ministry : Ministry of Health and Family Welfare (cid:81) |Contact No. : -\n(cid:34) |Department : Department of Health Research |Email ID : raj.thakur@icmr.gov.in\n|Organisation Name : N/A (cid:98) |GSTIN : -\n(cid:81) (cid:82) (cid:74)|Office Zone: Bhopal Memorial Hospital & Research Centre Bhopal Raisen By Pass Road Karond Bhopal,\n|Address :\nBHOPAL, MADHYA PRADESH-462038, India\n(cid:34)(cid:34) (cid:104)(cid:104) (cid:105)(cid:105) (cid:34)(cid:34) (cid:34)(cid:34) ||FFiinnaanncciiaall AApppprroovvaall DDeettaaiill (cid:67)(cid:67) (cid:34)(cid:34) (cid:34)(cid:34) ||PPaayyiinngg AAuutthhoorriittyy DDeettaaiillss\n(cid:34) |IFD Concurrence : No Role: PAO\nDirector Incharge Offline\nDesignation of Administrative Approval: Payment Mode:\n(cid:34) (cid:104) | |Designation : Computer operator 3\nDirector Incharge\nDesignation of Financial Approval : |Email ID : miny.mole@icmr.gov.in\nRaisen By Pass Road Karond Bhopal,\n|Address:\nBHOPAL, MADHYA PRADESH-462038, India\n(cid:34)(cid:34) (cid:16)(cid:16) (cid:34)(cid:34) ||SSeelllleerr DDeettaaiillss\n(cid:34) (cid:16) |GeM Seller ID : FB15190000821228\n|Company Name : CYGNET MEDITECH PRIVATE LIMITED\n(cid:81) |Contact No. : 09978913966\n|Email ID : devang@cygnetmeditech.com\nBLK NO.50,RIDDHI SIDDHI NAGAR,AJWA ROAD,\n| Address :\nVADODARA, GUJARAT-390019, -\n(cid:51) |MSME Registration number : UDYAM-GJ-24-0020361\n(cid:98) |GSTIN: 24AAGCG6349F1ZM (B) , (R) , (M) , (B)\n(cid:116) (cid:117) (cid:34) (cid:34)(cid:118)(cid:34) |MSME Status as\nVerified\nverified by buyer :\n(cid:34) (cid:119) |MSE Social Category : OBC\n(cid:34) (cid:119) |MSE Gender : Male\n*(cid:34) (cid:82) (cid:121) GST/TAX (cid:34) |GST / Tax invoice to be raised in the name of - Buyer\n(cid:34) (cid:34) (cid:126) | Delivery Instructions :\nPlease supply said item as per mentioned- Suture Absorbable Polyglyctin Triclosan Coated Braided 1/2 Circle Round Body 1/0 30 mm 90cm-120cm\n(cid:117)(cid:117) (cid:34)(cid:34) ||PPrroodduucctt DDeettaaiillss\n(cid:131) (cid:131)\n((IINNRR (cid:121) (cid:121)\n## (cid:34)(cid:34) ||IItteemm DDeessccrriippttiioonn\nOOrrddeerreedd UUnniitt UUnniitt PPrriiccee TTaaxx BBiiffuurrccaattiioonn ((IINNRR)) PPrriiccee\nQQuuaannttiittyy ((IINNRR)) ((IInncclluussiivvee ooff\naallll DDuuttiieess aanndd\nTTaaxxeess iinn IINNRR))\n(cid:117)(cid:117) ||PPrroodduucctt NNaammee :: DECTIN Sterile Surgical Sutures , Polyglactin 910 , Pack of 12\n(cid:133)(cid:133) ||BBrraanndd :: DECTIN\n(cid:133)(cid:133) (cid:67)(cid:67) ||BBrraanndd TTyyppee :: Registered Brand\n(cid:135)(cid:135) (cid:34)(cid:34)(cid:118)(cid:118)(cid:34)(cid:34) ||CCaattaalloogguuee SSttaattuuss:: OEM verified catalogue\n1 5 packet 4,300 NA 21,500\n(cid:119)(cid:119) (cid:137) (cid:137) ||CCaatteeggoorryy NNaammee && QQuuaaddrraanntt :: Surgical Sutures (Q2)\n||MMooddeell:: CYG 2338 DECTIN 1-0\n(cid:81) (cid:131) |Total Order Value (in INR) 2211,,550000\n(cid:34) (cid:34) (cid:34)(cid:34) ||CCoonnssiiggnneeee DDeettaaiill\n(cid:16)(cid:16).. . .||SS..NNoo (cid:34) (cid:34) ||CCoonnssiiggnneeee (cid:105)(cid:105) | |IItteemm (cid:74)(cid:74) ||QQuuaannttiittyy | | DDeelliivveerryy TToo\nLLoott NNoo..\nDDeelliivveerryy SSttaarrtt BBee\nAAfftteerr CCoommpplleetteedd\nBByy\n| Designation : -\n|Email ID : con11.dhr.bhopal@gembuyer.in\nDECTIN Sterile Surgical\n(cid:81)|Contact : 755-2742212-5510\n1 Sutures , Polyglactin 910 - 5 08-Jan-2026 29-Jan-2026\n, Pack of 12\n|Address : Raisen By Pass Road Karond Bhopal,\nBHOPAL, MADHYA PRADESH-462038, India\nPPrroodduucctt SSppeecciiffiiccaattiioonn ffoorr DDEECCTTIINN SStteerriillee SSuurrggiiccaall SSuuttuurreess ,, PPoollyyggllaaccttiinn 991100 ,, PPaacckk ooff 1122\n(cid:34)(cid:34) (cid:34)(cid:34) (cid:126)(cid:126) ||SSppeecciifificcaattiioonn --(cid:34)(cid:34) (cid:34)(cid:34) (cid:126)(cid:126) ||SSuubb--SSppeecc (cid:131) (cid:131) ||VVaalluuee\nSterility Sterile\nType of Suture Absorbable\nSuture Material (Medical Grade) Polyglactin 910\nSuture Construction Multi-filament\nSuture Size 1-0\nPRODUCT\nINFORMATION\nSuture Length ( 2cm) 90 cm\nNeedle included Single Arm Needle\nType of Needle Round Bodied\nNeedle Length of each arm ( 0.5mm) 30 mm\nNeedle Shape (Curvature) 1/2 circle\nPACKING Number of Strands per Pack 12\nShelf life from the date of manufacture (in months) 24\nSHELF LIFE\nAgree to provide residual shelf life of atleast 75% of total shelf life at the time\nResidual shelf life of the product\nof delivery to the consignee\nCompliance to Drugs and Cosmetic Act 1940 and Medical Device Rules\nYes\n(MDR) 2017 as amended till date\nAvailability of valid Medical Device license for the product issued from the\nYes\nCERTIFICATIONS competent authority\nValid CDSCO Medical Device License Number MFG/MD/2023/000164\nLicence issuing authority as per MDR Central Licencing Authority\n(cid:34)(cid:34) (cid:34)(cid:34) (cid:34)(cid:34) (cid:34)(cid:34) (cid:144)(cid:144) (cid:34)(cid:34) (cid:34)(cid:34) (cid:145)(cid:145) (cid:34)(cid:34) ||BBuuyyeerr DDeeffiinneedd AAddddiittiioonnaall SSppeecciiffiiccaattiioonn ffoorr DDEECCTTIINN SStteerriillee SSuurrggiiccaall SSuuttuurreess ,, PPoollyyggllaaccttiinn 991100 ,, PPaacckk ooff\n1122\n(cid:34)(cid:34) (cid:34)(cid:34) (cid:126)(cid:126) ||SSppeecciifificcaattiioonn (cid:131) (cid:131) ||VVaalluuee\nSuture Material (Medical Grade) POLYGLYCTIN TRICLOSAN COATED\nOur requirement SUTURE ABSORBABLE POLYGLYCTIN TRICLOSAN COATED BRAIDED 1/2 CIRCLE ROUND BODY 1/0 30MM 90CM-120CM\n(cid:34) (cid:34)(cid:147)(cid:147) (cid:74)(cid:74)||CCoorrrriiggeenndduumm\n(cid:151) (cid:151) || AAddvviissoorryy BBaannkk :: NA\n(cid:67)(cid:67)(cid:34)(cid:34) ((%%)) || eePPBBGG PPeerrcceennttaaggee((%%)):: NA\n(cid:34)(cid:34) (cid:148)|(cid:148)|TTeerrmmss aanndd CCoonnddiittiioonnss\n11.. SSppeecciiaall tteerrmmss aanndd ccoonnddiittiioonnss-- VVeerrssiioonn::11 eeffffeeccttiivvee ffrroomm 1144--1111--22002255\n11..11 11.. AAllll PPrroovviissiioonnss ooff DDrruuggss aanndd CCoossmmeettiiccss AAcctt,, 11994400 aanndd RRuulleess ((iinncclluuddiinngg MMeeddiiccaall DDeevviiccee RRuullee 22001177)) mmaaddee tthheerree uunnddeerr aanndd aallll ssuubbsseeqquueenntt aammeennddmmeennttss ttiillll ddaattee wwiillll\naallwwaayyss bbee aapppplliiccaabbllee.. TThhiiss wwiillll iinncclluuddee aallll nnoottiiffiiccaattiioonnss iissssuueedd bbyy CCeennttrraall DDrruuggss SSttaannddaarrdd CCoonnttrrooll OOrrggaanniizzaattiioonn ((CCDDSSCCOO)),, MMiinniissttrryy ooff HHeeaalltthh && FFaammiillyy WWeellffaarree ((MMooHHFFWW))\naanndd DDeeppaarrttmmeenntt ooff PPhhaarrmmaacceeuuttiiccaallss ((DDOOPP)),, MMiinniissttrryy ooff CChheemmiiccaallss && FFeerrttiilliizzeerrss iinn tthhiiss rreeggaarrdd..\n22.. TThhee sseelllleerr ss rreeggiissttrraattiioonn aanndd pprroodduucctt uuppllooaadd oonn GGeeMM iiss bbaasseedd oonn tthheeiirr ddeeccllaarraattiioonn ooff ppoosssseessssiinngg aa vvaalliidd MMeeddiiccaall DDeevviiccee LLiicceennssee ffoorr tthhee pprroodduucctt,, cceerrttiiffiiccaattiioonnss,, tteesstt\nrreeppoorrttss aass ppeerr MMDDRR ((22001177)),, llaatteesstt aammeennddeedd.. HHoowweevveerr,, bbuuyyeerrss mmuusstt cchheecckk,, vvaalliiddaattee aanndd vveerriiffyy tthhee ddeettaaiillss aatt tthheeiirr eenndd ffoorr aallll aapppplliiccaabbllee lliicceennsseess aanndd cceerrttiiffiiccaattiioonnss ee..gg..,,\nvvaalliiddiittyy aanndd aauutthheennttiicciittyy//ggeennuuiinneenneessss ooff mmeeddiiccaall ddeevviiccee lliicceennssee ((oorr rreeggiissttrraattiioonn)),, pprroodduucctt cceerrttiiffiiccaattiioonnss,, mmaannuuffaaccttuurreerr ss cceerrttiiffiiccaattiioonnss// lliicceennsseess,, tteesstt rreeppoorrttss aatt tthhee ttiimmee\nooff ssuuppppllyy..\n33.. IInn ccaassee ooff aauutthhoorriizzeedd rreesseelllleerrss//ddiissttrriibbuuttoorrss,, iitt wwiillll bbee tthhee lleeggaall aanndd rreegguullaattoorryy lliiaabbiilliittyy ooff tthhee mmaannuuffaaccttuurreerr ttoo eennssuurree tthhaatt tthheeiirr rreesseelllleerrss//ddiissttrriibbuuttoorrss aarree ooppeerraattiinngg iinn\nccoommpplliiaannccee wwiitthh aallll rreelleevvaanntt llaawwss aanndd rreegguullaattiioonnss,, aanndd aarree lliicceennsseedd ttoo sseellll tthhee mmaannuuffaaccttuurreerr''ss pprroodduuccttss,, iinncclluuddiinngg vveerriiffyyiinngg tthhee vvaalliiddiittyy aanndd aauutthheennttiicciittyy ooff lliicceennssee hheelldd\nbbyy tthheemm..\n44.. AAnnyy ootthheerr TTeerrmmss aanndd CCoonnddiittiioonnss wwhhiicchh iiss nnoott iinncclluuddeedd oorr aatt vvaarriiaannccee wwiitthh tthhee ccoonnddiittiioonnss ssppeecciiffiieedd iinn SSTTCC//GGTTCC,, mmaayy bbee aaddddeedd bbyy tthhee bbuuyyeerr tthhrroouugghh AAddddiittiioonnaall TTeerrmmss\naanndd CCoonnddiittiioonnss ((AATTCC)) iinn tthhee bbiidd ttoo eennssuurree iitteemmss aarree pprrooccuurreedd ffrroomm aauutthheennttiicc//vvaalliiddaatteedd ssoouurrccee wwiitthh aapppprroopprriiaattee aanndd aapppplliiccaabbllee qquuaalliittyy.. TThhee aabboovvee tteerrmmss aanndd\nccoonnddiittiioonnss aarree iinn rreevveerrssee oorrddeerr ooff pprreecceeddeennccee ii..ee.. BBIIDD AATTCC sshhaallll ssuuppeerrsseeddee ssppeecciiffiicc SSTTCC wwhhiicchh sshhaallll ssuuppeerrsseeddee GGeenneerraall TTeerrmmss aanndd CCoonnddiittiioonnss ((GGTTCC)),, wwhheenneevveerr tthheerree\naarree aannyy ccoonnfflliiccttiinngg pprroovviissiioonnss..\n55.. PPaacckkiinngg aanndd MMaarrkkiinngg:: SShhoouulldd bbee aass ppeerr MMDDRR..\n22.. GGeenneerraall TTeerrmmss aanndd CCoonnddiittiioonnss--\n22..11TThhiiss ccoonnttrraacctt iiss ggoovveerrnneedd bbyy tthhee GGeenneerraall TTeerrmmss aanndd CCoonnddiittiioonnss,, ccoonnddiittiioonnss ssttiippuullaatteedd ttoo tthhiiss PPrroodduucctt//SSeerrvviiccee aass pprroovviiddeedd iinn tthhee MMaarrkkeettppllaaccee..\n22..22TThhiiss CCoonnttrraacctt bbeettwweeeenn tthhee SSeelllleerr aanndd tthhee BBuuyyeerr,, iiss ffoorr tthhee ssuuppppllyy ooff tthhee GGooooddss aanndd// oorr SSeerrvviicceess,, ddeettaaiilleedd iinn tthhee sscchheedduullee aabboovvee,, iinn aaccccoorrddaannccee wwiitthh tthhee GGeenneerraall TTeerrmmss aanndd\nCCoonnddiittiioonnss ((GGTTCC)) uunnlleessss ootthheerrwwiissee ssuuppeerrsseeddeedd bbyy GGooooddss // SSeerrvviicceess ssppeecciiffiicc SSppeecciiaall TTeerrmmss aanndd CCoonnddiittiioonnss ((SSTTCC)) aanndd// oorr BBIIDD//RReevveerrssee AAuuccttiioonn AAddddiittiioonnaall TTeerrmmss aanndd CCoonnddiittiioonnss\n((AATTCC)),, aass aapppplliiccaabbllee\n22..33AAllll GGeeMM SSeelllleerrss // SSeerrvviiccee PPrroovviiddeerrss aarree mmaannddaatteedd ttoo eennssuurree ccoommpplliiaannccee wwiitthh aallll tthhee aapppplliiccaabbllee llaawwss // aaccttss // rruulleess iinncclluuddiinngg bbuutt nnoott lliimmiitteedd ttoo aallll LLaabboouurr LLaawwss ssuucchh aass TThhee\nMMiinniimmuumm WWaaggeess AAcctt,, 11994488,, TThhee PPaayymmeenntt ooff WWaaggeess AAcctt,, 11993366,, TThhee PPaayymmeenntt ooff BBoonnuuss AAcctt,, 11996655,, TThhee EEqquuaall RReemmuunneerraattiioonn AAcctt,, 11997766,, TThhee PPaayymmeenntt ooff GGrraattuuiittyy AAcctt,, 11997722 eettcc.. AAnnyy\nnnoonn--ccoommpplliiaannccee wwiillll bbee ttrreeaatteedd aass bbrreeaacchh ooff ccoonnttrraacctt aanndd BBuuyyeerr mmaayy ttaakkee ssuuiittaabbllee aaccttiioonnss aass ppeerr GGeeMM CCoonnttrraacctt..\n33.. BBuuyyeerr AAddddeedd BBiidd SSppeecciiffiicc TTeerrmmss aanndd CCoonnddiittiioonnss--\n33..11 SSccooppee ooff SSuuppppllyy::\nSSccooppee ooff ssuuppppllyy ((BBiidd pprriiccee ttoo iinncclluuddee aallll ccoosstt ccoommppoonneennttss)) :: OOnnllyy ssuuppppllyy ooff GGooooddss\nNNoottee:: SSeelllleerrss aarree rreeqquuiirreedd ttoo rraaiissee iinnvvooiicceess oonnlliinnee aass ppeerr tthhee ccoonnttrraacctt tteerrmmss oonn GGeeMM ppoorrttaall.. TTiimmeellyy iinnvvooiiccee ssuubbmmiissssiioonn iiss mmaannddaattoorryy ffoorr ccoommpplliiaanncceess,, ssmmooootthh ppaayymmeenntt pprroocceessssiinngg,,\naanndd wwiillll aallssoo ccoonnttrriibbuuttee ttoo iimmpprroovviinngg tthheeiirr rraattiinnggss..\nNNoottee:: TThhiiss iiss ssyysstteemm ggeenneerraatteedd ffiillee.. NNoo ssiiggnnaattuurree iiss rreeqquuiirreedd.. PPrriinntt oouutt ooff tthhiiss ddooccuummeenntt iiss nnoott vvaalliidd ffoorr ppaayymmeenntt// ttrraannssaaccttiioonn ppuurrppoossee..",
  "tables": [
    {
      "page": 1,
      "table_number": 1,
      "data": [
        [
          "(cid:34)(cid:34) ||OOrrggaanniissaattiioonn DDeettaaiillss (cid:34)(cid:34) ||BBuuyyeerr DDeettaaiillss\n(cid:67)(cid:68) |Type : Central Government |Designation : Computer Operator3\n(cid:74) |Ministry : Ministry of Health and Family Welfare (cid:81) |Contact No. : -\n(cid:34) |Department : Department of Health Research |Email ID : raj.thakur@icmr.gov.in\n|Organisation Name : N/A (cid:98) |GSTIN : -\n(cid:81) (cid:82) (cid:74)|Office Zone: Bhopal Memorial Hospital & Research Centre Bhopal Raisen By Pass Road Karond Bhopal,\n|Address :\nBHOPAL, MADHYA PRADESH-462038, India",
          "",
          "",
          "",
          "",
          "",
          "",
          "",
          "",
          "",
          ""
        ],
        [
          "(cid:34)(cid:34) (cid:104)(cid:104) (cid:105)(cid:105) (cid:34)(cid:34) (cid:34)(cid:34) ||FFiinnaanncciiaall AApppprroovvaall DDeettaaiill (cid:67)(cid:67) (cid:34)(cid:34) (cid:34)(cid:34) ||PPaayyiinngg AAuutthhoorriittyy DDeettaaiillss\n(cid:34) |IFD Concurrence : No Role: PAO\nDirector Incharge Offline\nDesignation of Administrative Approval: Payment Mode:\n(cid:34) (cid:104) | |Designation : Computer operator 3\nDirector Incharge\nDesignation of Financial Approval : |Email ID : miny.mole@icmr.gov.in\nRaisen By Pass Road Karond Bhopal,\n|Address:\nBHOPAL, MADHYA PRADESH-462038, India",
          "",
          "",
          "",
          "",
          "",
          "",
          "",
          "",
          "",
          ""
        ],
        [
          "(cid:34)(cid:34) (cid:16)(cid:16) (cid:34)(cid:34) ||SSeelllleerr DDeettaaiillss\n(cid:34) (cid:16) |GeM Seller ID : FB15190000821228\n|Company Name : CYGNET MEDITECH PRIVATE LIMITED\n(cid:81) |Contact No. : 09978913966\n|Email ID : devang@cygnetmeditech.com\nBLK NO.50,RIDDHI SIDDHI NAGAR,AJWA ROAD,\n| Address :\nVADODARA, GUJARAT-390019, -\n(cid:51) |MSME Registration number : UDYAM-GJ-24-0020361\n(cid:98) |GSTIN: 24AAGCG6349F1ZM (B) , (R) , (M) , (B)",
          "",
          "",
          "",
          "",
          "",
          "",
          "",
          "",
          "",
          ""
        ],
        [
          "(cid:116) (cid:117) (cid:34) (cid:34)(cid:118)(cid:34) |MSME Status as\nVerified\nverified by buyer :",
          "",
          "",
          "",
          "",
          "",
          "",
          "",
          "",
          "",
          ""
        ],
        [
          "(cid:34) (cid:119) |MSE Social Category : OBC\n(cid:34) (cid:119) |MSE Gender : Male",
          "",
          "",
          "",
          "",
          "",
          "",
          "",
          "",
          "",
          ""
        ],
        [
          "*(cid:34) (cid:82) (cid:121) GST/TAX (cid:34) |GST / Tax invoice to be raised in the name of - Buyer",
          "",
          "",
          "",
          "",
          "",
          "",
          "",
          "",
          "",
          ""
        ],
        [
          "(cid:34) (cid:34) (cid:126) | Delivery Instructions :\nPlease supply said item as per mentioned- Suture Absorbable Polyglyctin Triclosan Coated Braided 1/2 Circle Round Body 1/0 30 mm 90cm-120cm",
          "",
          "",
          "",
          "",
          "",
          "",
          "",
          "",
          "",
          ""
        ],
        [
          "(cid:117)(cid:117) (cid:34)(cid:34) ||PPrroodduucctt DDeettaaiillss",
          "",
          "",
          "",
          "",
          "",
          "",
          "",
          "",
          "",
          ""
        ],
        [
          "",
          "(cid:34)(cid:34) ||IItteemm DDeessccrriippttiioonn",
          "",
          "",
          "OOrrddeerreedd\nQQuuaannttiittyy",
          "",
          "((IINNRR))||\nUUnniitt PPrriiccee\n((IINNRR))",
          "",
          "TTaaxx BBiiffuurrccaattiioonn ((IINNRR))",
          "",
          "(cid:131) (cid:131)\n((IINNRR (cid:121) (cid:121)\nPPrriiccee\n((IInncclluussiivvee ooff\naallll DDuuttiieess aanndd\nTTaaxxeess iinn IINNRR))"
        ],
        [
          "1",
          "(cid:117)(cid:117) ||PPrroodduucctt NNaammee :: DECTIN Sterile Surgical Sutures , Polyglactin 910 , Pack of 12\n(cid:133)(cid:133) ||BBrraanndd :: DECTIN\n(cid:133)(cid:133) (cid:67)(cid:67) ||BBrraanndd TTyyppee :: Registered Brand\n(cid:135)(cid:135) (cid:34)(cid:34)(cid:118)(cid:118)(cid:34)(cid:34) ||CCaattaalloogguuee SSttaattuuss:: OEM verified catalogue\n(cid:119)(cid:119) (cid:137) (cid:137) ||CCaatteeggoorryy NNaammee && QQuuaaddrraanntt :: Surgical Sutures (Q2)\n||MMooddeell:: CYG 2338 DECTIN 1-0",
          "",
          "",
          "5",
          "packet",
          "4,300",
          "",
          "NA",
          "",
          "21,500"
        ],
        [
          "(cid:81) (cid:131) |Total Order Value (in INR)",
          "",
          "",
          "",
          "",
          "",
          "",
          "",
          "",
          "",
          "2211,,550000"
        ],
        [
          "(cid:34) (cid:34) (cid:34)(cid:34) ||CCoonnssiiggnneeee DDeettaaiill",
          "",
          "",
          "",
          "",
          "",
          "",
          "",
          "",
          "",
          ""
        ]
      ]
    },
    {
      "page": 2,
      "table_number": 1,
      "data": [
        [
          "(cid:16)(cid:16).. . .||SS..NNoo (cid:34) (cid:34) ||CCoonnssiiggnneeee (cid:105)(cid:105) | |IItteemm (cid:74)(cid:74) ||QQuuaannttiittyy | | DDeelliivveerryy TToo\nLLoott NNoo..\nDDeelliivveerryy SSttaarrtt BBee\nAAfftteerr CCoommpplleetteedd\nBByy",
          "",
          "",
          "",
          "",
          "",
          "",
          "",
          "",
          "",
          ""
        ],
        [
          "1",
          "| Designation : -\n|Email ID : con11.dhr.bhopal@gembuyer.in\n(cid:81)|Contact : 755-2742212-5510\n|Address : Raisen By Pass Road Karond Bhopal,\nBHOPAL, MADHYA PRADESH-462038, India",
          "",
          "",
          "DECTIN Sterile Surgical\nSutures , Polyglactin 910\n, Pack of 12",
          "",
          "",
          "5",
          "08-Jan-2026",
          "",
          "29-Jan-2026"
        ],
        [
          "PPrroodduucctt SSppeecciiffiiccaattiioonn ffoorr DDEECCTTIINN SStteerriillee SSuurrggiiccaall SSuuttuurreess ,, PPoollyyggllaaccttiinn 991100 ,, PPaacckk ooff 1122",
          "",
          "",
          "",
          "",
          "",
          "",
          "",
          "",
          "",
          ""
        ],
        [
          "(cid:34)(cid:34) (cid:34)(cid:34) (cid:126)(cid:126) ||SSppeecciifificcaattiioonn",
          "",
          "--(cid:34)(cid:34) (cid:34)(cid:34) (cid:126)(cid:126) ||SSuubb--SSppeecc",
          "",
          "",
          "(cid:131) (cid:131) ||VVaalluuee",
          "",
          "",
          "",
          "",
          ""
        ],
        [
          "PRODUCT\nINFORMATION",
          "",
          "Sterility",
          "",
          "",
          "Sterile",
          "",
          "",
          "",
          "",
          ""
        ],
        [
          "",
          "",
          "Type of Suture",
          "",
          "",
          "Absorbable",
          "",
          "",
          "",
          "",
          ""
        ],
        [
          "",
          "",
          "Suture Material (Medical Grade)",
          "",
          "",
          "Polyglactin 910",
          "",
          "",
          "",
          "",
          ""
        ],
        [
          "",
          "",
          "Suture Construction",
          "",
          "",
          "Multi-filament",
          "",
          "",
          "",
          "",
          ""
        ],
        [
          "",
          "",
          "Suture Size",
          "",
          "",
          "1-0",
          "",
          "",
          "",
          "",
          ""
        ],
        [
          "",
          "",
          "Suture Length ( 2cm)",
          "",
          "",
          "90 cm",
          "",
          "",
          "",
          "",
          ""
        ],
        [
          "",
          "",
          "Needle included",
          "",
          "",
          "Single Arm Needle",
          "",
          "",
          "",
          "",
          ""
        ],
        [
          "",
          "",
          "Type of Needle",
          "",
          "",
          "Round Bodied",
          "",
          "",
          "",
          "",
          ""
        ],
        [
          "",
          "",
          "Needle Length of each arm ( 0.5mm)",
          "",
          "",
          "30 mm",
          "",
          "",
          "",
          "",
          ""
        ],
        [
          "",
          "",
          "Needle Shape (Curvature)",
          "",
          "",
          "1/2 circle",
          "",
          "",
          "",
          "",
          ""
        ],
        [
          "PACKING",
          "",
          "Number of Strands per Pack",
          "",
          "",
          "12",
          "",
          "",
          "",
          "",
          ""
        ],
        [
          "SHELF LIFE",
          "",
          "Shelf life from the date of manufacture (in months)",
          "",
          "",
          "24",
          "",
          "",
          "",
          "",
          ""
        ],
        [
          "",
          "",
          "Residual shelf life of the product",
          "",
          "",
          "Agree to provide residual shelf life of atleast 75% of total shelf life at the time\nof delivery to the consignee",
          "",
          "",
          "",
          "",
          ""
        ],
        [
          "CERTIFICATIONS",
          "",
          "Compliance to Drugs and Cosmetic Act 1940 and Medical Device Rules\n(MDR) 2017 as amended till date",
          "",
          "",
          "Yes",
          "",
          "",
          "",
          "",
          ""
        ],
        [
          "",
          "",
          "Availability of valid Medical Device license for the product issued from the\ncompetent authority",
          "",
          "",
          "Yes",
          "",
          "",
          "",
          "",
          ""
        ],
        [
          "",
          "",
          "Valid CDSCO Medical Device License Number",
          "",
          "",
          "MFG/MD/2023/000164",
          "",
          "",
          "",
          "",
          ""
        ],
        [
          "",
          "",
          "Licence issuing authority as per MDR",
          "",
          "",
          "Central Licencing Authority",
          "",
          "",
          "",
          "",
          ""
        ],
        [
          "(cid:34)(cid:34) (cid:34)(cid:34) (cid:34)(cid:34) (cid:34)(cid:34) (cid:144)(cid:144) (cid:34)(cid:34) (cid:34)(cid:34) (cid:145)(cid:145) (cid:34)(cid:34) ||BBuuyyeerr DDeeffiinneedd AAddddiittiioonnaall SSppeecciiffiiccaattiioonn ffoorr DDEECCTTIINN SStteerriillee SSuurrggiiccaall SSuuttuurreess ,, PPoollyyggllaaccttiinn 991100 ,, PPaacckk ooff\n1122",
          "",
          "",
          "",
          "",
          "",
          "",
          "",
          "",
          "",
          ""
        ],
        [
          "(cid:34)(cid:34) (cid:34)(cid:34) (cid:126)(cid:126) ||SSppeecciifificcaattiioonn",
          "",
          "",
          "(cid:131) (cid:131) ||VVaalluuee",
          "",
          "",
          "",
          "",
          "",
          "",
          ""
        ],
        [
          "Suture Material (Medical Grade)",
          "",
          "",
          "POLYGLYCTIN TRICLOSAN COATED",
          "",
          "",
          "",
          "",
          "",
          "",
          ""
        ],
        [
          "Our requirement",
          "",
          "",
          "SUTURE ABSORBABLE POLYGLYCTIN TRICLOSAN COATED BRAIDED 1/2 CIRCLE ROUND BODY 1/0 30MM 90CM-120CM",
          "",
          "",
          "",
          "",
          "",
          "",
          ""
        ],
        [
          "(cid:34) (cid:34)(cid:147)(cid:147) (cid:74)(cid:74)||CCoorrrriiggeenndduumm",
          "",
          "",
          "",
          "",
          "",
          "",
          "",
          "",
          "",
          ""
        ],
        [
          "(cid:151) (cid:151) || AAddvviissoorryy BBaannkk ::",
          "",
          "",
          "",
          "",
          "",
          "",
          "",
          "",
          "NA",
          ""
        ],
        [
          "(cid:67)(cid:67)(cid:34)(cid:34) ((%%)) || eePPBBGG PPeerrcceennttaaggee((%%))::",
          "",
          "",
          "",
          "",
          "",
          "",
          "",
          "",
          "NA",
          ""
        ],
        [
          "(cid:34)(cid:34) (cid:148)|(cid:148)|TTeerrmmss aanndd CCoonnddiittiioonnss\n11.. SSppeecciiaall tteerrmmss aanndd ccoonnddiittiioonnss-- VVeerrssiioonn::11 eeffffeeccttiivvee ffrroomm 1144--1111--22002255\n11..11 11.. AAllll PPrroovviissiioonnss ooff DDrruuggss aanndd CCoossmmeettiiccss AAcctt,, 11994400 aanndd RRuulleess ((iinncclluuddiinngg MMeeddiiccaall DDeevviiccee RRuullee 22001177)) mmaaddee tthheerree uunnddeerr aanndd aallll ssuubbsseeqquueenntt aammeennddmmeennttss ttiillll ddaattee wwiillll\naallwwaayyss bbee aapppplliiccaabbllee.. TThhiiss wwiillll iinncclluuddee aallll nnoottiiffiiccaattiioonnss iissssuueedd bbyy CCeennttrraall DDrruuggss SSttaannddaarrdd CCoonnttrrooll OOrrggaanniizzaattiioonn ((CCDDSSCCOO)),, MMiinniissttrryy ooff HHeeaalltthh && FFaammiillyy WWeellffaarree ((MMooHHFFWW))\naanndd DDeeppaarrttmmeenntt ooff PPhhaarrmmaacceeuuttiiccaallss ((DDOOPP)),, MMiinniissttrryy ooff CChheemmiiccaallss && FFeerrttiilliizzeerrss iinn tthhiiss rreeggaarrdd..\n22.. TThhee sseelllleerr ss rreeggiissttrraattiioonn aanndd pprroodduucctt uuppllooaadd oonn GGeeMM iiss bbaasseedd oonn tthheeiirr ddeeccllaarraattiioonn ooff ppoosssseessssiinngg aa vvaalliidd MMeeddiiccaall DDeevviiccee LLiicceennssee ffoorr tthhee pprroodduucctt,, cceerrttiiffiiccaattiioonnss,, tteesstt\nrreeppoorrttss aass ppeerr MMDDRR ((22001177)),, llaatteesstt aammeennddeedd.. HHoowweevveerr,, bbuuyyeerrss mmuusstt cchheecckk,, vvaalliiddaattee aanndd vveerriiffyy tthhee ddeettaaiillss aatt tthheeiirr eenndd ffoorr aallll aapppplliiccaabbllee lliicceennsseess aanndd cceerrttiiffiiccaattiioonnss ee..gg..,,",
          "",
          "",
          "",
          "",
          "",
          "",
          "",
          "",
          "",
          ""
        ]
      ]
    },
    {
      "page": 3,
      "table_number": 1,
      "data": [
        [
          "vvaalliiddiittyy aanndd aauutthheennttiicciittyy//ggeennuuiinneenneessss ooff mmeeddiiccaall ddeevviiccee lliicceennssee ((oorr rreeggiissttrraattiioonn)),, pprroodduucctt cceerrttiiffiiccaattiioonnss,, mmaannuuffaaccttuurreerr ss cceerrttiiffiiccaattiioonnss// lliicceennsseess,, tteesstt rreeppoorrttss aatt tthhee ttiimmee\nooff ssuuppppllyy..\n33.. IInn ccaassee ooff aauutthhoorriizzeedd rreesseelllleerrss//ddiissttrriibbuuttoorrss,, iitt wwiillll bbee tthhee lleeggaall aanndd rreegguullaattoorryy lliiaabbiilliittyy ooff tthhee mmaannuuffaaccttuurreerr ttoo eennssuurree tthhaatt tthheeiirr rreesseelllleerrss//ddiissttrriibbuuttoorrss aarree ooppeerraattiinngg iinn\nccoommpplliiaannccee wwiitthh aallll rreelleevvaanntt llaawwss aanndd rreegguullaattiioonnss,, aanndd aarree lliicceennsseedd ttoo sseellll tthhee mmaannuuffaaccttuurreerr''ss pprroodduuccttss,, iinncclluuddiinngg vveerriiffyyiinngg tthhee vvaalliiddiittyy aanndd aauutthheennttiicciittyy ooff lliicceennssee hheelldd\nbbyy tthheemm..\n44.. AAnnyy ootthheerr TTeerrmmss aanndd CCoonnddiittiioonnss wwhhiicchh iiss nnoott iinncclluuddeedd oorr aatt vvaarriiaannccee wwiitthh tthhee ccoonnddiittiioonnss ssppeecciiffiieedd iinn SSTTCC//GGTTCC,, mmaayy bbee aaddddeedd bbyy tthhee bbuuyyeerr tthhrroouugghh AAddddiittiioonnaall TTeerrmmss\naanndd CCoonnddiittiioonnss ((AATTCC)) iinn tthhee bbiidd ttoo eennssuurree iitteemmss aarree pprrooccuurreedd ffrroomm aauutthheennttiicc//vvaalliiddaatteedd ssoouurrccee wwiitthh aapppprroopprriiaattee aanndd aapppplliiccaabbllee qquuaalliittyy.. TThhee aabboovvee tteerrmmss aanndd\nccoonnddiittiioonnss aarree iinn rreevveerrssee oorrddeerr ooff pprreecceeddeennccee ii..ee.. BBIIDD AATTCC sshhaallll ssuuppeerrsseeddee ssppeecciiffiicc SSTTCC wwhhiicchh sshhaallll ssuuppeerrsseeddee GGeenneerraall TTeerrmmss aanndd CCoonnddiittiioonnss ((GGTTCC)),, wwhheenneevveerr tthheerree\naarree aannyy ccoonnfflliiccttiinngg pprroovviissiioonnss..\n55.. PPaacckkiinngg aanndd MMaarrkkiinngg:: SShhoouulldd bbee aass ppeerr MMDDRR..\n22.. GGeenneerraall TTeerrmmss aanndd CCoonnddiittiioonnss--\n22..11TThhiiss ccoonnttrraacctt iiss ggoovveerrnneedd bbyy tthhee GGeenneerraall TTeerrmmss aanndd CCoonnddiittiioonnss,, ccoonnddiittiioonnss ssttiippuullaatteedd ttoo tthhiiss PPrroodduucctt//SSeerrvviiccee aass pprroovviiddeedd iinn tthhee MMaarrkkeettppllaaccee..\n22..22TThhiiss CCoonnttrraacctt bbeettwweeeenn tthhee SSeelllleerr aanndd tthhee BBuuyyeerr,, iiss ffoorr tthhee ssuuppppllyy ooff tthhee GGooooddss aanndd// oorr SSeerrvviicceess,, ddeettaaiilleedd iinn tthhee sscchheedduullee aabboovvee,, iinn aaccccoorrddaannccee wwiitthh tthhee GGeenneerraall TTeerrmmss aanndd\nCCoonnddiittiioonnss ((GGTTCC)) uunnlleessss ootthheerrwwiissee ssuuppeerrsseeddeedd bbyy GGooooddss // SSeerrvviicceess ssppeecciiffiicc SSppeecciiaall TTeerrmmss aanndd CCoonnddiittiioonnss ((SSTTCC)) aanndd// oorr BBIIDD//RReevveerrssee AAuuccttiioonn AAddddiittiioonnaall TTeerrmmss aanndd CCoonnddiittiioonnss\n((AATTCC)),, aass aapppplliiccaabbllee\n22..33AAllll GGeeMM SSeelllleerrss // SSeerrvviiccee PPrroovviiddeerrss aarree mmaannddaatteedd ttoo eennssuurree ccoommpplliiaannccee wwiitthh aallll tthhee aapppplliiccaabbllee llaawwss // aaccttss // rruulleess iinncclluuddiinngg bbuutt nnoott lliimmiitteedd ttoo aallll LLaabboouurr LLaawwss ssuucchh aass TThhee\nMMiinniimmuumm WWaaggeess AAcctt,, 11994488,, TThhee PPaayymmeenntt ooff WWaaggeess AAcctt,, 11993366,, TThhee PPaayymmeenntt ooff BBoonnuuss AAcctt,, 11996655,, TThhee EEqquuaall RReemmuunneerraattiioonn AAcctt,, 11997766,, TThhee PPaayymmeenntt ooff GGrraattuuiittyy AAcctt,, 11997722 eettcc.. AAnnyy\nnnoonn--ccoommpplliiaannccee wwiillll bbee ttrreeaatteedd aass bbrreeaacchh ooff ccoonnttrraacctt aanndd BBuuyyeerr mmaayy ttaakkee ssuuiittaabbllee aaccttiioonnss aass ppeerr GGeeMM CCoonnttrraacctt..\n33.. BBuuyyeerr AAddddeedd BBiidd SSppeecciiffiicc TTeerrmmss aanndd CCoonnddiittiioonnss--\n33..11 SSccooppee ooff SSuuppppllyy::\nSSccooppee ooff ssuuppppllyy ((BBiidd pprriiccee ttoo iinncclluuddee aallll ccoosstt ccoommppoonneennttss)) :: OOnnllyy ssuuppppllyy ooff GGooooddss"
        ],
        [
          "NNoottee:: SSeelllleerrss aarree rreeqquuiirreedd ttoo rraaiissee iinnvvooiicceess oonnlliinnee aass ppeerr tthhee ccoonnttrraacctt tteerrmmss oonn GGeeMM ppoorrttaall.. TTiimmeellyy iinnvvooiiccee ssuubbmmiissssiioonn iiss mmaannddaattoorryy ffoorr ccoommpplliiaanncceess,, ssmmooootthh ppaayymmeenntt pprroocceessssiinngg,,\naanndd wwiillll aallssoo ccoonnttrriibbuuttee ttoo iimmpprroovviinngg tthheeiirr rraattiinnggss.."
        ],
        [
          "NNoottee:: TThhiiss iiss ssyysstteemm ggeenneerraatteedd ffiillee.. NNoo ssiiggnnaattuurree iiss rreeqquuiirreedd.. PPrriinntt oouutt ooff tthhiiss ddooccuummeenntt iiss nnoott vvaalliidd ffoorr ppaayymmeenntt// ttrraannssaaccttiioonn ppuurrppoossee.."
        ]
      ]
    }
  ],
  "table_count": 3,
  "total_pages": 3
}