{
  "source_file": "GEMC-511687758128078.pdf",
  "extraction_date": "2026-01-15T00:35:13.536572",
  "extraction_method": "pdfplumber",
  "metadata": {
    "Title": "Contract",
    "Creator": "wkhtmltopdf 0.12.4",
    "Producer": "Qt 4.8.7",
    "CreationDate": "D:20260108145055+05'30'"
  },
  "text_content": "(cid:16)(cid:16) ||CCoonnttrraacctt NNoo:: GEMC-511687758128078\n(cid:33)(cid:33) (cid:33)(cid:33) ||GGeenneerraatteedd DDaattee :: 08-Jan-2026\n(cid:33)(cid:33) ||OOrrggaanniissaattiioonn DDeettaaiillss (cid:33)(cid:33) ||BBuuyyeerr DDeettaaiillss\n(cid:51)(cid:52) |Type : State Government |Designation : SMO\n(cid:60) |Ministry : - (cid:73) |Contact No. : 94582-82244-\nMedical Health and Family Welfare Department Uttar |Email ID : shashank2002.mp@up.gov.in\n(cid:33) |Department :\nPradesh (cid:97) |GSTIN : -\n|Organisation DISTRICT FEMALE HOSPITAL MAINPURI,\nN/A |Address :\nName : Mainpuri, UTTAR PRADESH-205001, India\n(cid:73) (cid:74) (cid:60)|Office Zone: DISTRICT FEMALE HOSPITAL MAINPURI\n(cid:33)(cid:33) (cid:99)(cid:99) (cid:100)(cid:100) (cid:33)(cid:33) (cid:33)(cid:33) ||FFiinnaanncciiaall AApppprroovvaall DDeettaaiill (cid:51)(cid:51) (cid:33)(cid:33) (cid:33)(cid:33) ||PPaayyiinngg AAuutthhoorriittyy DDeettaaiillss\n(cid:33) |IFD Concurrence : No Role: BUYER\nC.M.S DISTRICT FEMALE HOSPITAL Offline\nDesignation of Administrative Payment Mode:\nMAINPURI\nApproval: |Designation : SMO\n(cid:33) (cid:99) | C.M.S DISTRICT FEMALE HOSPITAL |Email ID : shashank2002.mp@up.gov.in\nDesignation of Financial Approval : MAINPURI (cid:97) |GSTIN : -\nDISTRICT FEMALE HOSPITAL MAINPURI,\n|Address:\nMainpuri, UTTAR PRADESH-205001, India\n(cid:33)(cid:33) (cid:16)(cid:16) (cid:33)(cid:33) ||SSeelllleerr DDeettaaiillss\n(cid:33) (cid:16) |GeM Seller ID : 8AD6180000593530\n|Company Name : M/S SNEH ENTERPRISES\n(cid:73) |Contact No. : 08630139085\n|Email ID : akashporwal223@gmail.com\nTILAK NAGAR,Firozabad,\n| Address :\nFirozabad, UTTAR PRADESH-283203, -\n(cid:112) |MSME Registration number : -\n(cid:97) |GSTIN: 09CWJPP3378M1ZM (R) , (G)\n*(cid:33) (cid:74) (cid:116) GST/TAX (cid:33) |GST / Tax invoice to be raised in the name of - Buyer\n(cid:33) (cid:33) (cid:121) | Delivery Instructions :\nbest quality and soon supply\n(cid:124)(cid:124) (cid:33)(cid:33) ||PPrroodduucctt DDeettaaiillss\n(cid:128) (cid:128)\n((IINNRR (cid:116) (cid:116)\n## (cid:33)(cid:33) ||IItteemm DDeessccrriippttiioonn || TTaaxx BBiiffuurrccaattiioonn\nOOrrddeerreedd UUnniitt PPrriiccee PPrriiccee\nUUnniitt ((IINNRR))\nQQuuaannttiittyy ((IINNRR)) ((IInncclluussiivvee ooff\naallll DDuuttiieess aanndd\nTTaaxxeess iinn IINNRR))\n(cid:124)(cid:124) ||PPrroodduucctt NNaammee :: Dolphin Sutures Polyglactin sutures, Number of suture foils in\nbox 12\n(cid:130)(cid:130) ||BBrraanndd :: Dolphin Sutures\n(cid:130)(cid:130) (cid:51)(cid:51) ||BBrraanndd TTyyppee :: Registered Brand\n1 (cid:132)(cid:132) (cid:33)(cid:33)(cid:133)(cid:133)(cid:33)(cid:33) ||CCaattaalloogguuee SSttaattuuss:: Catalogue not verified by OEM 10 box 4,200 NA 42,000\n| |SSeelllliinngg AAss :: OEM verified Reseller\n(cid:135)(cid:135) (cid:136) (cid:136) ||CCaatteeggoorryy NNaammee && QQuuaaddrraanntt :: sutures (Q3)\n||MMooddeell:: SD2347G\n||HHSSNN CCooddee:: HSN not specified by seller\n(cid:73) (cid:128) |Total Order Value (in INR) 4422,,000000\n(cid:33) (cid:33) (cid:33)(cid:33) ||CCoonnssiiggnneeee DDeettaaiill\n(cid:16)(cid:16).. . .||SS..NNoo (cid:33) (cid:33) ||CCoonnssiiggnneeee (cid:100)(cid:100) | |IItteemm LLoott NNoo.. (cid:60)(cid:60) ||QQuuaannttiittyy | | BBee\nDDeelliivveerryy SSttaarrtt CCoommpplleetteedd\nAAfftteerr BByy\n| Designation : PHARMACIST\n|Email ID : buyer147.mhfwdup.up@gembuyer.in Dolphin Sutures\n(cid:73)|Contact : - Polyglactin sutures,\n1 - 10 08-Jan-2026 23-Jan-2026\n(cid:97) |GSTIN : - Number of suture foils\n|Address : DISTRICT FEMALE HOSPITAL MAINPURI, in box 12\nMainpuri, UTTAR PRADESH-205001, India\nPPrroodduucctt SSppeecciiffiiccaattiioonn ffoorr DDoollpphhiinn SSuuttuurreess PPoollyyggllaaccttiinn ssuuttuurreess,, NNuummbbeerr ooff ssuuttuurree ffooiillss iinn bbooxx 1122\n(cid:33)(cid:33) (cid:33)(cid:33) (cid:121)(cid:121) ||SSppeecciifificcaattiioonn --(cid:33)(cid:33) (cid:33)(cid:33) (cid:121)(cid:121) ||SSuubb--SSppeecc (cid:128) (cid:128) ||VVaalluuee\nGoverning Specification USP\ncategory of suture absorbabale\nConstruction Braided\nSuture Material Polyglactin\nSuture Length (cm) 90\nPerformance\nParameters\nSuture Size 1\nNeedle With\nSterilised Yes\nShelf Life (in years) 5\nProvision for recalling products Yes\nType of Needles Round bodied\nNeedle Parameters Needle Length (mm) 40\nNeedle Curvature 1/2 circle\nNumber of strands in a suture foil( option 2,4 and 10 for cardiac suture) 1\nNumber of suture foils in box 12\nPacking Parameters\nPacking as per specification and provision of Drug & cosmetic act. Yes\nAll supplies shall have a remaining self life of at least five by six (5/6) of the stipulated shelf life at the time of\nYes\ndelievery\nAvailability of valid drug licence Yes\nDrug license No and Date DL-566-SBW/5672-SW.DT-06/10/2010\nAvailablitiy of Latest non conviction certificate issued by concerned Drug authorities Yes\nAvailability of Certificate for Manufacturing such as GMP under revised scheduled 'M' of drugs and cosmetics\nYes\nact 1940 or WHO GMP or COPP for imports\nCertification & Reports\nGMP-S-GMP/1807932 DT-16/07/2018 TO\nDetails of above Mentioned Certificate such as Type of certificate, Number , date and validity\n2020\nAvailability of any other certification such as CE/FDA/CSA/PQS /ISO etc Yes\nDetails of above Mentioned Certificate such as Type of certificate, Number ,date and validity if Yes Otherwise CE NO-178173-2015-CE-IND 0.0 DT-\nput NA 04/08/2015 TO 2020\nCopies of batch in house Test report to be forwarded with each supply Yes\n(cid:33)(cid:33) (cid:144)(cid:144) ||NNoottee:::: Seller has given an undertaking that it has made arrangements for getting the stores from an authorized distributor / dealer / channel partner of the OEM of the\noffered product. At the time of delivery of goods, Seller will provide necessary chain documents (in the form of GST Invoice) to prove that the supplied goods are genuine and are\nbeing sourced from an authorized distributor / dealer / channel partner of the OEM. In case of any complaint about genuineness of the supplied products, Seller shall be\nresponsible for providing genuine replacement supplies.\nNNAA\n(cid:33)(cid:33) (cid:145)|(cid:145)|TTeerrmmss aanndd CCoonnddiittiioonnss\n11.. SSppeecciiaall tteerrmmss aanndd ccoonnddiittiioonnss-- VVeerrssiioonn::11 eeffffeeccttiivvee ffrroomm 0044--0055--22002200\n11..11SSppeecciiaall TTeerrmmss aanndd CCoonnddiittiioonnss ffoorr MMeeddiiccaall DDeevviicceess aanndd CCoonnssuummaabblleess ccoovveerreedd uunnddeerr PPrroovviissiioonnss ooff DDrruugg aanndd CCoossmmeettiicc AAcctt\n11..11..11FFoorr iitteemmss wwhheerreevveerr DDrruugg LLiicceennccee rreeqquuiirreemmeennttss aarree aapppplliiccaabbllee aallll pprroovviissiioonnss ooff DDrruugg aanndd CCoossmmeettiicc AAcctt 11994400 aass aammeennddeedd uupp ttoo ddaattee aanndd RRuulleess mmaaddee tthheerree uunnddeerr wwiillll bbee\naapppplliiccaabbllee iinn aaddddiittiioonn ttoo aannyy ootthheerr tteerrmmss aanndd ccoonnddiittiioonnss ssppeecciiffiieedd iinn tthhee PPoorrttaall..\n11..11..22DDrruugg LLiicceennssee:: FFoorr iinnddiiggeennoouuss pprroodduuccttss ooffffeerreedd iinn tthhee mmaarrkkeett,, MMaannuuffaaccttuurreerr sshhoouulldd hhaavvee vvaalliidd DDrruugg LLiicceennssee aass ppeerr DDrruuggss aanndd CCoossmmeettiicc AAcctt 11994400 iissssuueedd bbyy ccoonncceerrnneedd SSttaattee\nDDrruugg CCoonnttrrooll aauutthhoorriittiieess ..TThhee SSeelllleerr iiff ddiiffffeerreenntt ffrroomm tthhee mmaannuuffaaccttuurreerr sshhaallll aallssoo bbee rreeqquuiirreedd ttoo bbee hhoollddiinngg DDrruugg LLiicceennssee ffoorr ssaallee .. IInn ccaassee ooff iimmppoorrtteedd pprroodduuccttss\nMMaannuuffaaccttuurreerr sshhaallll bbee rreeggiisstteerreedd uunnddeerr FFoorrmm nnoo 1100 wwiitthh CCeennttrraall DDrruugg AAuutthhoorriittiieess (( CCDDSSCCOO)) aanndd tthhee SSeelllleerr ooffffeerriinngg iimmppoorrtteedd pprroodduuccttss sshhoouulldd bbee aallssoo hhoollddiinngg vvaalliidd SSaalleess\nLLiicceennssee iissssuueedd bbyy tthhee llooccaall ddrruugg aauutthhoorriittiieess.. FFoorr iimmppoorrtteedd pprroodduuccttss,, cceerrttiiffiiccaattee ffrroomm tthhee OOEEMM tthhaatt pprroodduucctt iiss bbeeiinngg uusseedd iinn tthhee CCoouunnttrryy ooff OOrriiggiinn sshhoouulldd bbee aavvaaiillaabbllee wwiitthh\ntthhee SSeelllleerr.. IItt sshhaallll bbee tthhee rreessppoonnssiibbiilliittyy ooff tthhee SSeelllleerr ttoo eennssuurree tthhaatt tthhaatt tthhee DDrruugg LLiicceennssee iiss vvaalliidd ffoorr tthhee pprroodduucctt ooffffeerreedd aanndd dduuee ttoo aannyy rreeaassoonn tthhee ddrruugg ccoonnttrrooll aauutthhoorriittiieess\nhhaavvee ccaanncceelllleedd oorr ssuussppeennddeedd DDrruugg LLiicceennssee oorr ccoonnvviicctteedd tthhee mmaannuuffaaccttuurreerr oorr SSeelllleerr ffoorr aannyy ooffffeennccee uunnddeerr tthhee pprroovviissiioonnss ooff DDrruugg aanndd CCoossmmeettiicc AAcctt,, SSeelllleerr sshhoouulldd\niimmmmeeddiiaatteellyy wwiitthhddrraaww tthhee pprroodduucctt aanndd aallssoo iinnttiimmaattee tthhee BBuuyyeerrss iinn ccaassee ooff ppeennddiinngg oorrddeerrss ffoorr ssuupppplliieess aass wweellll aass tthhee GGeeMM aaddmmiinniissttrraattiioonn rreeggaarrddiinngg tthhee mmaatttteerr..\n11..11..33MMaannuuffaaccttuurriinngg && MMaarrkkeettiinngg EExxppeerriieennccee:: SSeelllleerrss ooffffeerriinngg tthhee PPrroodduuccttss iinn tthhee PPoorrttaall eeiitthheerr aass MMaannuuffaaccttuurreerrss oorr aass AAuutthhoorriisseedd SSeelllleerr sshhaallll eennssuurree tthhaatt tthhee PPrroodduuccttss ooffffeerreedd aarree\nbbeeiinngg MMaannuuffaaccttuurreedd aanndd MMaarrkkeetteedd iinn tthhee ccoouunnttrryy ((ffoorr IInnddiiggeennoouuss PPrroodduuccttss)) aanndd MMaarrkkeetteedd ((ffoorr IImmppoorrtteedd PPrroodduuccttss)) ccoonnttiinnuuoouussllyy aatt lleeaasstt ffoorr tthhee llaasstt 22 yyeeaarrss\n11..11..44CCeerrttiiffiiccaattiioonnss:: MMaannuuffaaccttuurreerrss ooff ooffffeerreedd pprroodduucctt ((OOffffeerreedd bbyy MMaannuuffaaccttuurreerrss oorr bbyy AAuutthhoorriizzeedd SSeelllleerr )) sshhoouulldd bbee hhoollddiinngg vvaalliidd GGoooodd MMaannuuffaaccttuurriinngg PPrraaccttiicceess CCeerrttiiffiiccaattee\n((GGMMPP)) aass ppeerr rreevviisseedd SScchheedduullee--MM ooff DDrruugg aanndd CCoossmmeettiicc AAcctt 11994400 aass aammeennddeedd uupp ttoo ddaattee oorr WWHHOO--GGMMPP aass ppeerr nnoorrmmss aammeennddeedd uupp ttoo ddaattee iissssuueedd bbyy tthhee LLiicceennssiinngg AAuutthhoorriittyy\noorr cceerrttiiffiiccaattee wwhhiicchh iiss aatt ppaarr wwiitthh WWHHOO--GGMMPP iissssuueedd bbyy tthhee aauutthhoorriittiieess ooff eexxppoorrttiinngg ccoouunnttrriieess // CCOOPPPP cceerrttiiffiiccaattee ..\n11..11..55NNoonn CCoonnvviiccttiioonn CCeerrttiiffiiccaattee:: SSeelllleerrss eeiitthheerr MMaannuuffaaccttuurreerrss oorr AAuutthhoorriizzeedd SSeelllleerrss aarree rreeqquuiirreedd ttoo eennssuurree tthhaatt tthheeyy aarree nnoott uunnddeerr ccoonnvviiccttiioonn iinn tteerrmmss ooff tthhee pprroovviissiioonnss ooff DDrruuggss\n&& CCoossmmeettiicc AAcctt aanndd aannyy ootthheerr llaaww aapppplliiccaabbllee iinn rreellaattiioonn ttoo tthhee ssaammee .. IInn ccaassee aatt aannyy ppooiinntt ooff ttiimmee,, tthhee MMaannuuffaaccttuurreerr oorr AAuutthhoorriizzeedd SSeelllleerr iiss ccoonnvviicctteedd uunnddeerr pprroovviissiioonnss ooff\nDDrruugg aanndd CCoossmmeettiicc AAcctt,, iitt sshhaallll bbee tthheeiirr rreessppoonnssiibbiilliittyy ttoo wwiitthhddrraaww tthhee pprroodduucctt iimmmmeeddiiaatteellyy ffrroomm tthhee mmaarrkkeett..\n11..11..66BBaannnniinngg aanndd BBllaacckklliissttiinngg:: SSeelllleerr eeiitthheerr MMaannuuffaaccttuurreerr oorr AAuutthhoorriizzeedd SSeelllleerr sshhaallll eennssuurree tthhaatt tthheerree iiss nnoo bbaannnniinngg oorr bbllaacckk lliissttiinngg aapppplliiccaabbllee aaggaaiinnsstt tthheemm ffoorr tthhee pprroodduucctt\nooffffeerreedd oonn tthhee ppoorrttaall dduuee ttoo qquuaalliittyy ffaaiilluurree aanndd //oorr ffrraauudduulleenntt//iilllleeggaall pprraaccttiicceess oorr ffoorr aannyy ootthheerr rreeaassoonnss\n11..11..77IItt sshhaallll bbee tthhee rreessppoonnssiibbiilliittyy ooff tthhee SSeelllleerr eeiitthheerr MMaannuuffaaccttuurreerr oorr AAuutthhoorriizzeedd SSeelllleerr ttoo eennssuurree tthhaatt mmaannuuffaaccttuurreerr iiss hhaavviinngg oowwnn iinn--hhoouussee tteessttiinngg llaabb ttoo ccaarrrryy oouutt aallll tthhee\nrreeqquuiirreedd tteessttss aass ppeerr ssppeecciiffiiccaattiioonn aanndd pprroovviissiioonnss ooff ddrruugg aacctt aass aammeennddeedd uupp ttoo ddaattee ffoorr tthhee qquuootteedd pprroodduucctt aanndd sshhaallll aallssoo ffoorrwwaarrdd tthhee ccooppiieess ooff tthhee iinn--hhoouussee tteesstt rreeppoorrttss\nffoorr eeaacchh bbaattcchh aalloonngg wwiitthh tthhee ssuupppplliieess.. FFoorr iimmppoorrtteedd pprroodduuccttss ,, cceerrttiiffiiccaattee ffrroomm OOEEMM rreeggaarrddiinngg aavvaaiillaabbiilliittyy ooff aallll tteesstt ffaacciilliittiieess iinn hhoouussee wwiitthh tthheemm sshhoouulldd bbee aavvaaiillaabbllee wwiitthh\nSSeelllleerr ..\n11..11..88EEaacchh lloott ooff ssuupppplliieess sshhaallll bbee ddiissppaattcchheedd uunnddeerr SSeellff CCeerrttiiffiiccaattiioonn sscchheemmee dduullyy ssuuppppoorrtteedd bbyy iinn hhoouussee tteesstt rreeppoorrttss.. CCoonnssiiggnneeeess sshhaallll bbee aatt lliibbeerrttyy ttoo ddrraaww ccoonnttrrooll SSaammpplleess aanndd\nsseenndd iitt ttoo aapppprroovveedd LLaabboorraattoorriieess ffoorr tteessttiinngg aanndd iinn ccaassee ooff aannyy ffaaiilluurree ,, eennttiirree rreessppoonnssiibbiilliittyy sshhaallll rreesstt wwiitthh SSeelllleerr iinn aaddddiittiioonn ttoo aannyy ppeennaallttiieess uunnddeerr tthhee pprroovviissiioonnss ooff DDrruugg AAcctt\niinncclluuddiinngg rreemmoovvaall ooff GGooooddss ffrroomm tthhee CCoonnssiiggnneeee ppllaaccee.. ..FFuurrtthheerr aaddmmiinniissttrraattiivvee aaccttiioonnss aass ppeerr tteerrmmss aanndd ccoonnddiittiioonnss GGeemm PPoorrttaall sshhaallll aallssoo bbee aapppplliiccaabbllee..\n11..11..99PPaacckkiinngg sshhaallll bbee aass ppeerr rreelleevvaanntt ccllaauussee ooff SSttaannddaarrdd SSppeecciiffiiccaattiioonnss aapppplliiccaabbllee aass iinnddiiccaatteedd iinn tthhee CCaattaalloogguuee PPaarraammeetteerrss iinnddiiccaatteedd iinn tthhee PPoorrttaall aanndd aass ppeerr pprroovviissiioonnss ooff DDrruugg &&\nCCoossmmeettiicc AAcctt aass aammeennddeedd uupp ttoo ddaattee..\n11..11..1100MMaarrkkiinngg:: EEaacchh PPrriimmaarryy PPaacckkiinngg sshhaallll bbee mmaarrkkeedd aass uunnddeerr::--\n11..11..1100..11NNoommeennccllaattuurree ooff tthhee ssttoorreess\n11..11..1100..22MMaannuuffaaccttuurreerrss NNaammee,, AAddddrreessss,, DDrruugg LLiicceennssee NNoo..\n11..11..1100..33MMoonntthh ooff mmaannuuffaaccttuurriinngg,, EExxppiirryy,, BBaattcchh NNoo aanndd lloott NNoo ((iiff aapppplliiccaabbllee))\n11..11..1100..44AAnnyy ootthheerr ppaarrttiiccuullaarrss rreeqquuiirreedd uunnddeerr DDrruugg aanndd CCoossmmeettiicc AAcctt 11994400 aammeennddeedd uupp ttoo ddaattee iiff iitteemm iiss ggoovveerrnneedd uunnddeerr ddrruugg aanndd ccoossmmeettiicc aacctt\n11..11..1100..55QQuuaannttiittyy ccoonnttaaiinneedd tthheerreeiinn\n11..11..1100..66MMaannuuffaaccttuurreerrss NNaammee oorr TTrraaddee MMaarrkk\n11..11..1100..77GGoovveerrnnmmeenntt SSuuppppllyy -- \"\"\"\"NNoott FFoorr SSaallee\n11..11..1100..88SSeeccoonnddaarryy PPaacckkiinngg CCaarrttoonnss sshhaallll bbee mmaarrkkeedd wwiitthh MMaannuuffaaccttuurreerrss NNaammee,, BBaattcchh nnoo aanndd MMoonntthh ooff MMaannuuffaaccttuurree aanndd UUssee BBeeffoorree..\n22.. GGeenneerraall TTeerrmmss aanndd CCoonnddiittiioonnss--\n22..11TThhiiss ccoonnttrraacctt iiss ggoovveerrnneedd bbyy tthhee GGeenneerraall TTeerrmmss aanndd CCoonnddiittiioonnss,, ccoonnddiittiioonnss ssttiippuullaatteedd ttoo tthhiiss PPrroodduucctt//SSeerrvviiccee aass pprroovviiddeedd iinn tthhee MMaarrkkeettppllaaccee..\n22..22TThhiiss CCoonnttrraacctt bbeettwweeeenn tthhee SSeelllleerr aanndd tthhee BBuuyyeerr,, iiss ffoorr tthhee ssuuppppllyy ooff tthhee GGooooddss aanndd// oorr SSeerrvviicceess,, ddeettaaiilleedd iinn tthhee sscchheedduullee aabboovvee,, iinn aaccccoorrddaannccee wwiitthh tthhee GGeenneerraall TTeerrmmss aanndd\nCCoonnddiittiioonnss ((GGTTCC)) uunnlleessss ootthheerrwwiissee ssuuppeerrsseeddeedd bbyy GGooooddss // SSeerrvviicceess ssppeecciiffiicc SSppeecciiaall TTeerrmmss aanndd CCoonnddiittiioonnss ((SSTTCC)) aanndd// oorr BBIIDD//RReevveerrssee AAuuccttiioonn AAddddiittiioonnaall TTeerrmmss aanndd CCoonnddiittiioonnss\n((AATTCC)),, aass aapppplliiccaabbllee\n22..33AAllll GGeeMM SSeelllleerrss // SSeerrvviiccee PPrroovviiddeerrss aarree mmaannddaatteedd ttoo eennssuurree ccoommpplliiaannccee wwiitthh aallll tthhee aapppplliiccaabbllee llaawwss // aaccttss // rruulleess iinncclluuddiinngg bbuutt nnoott lliimmiitteedd ttoo aallll LLaabboouurr LLaawwss ssuucchh aass TThhee\nMMiinniimmuumm WWaaggeess AAcctt,, 11994488,, TThhee PPaayymmeenntt ooff WWaaggeess AAcctt,, 11993366,, TThhee PPaayymmeenntt ooff BBoonnuuss AAcctt,, 11996655,, TThhee EEqquuaall RReemmuunneerraattiioonn AAcctt,, 11997766,, TThhee PPaayymmeenntt ooff GGrraattuuiittyy AAcctt,, 11997722 eettcc.. AAnnyy\nnnoonn--ccoommpplliiaannccee wwiillll bbee ttrreeaatteedd aass bbrreeaacchh ooff ccoonnttrraacctt aanndd BBuuyyeerr mmaayy ttaakkee ssuuiittaabbllee aaccttiioonnss aass ppeerr GGeeMM CCoonnttrraacctt..\nNNoottee:: Sellers are required to raise invoices online as per the contract terms on GeM portal. Timely invoice submission is mandatory for compliances, smooth payment processing,\nand will also contribute to improving their ratings.\nNote: This is system generated file. No signature is required. Print out of this document is not valid for payment/ transaction purpose.",
  "tables": [
    {
      "page": 1,
      "table_number": 1,
      "data": [
        [
          "(cid:33)(cid:33) ||OOrrggaanniissaattiioonn DDeettaaiillss\n(cid:51)(cid:52) |Type : State Government\n(cid:60) |Ministry : -\nMedical Health and Family Welfare Department Uttar\n(cid:33) |Department :\nPradesh\nN/A\nName :\n(cid:73) (cid:74) (cid:60)|Office Zone: DISTRICT FEMALE HOSPITAL MAINPURI",
          "",
          "",
          "",
          "|Designation : SMO\n(cid:73) |Contact No. : 94582-82244-\n|Email ID : shashank2002.mp@up.gov.in\nDISTRICT FEMALE HOSPITAL MAINPURI,\n|Address :\nMainpuri, UTTAR PRADESH-205001, India",
          "",
          "",
          "",
          "",
          "",
          "",
          "",
          ""
        ],
        [
          "(cid:33)(cid:33) (cid:99)(cid:99) (cid:100)(cid:100) (cid:33)(cid:33) (cid:33)(cid:33) ||FFiinnaanncciiaall AApppprroovvaall DDeettaaiill (cid:51)(cid:51) (cid:33)(cid:33) (cid:33)(cid:33) ||PPaayyiinngg AAuutthhoorriittyy DDeettaaiillss\n(cid:33) |IFD Concurrence : No Role: BUYER\nC.M.S DISTRICT FEMALE HOSPITAL Offline\nDesignation of Administrative Payment Mode:\nMAINPURI\nApproval: |Designation : SMO\n(cid:33) (cid:99) | C.M.S DISTRICT FEMALE HOSPITAL |Email ID : shashank2002.mp@up.gov.in\nDesignation of Financial Approval : MAINPURI (cid:97) |GSTIN : -\nDISTRICT FEMALE HOSPITAL MAINPURI,\n|Address:\nMainpuri, UTTAR PRADESH-205001, India",
          "",
          "",
          "",
          "",
          "",
          "",
          "",
          "",
          "",
          "",
          "",
          ""
        ],
        [
          "(cid:33)(cid:33) (cid:16)(cid:16) (cid:33)(cid:33) ||SSeelllleerr DDeettaaiillss\n(cid:33) (cid:16) |GeM Seller ID : 8AD6180000593530\n|Company Name : M/S SNEH ENTERPRISES\n(cid:73) |Contact No. : 08630139085\n|Email ID : akashporwal223@gmail.com\nTILAK NAGAR,Firozabad,\n| Address :\nFirozabad, UTTAR PRADESH-283203, -\n(cid:112) |MSME Registration number : -\n(cid:97) |GSTIN: 09CWJPP3378M1ZM (R) , (G)",
          "",
          "",
          "",
          "",
          "",
          "",
          "",
          "",
          "",
          "",
          "",
          ""
        ],
        [
          "*(cid:33) (cid:74) (cid:116) GST/TAX (cid:33) |GST / Tax invoice to be raised in the name of - Buyer",
          "",
          "",
          "",
          "",
          "",
          "",
          "",
          "",
          "",
          "",
          "",
          ""
        ],
        [
          "(cid:33) (cid:33) (cid:121) | Delivery Instructions :\nbest quality and soon supply",
          "",
          "",
          "",
          "",
          "",
          "",
          "",
          "",
          "",
          "",
          "",
          ""
        ],
        [
          "(cid:124)(cid:124) (cid:33)(cid:33) ||PPrroodduucctt DDeettaaiillss",
          "",
          "",
          "",
          "",
          "",
          "",
          "",
          "",
          "",
          "",
          "",
          ""
        ],
        [
          "",
          "(cid:33)(cid:33) ||IItteemm DDeessccrriippttiioonn",
          "",
          "",
          "",
          "OOrrddeerreedd\nQQuuaannttiittyy",
          "",
          "",
          "((IINNRR))||\nUUnniitt PPrriiccee\n((IINNRR))",
          "",
          "TTaaxx BBiiffuurrccaattiioonn\n((IINNRR))",
          "",
          "(cid:128) (cid:128)\n((IINNRR (cid:116) (cid:116)\nPPrriiccee\n((IInncclluussiivvee ooff\naallll DDuuttiieess aanndd\nTTaaxxeess iinn IINNRR))"
        ],
        [
          "1",
          "(cid:124)(cid:124) ||PPrroodduucctt NNaammee :: Dolphin Sutures Polyglactin sutures, Number of suture foils in\nbox 12\n(cid:130)(cid:130) ||BBrraanndd :: Dolphin Sutures\n(cid:130)(cid:130) (cid:51)(cid:51) ||BBrraanndd TTyyppee :: Registered Brand\n(cid:132)(cid:132) (cid:33)(cid:33)(cid:133)(cid:133)(cid:33)(cid:33) ||CCaattaalloogguuee SSttaattuuss:: Catalogue not verified by OEM\n| |SSeelllliinngg AAss :: OEM verified Reseller\n(cid:135)(cid:135) (cid:136) (cid:136) ||CCaatteeggoorryy NNaammee && QQuuaaddrraanntt :: sutures (Q3)\n||MMooddeell:: SD2347G\n||HHSSNN CCooddee:: HSN not specified by seller",
          "",
          "",
          "",
          "10",
          "",
          "box",
          "4,200",
          "",
          "NA",
          "",
          "42,000"
        ],
        [
          "(cid:73) (cid:128) |Total Order Value (in INR)",
          "",
          "",
          "",
          "",
          "",
          "",
          "",
          "",
          "",
          "",
          "",
          "4422,,000000"
        ],
        [
          "(cid:33) (cid:33) (cid:33)(cid:33) ||CCoonnssiiggnneeee DDeettaaiill",
          "",
          "",
          "",
          "",
          "",
          "",
          "",
          "",
          "",
          "",
          "",
          ""
        ]
      ]
    },
    {
      "page": 2,
      "table_number": 1,
      "data": [
        [
          "(cid:16)(cid:16).. . .||SS..NNoo (cid:33) (cid:33) ||CCoonnssiiggnneeee (cid:100)(cid:100) | |IItteemm LLoott NNoo.. (cid:60)(cid:60) ||QQuuaannttiittyy | | BBee\nDDeelliivveerryy SSttaarrtt CCoommpplleetteedd\nAAfftteerr BByy",
          "",
          "",
          "",
          "",
          "",
          "",
          "",
          ""
        ],
        [
          "1",
          "| Designation : PHARMACIST\n|Email ID : buyer147.mhfwdup.up@gembuyer.in\n(cid:73)|Contact : -\n|Address : DISTRICT FEMALE HOSPITAL MAINPURI,\nMainpuri, UTTAR PRADESH-205001, India",
          "",
          "Dolphin Sutures\nPolyglactin sutures,\nNumber of suture foils\nin box 12",
          "",
          "10",
          "",
          "08-Jan-2026",
          "23-Jan-2026"
        ],
        [
          "PPrroodduucctt SSppeecciiffiiccaattiioonn ffoorr DDoollpphhiinn SSuuttuurreess PPoollyyggllaaccttiinn ssuuttuurreess,, NNuummbbeerr ooff ssuuttuurree ffooiillss iinn bbooxx 1122",
          "",
          "",
          "",
          "",
          "",
          "",
          "",
          ""
        ],
        [
          "(cid:33)(cid:33) (cid:33)(cid:33) (cid:121)(cid:121) ||SSppeecciifificcaattiioonn",
          "",
          "--(cid:33)(cid:33) (cid:33)(cid:33) (cid:121)(cid:121) ||SSuubb--SSppeecc",
          "",
          "",
          "",
          "(cid:128) (cid:128) ||VVaalluuee",
          "",
          ""
        ],
        [
          "Performance\nParameters",
          "",
          "Governing Specification",
          "",
          "",
          "",
          "USP",
          "",
          ""
        ],
        [
          "",
          "",
          "category of suture",
          "",
          "",
          "",
          "absorbabale",
          "",
          ""
        ],
        [
          "",
          "",
          "Construction",
          "",
          "",
          "",
          "Braided",
          "",
          ""
        ],
        [
          "",
          "",
          "Suture Material",
          "",
          "",
          "",
          "Polyglactin",
          "",
          ""
        ],
        [
          "",
          "",
          "Suture Length (cm)",
          "",
          "",
          "",
          "90",
          "",
          ""
        ],
        [
          "",
          "",
          "Suture Size",
          "",
          "",
          "",
          "1",
          "",
          ""
        ],
        [
          "",
          "",
          "Needle",
          "",
          "",
          "",
          "With",
          "",
          ""
        ],
        [
          "",
          "",
          "Sterilised",
          "",
          "",
          "",
          "Yes",
          "",
          ""
        ],
        [
          "",
          "",
          "Shelf Life (in years)",
          "",
          "",
          "",
          "5",
          "",
          ""
        ],
        [
          "",
          "",
          "Provision for recalling products",
          "",
          "",
          "",
          "Yes",
          "",
          ""
        ],
        [
          "Needle Parameters",
          "",
          "Type of Needles",
          "",
          "",
          "",
          "Round bodied",
          "",
          ""
        ],
        [
          "",
          "",
          "Needle Length (mm)",
          "",
          "",
          "",
          "40",
          "",
          ""
        ],
        [
          "",
          "",
          "Needle Curvature",
          "",
          "",
          "",
          "1/2 circle",
          "",
          ""
        ],
        [
          "Packing Parameters",
          "",
          "Number of strands in a suture foil( option 2,4 and 10 for cardiac suture)",
          "",
          "",
          "",
          "1",
          "",
          ""
        ],
        [
          "",
          "",
          "Number of suture foils in box",
          "",
          "",
          "",
          "12",
          "",
          ""
        ],
        [
          "",
          "",
          "Packing as per specification and provision of Drug & cosmetic act.",
          "",
          "",
          "",
          "Yes",
          "",
          ""
        ],
        [
          "",
          "",
          "All supplies shall have a remaining self life of at least five by six (5/6) of the stipulated shelf life at the time of\ndelievery",
          "",
          "",
          "",
          "Yes",
          "",
          ""
        ],
        [
          "Certification & Reports",
          "",
          "Availability of valid drug licence",
          "",
          "",
          "",
          "Yes",
          "",
          ""
        ],
        [
          "",
          "",
          "Drug license No and Date",
          "",
          "",
          "",
          "DL-566-SBW/5672-SW.DT-06/10/2010",
          "",
          ""
        ],
        [
          "",
          "",
          "Availablitiy of Latest non conviction certificate issued by concerned Drug authorities",
          "",
          "",
          "",
          "Yes",
          "",
          ""
        ],
        [
          "",
          "",
          "Availability of Certificate for Manufacturing such as GMP under revised scheduled 'M' of drugs and cosmetics\nact 1940 or WHO GMP or COPP for imports",
          "",
          "",
          "",
          "Yes",
          "",
          ""
        ],
        [
          "",
          "",
          "Details of above Mentioned Certificate such as Type of certificate, Number , date and validity",
          "",
          "",
          "",
          "GMP-S-GMP/1807932 DT-16/07/2018 TO\n2020",
          "",
          ""
        ],
        [
          "",
          "",
          "Availability of any other certification such as CE/FDA/CSA/PQS /ISO etc",
          "",
          "",
          "",
          "Yes",
          "",
          ""
        ],
        [
          "",
          "",
          "Details of above Mentioned Certificate such as Type of certificate, Number ,date and validity if Yes Otherwise\nput NA",
          "",
          "",
          "",
          "CE NO-178173-2015-CE-IND 0.0 DT-\n04/08/2015 TO 2020",
          "",
          ""
        ],
        [
          "",
          "",
          "Copies of batch in house Test report to be forwarded with each supply",
          "",
          "",
          "",
          "Yes",
          "",
          ""
        ],
        [
          "(cid:33)(cid:33) (cid:144)(cid:144) ||NNoottee:::: Seller has given an undertaking that it has made arrangements for getting the stores from an authorized distributor / dealer / channel partner of the OEM of the\noffered product. At the time of delivery of goods, Seller will provide necessary chain documents (in the form of GST Invoice) to prove that the supplied goods are genuine and are\nbeing sourced from an authorized distributor / dealer / channel partner of the OEM. In case of any complaint about genuineness of the supplied products, Seller shall be\nresponsible for providing genuine replacement supplies.",
          "",
          "",
          "",
          "",
          "",
          "",
          "",
          ""
        ],
        [
          "NNAA",
          "",
          "",
          "",
          "",
          "",
          "",
          "",
          ""
        ],
        [
          "(cid:33)(cid:33) (cid:145)|(cid:145)|TTeerrmmss aanndd CCoonnddiittiioonnss\n11.. SSppeecciiaall tteerrmmss aanndd ccoonnddiittiioonnss-- VVeerrssiioonn::11 eeffffeeccttiivvee ffrroomm 0044--0055--22002200\n11..11SSppeecciiaall TTeerrmmss aanndd CCoonnddiittiioonnss ffoorr MMeeddiiccaall DDeevviicceess aanndd CCoonnssuummaabblleess ccoovveerreedd uunnddeerr PPrroovviissiioonnss ooff DDrruugg aanndd CCoossmmeettiicc AAcctt\n11..11..11FFoorr iitteemmss wwhheerreevveerr DDrruugg LLiicceennccee rreeqquuiirreemmeennttss aarree aapppplliiccaabbllee aallll pprroovviissiioonnss ooff DDrruugg aanndd CCoossmmeettiicc AAcctt 11994400 aass aammeennddeedd uupp ttoo ddaattee aanndd RRuulleess mmaaddee tthheerree uunnddeerr wwiillll bbee\naapppplliiccaabbllee iinn aaddddiittiioonn ttoo aannyy ootthheerr tteerrmmss aanndd ccoonnddiittiioonnss ssppeecciiffiieedd iinn tthhee PPoorrttaall..",
          "",
          "",
          "",
          "",
          "",
          "",
          "",
          ""
        ]
      ]
    },
    {
      "page": 3,
      "table_number": 1,
      "data": [
        [
          "11..11..22DDrruugg LLiicceennssee:: FFoorr iinnddiiggeennoouuss pprroodduuccttss ooffffeerreedd iinn tthhee mmaarrkkeett,, MMaannuuffaaccttuurreerr sshhoouulldd hhaavvee vvaalliidd DDrruugg LLiicceennssee aass ppeerr DDrruuggss aanndd CCoossmmeettiicc AAcctt 11994400 iissssuueedd bbyy ccoonncceerrnneedd SSttaattee\nDDrruugg CCoonnttrrooll aauutthhoorriittiieess ..TThhee SSeelllleerr iiff ddiiffffeerreenntt ffrroomm tthhee mmaannuuffaaccttuurreerr sshhaallll aallssoo bbee rreeqquuiirreedd ttoo bbee hhoollddiinngg DDrruugg LLiicceennssee ffoorr ssaallee .. IInn ccaassee ooff iimmppoorrtteedd pprroodduuccttss\nMMaannuuffaaccttuurreerr sshhaallll bbee rreeggiisstteerreedd uunnddeerr FFoorrmm nnoo 1100 wwiitthh CCeennttrraall DDrruugg AAuutthhoorriittiieess (( CCDDSSCCOO)) aanndd tthhee SSeelllleerr ooffffeerriinngg iimmppoorrtteedd pprroodduuccttss sshhoouulldd bbee aallssoo hhoollddiinngg vvaalliidd SSaalleess\nLLiicceennssee iissssuueedd bbyy tthhee llooccaall ddrruugg aauutthhoorriittiieess.. FFoorr iimmppoorrtteedd pprroodduuccttss,, cceerrttiiffiiccaattee ffrroomm tthhee OOEEMM tthhaatt pprroodduucctt iiss bbeeiinngg uusseedd iinn tthhee CCoouunnttrryy ooff OOrriiggiinn sshhoouulldd bbee aavvaaiillaabbllee wwiitthh\ntthhee SSeelllleerr.. IItt sshhaallll bbee tthhee rreessppoonnssiibbiilliittyy ooff tthhee SSeelllleerr ttoo eennssuurree tthhaatt tthhaatt tthhee DDrruugg LLiicceennssee iiss vvaalliidd ffoorr tthhee pprroodduucctt ooffffeerreedd aanndd dduuee ttoo aannyy rreeaassoonn tthhee ddrruugg ccoonnttrrooll aauutthhoorriittiieess\nhhaavvee ccaanncceelllleedd oorr ssuussppeennddeedd DDrruugg LLiicceennssee oorr ccoonnvviicctteedd tthhee mmaannuuffaaccttuurreerr oorr SSeelllleerr ffoorr aannyy ooffffeennccee uunnddeerr tthhee pprroovviissiioonnss ooff DDrruugg aanndd CCoossmmeettiicc AAcctt,, SSeelllleerr sshhoouulldd\niimmmmeeddiiaatteellyy wwiitthhddrraaww tthhee pprroodduucctt aanndd aallssoo iinnttiimmaattee tthhee BBuuyyeerrss iinn ccaassee ooff ppeennddiinngg oorrddeerrss ffoorr ssuupppplliieess aass wweellll aass tthhee GGeeMM aaddmmiinniissttrraattiioonn rreeggaarrddiinngg tthhee mmaatttteerr..\n11..11..33MMaannuuffaaccttuurriinngg && MMaarrkkeettiinngg EExxppeerriieennccee:: SSeelllleerrss ooffffeerriinngg tthhee PPrroodduuccttss iinn tthhee PPoorrttaall eeiitthheerr aass MMaannuuffaaccttuurreerrss oorr aass AAuutthhoorriisseedd SSeelllleerr sshhaallll eennssuurree tthhaatt tthhee PPrroodduuccttss ooffffeerreedd aarree\nbbeeiinngg MMaannuuffaaccttuurreedd aanndd MMaarrkkeetteedd iinn tthhee ccoouunnttrryy ((ffoorr IInnddiiggeennoouuss PPrroodduuccttss)) aanndd MMaarrkkeetteedd ((ffoorr IImmppoorrtteedd PPrroodduuccttss)) ccoonnttiinnuuoouussllyy aatt lleeaasstt ffoorr tthhee llaasstt 22 yyeeaarrss\n11..11..44CCeerrttiiffiiccaattiioonnss:: MMaannuuffaaccttuurreerrss ooff ooffffeerreedd pprroodduucctt ((OOffffeerreedd bbyy MMaannuuffaaccttuurreerrss oorr bbyy AAuutthhoorriizzeedd SSeelllleerr )) sshhoouulldd bbee hhoollddiinngg vvaalliidd GGoooodd MMaannuuffaaccttuurriinngg PPrraaccttiicceess CCeerrttiiffiiccaattee\n((GGMMPP)) aass ppeerr rreevviisseedd SScchheedduullee--MM ooff DDrruugg aanndd CCoossmmeettiicc AAcctt 11994400 aass aammeennddeedd uupp ttoo ddaattee oorr WWHHOO--GGMMPP aass ppeerr nnoorrmmss aammeennddeedd uupp ttoo ddaattee iissssuueedd bbyy tthhee LLiicceennssiinngg AAuutthhoorriittyy\noorr cceerrttiiffiiccaattee wwhhiicchh iiss aatt ppaarr wwiitthh WWHHOO--GGMMPP iissssuueedd bbyy tthhee aauutthhoorriittiieess ooff eexxppoorrttiinngg ccoouunnttrriieess // CCOOPPPP cceerrttiiffiiccaattee ..\n11..11..55NNoonn CCoonnvviiccttiioonn CCeerrttiiffiiccaattee:: SSeelllleerrss eeiitthheerr MMaannuuffaaccttuurreerrss oorr AAuutthhoorriizzeedd SSeelllleerrss aarree rreeqquuiirreedd ttoo eennssuurree tthhaatt tthheeyy aarree nnoott uunnddeerr ccoonnvviiccttiioonn iinn tteerrmmss ooff tthhee pprroovviissiioonnss ooff DDrruuggss\n&& CCoossmmeettiicc AAcctt aanndd aannyy ootthheerr llaaww aapppplliiccaabbllee iinn rreellaattiioonn ttoo tthhee ssaammee .. IInn ccaassee aatt aannyy ppooiinntt ooff ttiimmee,, tthhee MMaannuuffaaccttuurreerr oorr AAuutthhoorriizzeedd SSeelllleerr iiss ccoonnvviicctteedd uunnddeerr pprroovviissiioonnss ooff\nDDrruugg aanndd CCoossmmeettiicc AAcctt,, iitt sshhaallll bbee tthheeiirr rreessppoonnssiibbiilliittyy ttoo wwiitthhddrraaww tthhee pprroodduucctt iimmmmeeddiiaatteellyy ffrroomm tthhee mmaarrkkeett..\n11..11..66BBaannnniinngg aanndd BBllaacckklliissttiinngg:: SSeelllleerr eeiitthheerr MMaannuuffaaccttuurreerr oorr AAuutthhoorriizzeedd SSeelllleerr sshhaallll eennssuurree tthhaatt tthheerree iiss nnoo bbaannnniinngg oorr bbllaacckk lliissttiinngg aapppplliiccaabbllee aaggaaiinnsstt tthheemm ffoorr tthhee pprroodduucctt\nooffffeerreedd oonn tthhee ppoorrttaall dduuee ttoo qquuaalliittyy ffaaiilluurree aanndd //oorr ffrraauudduulleenntt//iilllleeggaall pprraaccttiicceess oorr ffoorr aannyy ootthheerr rreeaassoonnss\n11..11..77IItt sshhaallll bbee tthhee rreessppoonnssiibbiilliittyy ooff tthhee SSeelllleerr eeiitthheerr MMaannuuffaaccttuurreerr oorr AAuutthhoorriizzeedd SSeelllleerr ttoo eennssuurree tthhaatt mmaannuuffaaccttuurreerr iiss hhaavviinngg oowwnn iinn--hhoouussee tteessttiinngg llaabb ttoo ccaarrrryy oouutt aallll tthhee\nrreeqquuiirreedd tteessttss aass ppeerr ssppeecciiffiiccaattiioonn aanndd pprroovviissiioonnss ooff ddrruugg aacctt aass aammeennddeedd uupp ttoo ddaattee ffoorr tthhee qquuootteedd pprroodduucctt aanndd sshhaallll aallssoo ffoorrwwaarrdd tthhee ccooppiieess ooff tthhee iinn--hhoouussee tteesstt rreeppoorrttss\nffoorr eeaacchh bbaattcchh aalloonngg wwiitthh tthhee ssuupppplliieess.. FFoorr iimmppoorrtteedd pprroodduuccttss ,, cceerrttiiffiiccaattee ffrroomm OOEEMM rreeggaarrddiinngg aavvaaiillaabbiilliittyy ooff aallll tteesstt ffaacciilliittiieess iinn hhoouussee wwiitthh tthheemm sshhoouulldd bbee aavvaaiillaabbllee wwiitthh\nSSeelllleerr ..\n11..11..88EEaacchh lloott ooff ssuupppplliieess sshhaallll bbee ddiissppaattcchheedd uunnddeerr SSeellff CCeerrttiiffiiccaattiioonn sscchheemmee dduullyy ssuuppppoorrtteedd bbyy iinn hhoouussee tteesstt rreeppoorrttss.. CCoonnssiiggnneeeess sshhaallll bbee aatt lliibbeerrttyy ttoo ddrraaww ccoonnttrrooll SSaammpplleess aanndd\nsseenndd iitt ttoo aapppprroovveedd LLaabboorraattoorriieess ffoorr tteessttiinngg aanndd iinn ccaassee ooff aannyy ffaaiilluurree ,, eennttiirree rreessppoonnssiibbiilliittyy sshhaallll rreesstt wwiitthh SSeelllleerr iinn aaddddiittiioonn ttoo aannyy ppeennaallttiieess uunnddeerr tthhee pprroovviissiioonnss ooff DDrruugg AAcctt\niinncclluuddiinngg rreemmoovvaall ooff GGooooddss ffrroomm tthhee CCoonnssiiggnneeee ppllaaccee.. ..FFuurrtthheerr aaddmmiinniissttrraattiivvee aaccttiioonnss aass ppeerr tteerrmmss aanndd ccoonnddiittiioonnss GGeemm PPoorrttaall sshhaallll aallssoo bbee aapppplliiccaabbllee..\n11..11..99PPaacckkiinngg sshhaallll bbee aass ppeerr rreelleevvaanntt ccllaauussee ooff SSttaannddaarrdd SSppeecciiffiiccaattiioonnss aapppplliiccaabbllee aass iinnddiiccaatteedd iinn tthhee CCaattaalloogguuee PPaarraammeetteerrss iinnddiiccaatteedd iinn tthhee PPoorrttaall aanndd aass ppeerr pprroovviissiioonnss ooff DDrruugg &&\nCCoossmmeettiicc AAcctt aass aammeennddeedd uupp ttoo ddaattee..\n11..11..1100MMaarrkkiinngg:: EEaacchh PPrriimmaarryy PPaacckkiinngg sshhaallll bbee mmaarrkkeedd aass uunnddeerr::--\n11..11..1100..11NNoommeennccllaattuurree ooff tthhee ssttoorreess\n11..11..1100..22MMaannuuffaaccttuurreerrss NNaammee,, AAddddrreessss,, DDrruugg LLiicceennssee NNoo..\n11..11..1100..33MMoonntthh ooff mmaannuuffaaccttuurriinngg,, EExxppiirryy,, BBaattcchh NNoo aanndd lloott NNoo ((iiff aapppplliiccaabbllee))\n11..11..1100..44AAnnyy ootthheerr ppaarrttiiccuullaarrss rreeqquuiirreedd uunnddeerr DDrruugg aanndd CCoossmmeettiicc AAcctt 11994400 aammeennddeedd uupp ttoo ddaattee iiff iitteemm iiss ggoovveerrnneedd uunnddeerr ddrruugg aanndd ccoossmmeettiicc aacctt\n11..11..1100..55QQuuaannttiittyy ccoonnttaaiinneedd tthheerreeiinn\n11..11..1100..66MMaannuuffaaccttuurreerrss NNaammee oorr TTrraaddee MMaarrkk\n11..11..1100..77GGoovveerrnnmmeenntt SSuuppppllyy -- \"\"\"\"NNoott FFoorr SSaallee\n11..11..1100..88SSeeccoonnddaarryy PPaacckkiinngg CCaarrttoonnss sshhaallll bbee mmaarrkkeedd wwiitthh MMaannuuffaaccttuurreerrss NNaammee,, BBaattcchh nnoo aanndd MMoonntthh ooff MMaannuuffaaccttuurree aanndd UUssee BBeeffoorree..\n22.. GGeenneerraall TTeerrmmss aanndd CCoonnddiittiioonnss--\n22..11TThhiiss ccoonnttrraacctt iiss ggoovveerrnneedd bbyy tthhee GGeenneerraall TTeerrmmss aanndd CCoonnddiittiioonnss,, ccoonnddiittiioonnss ssttiippuullaatteedd ttoo tthhiiss PPrroodduucctt//SSeerrvviiccee aass pprroovviiddeedd iinn tthhee MMaarrkkeettppllaaccee..\n22..22TThhiiss CCoonnttrraacctt bbeettwweeeenn tthhee SSeelllleerr aanndd tthhee BBuuyyeerr,, iiss ffoorr tthhee ssuuppppllyy ooff tthhee GGooooddss aanndd// oorr SSeerrvviicceess,, ddeettaaiilleedd iinn tthhee sscchheedduullee aabboovvee,, iinn aaccccoorrddaannccee wwiitthh tthhee GGeenneerraall TTeerrmmss aanndd\nCCoonnddiittiioonnss ((GGTTCC)) uunnlleessss ootthheerrwwiissee ssuuppeerrsseeddeedd bbyy GGooooddss // SSeerrvviicceess ssppeecciiffiicc SSppeecciiaall TTeerrmmss aanndd CCoonnddiittiioonnss ((SSTTCC)) aanndd// oorr BBIIDD//RReevveerrssee AAuuccttiioonn AAddddiittiioonnaall TTeerrmmss aanndd CCoonnddiittiioonnss\n((AATTCC)),, aass aapppplliiccaabbllee\n22..33AAllll GGeeMM SSeelllleerrss // SSeerrvviiccee PPrroovviiddeerrss aarree mmaannddaatteedd ttoo eennssuurree ccoommpplliiaannccee wwiitthh aallll tthhee aapppplliiccaabbllee llaawwss // aaccttss // rruulleess iinncclluuddiinngg bbuutt nnoott lliimmiitteedd ttoo aallll LLaabboouurr LLaawwss ssuucchh aass TThhee\nMMiinniimmuumm WWaaggeess AAcctt,, 11994488,, TThhee PPaayymmeenntt ooff WWaaggeess AAcctt,, 11993366,, TThhee PPaayymmeenntt ooff BBoonnuuss AAcctt,, 11996655,, TThhee EEqquuaall RReemmuunneerraattiioonn AAcctt,, 11997766,, TThhee PPaayymmeenntt ooff GGrraattuuiittyy AAcctt,, 11997722 eettcc.. AAnnyy\nnnoonn--ccoommpplliiaannccee wwiillll bbee ttrreeaatteedd aass bbrreeaacchh ooff ccoonnttrraacctt aanndd BBuuyyeerr mmaayy ttaakkee ssuuiittaabbllee aaccttiioonnss aass ppeerr GGeeMM CCoonnttrraacctt.."
        ],
        [
          "NNoottee:: Sellers are required to raise invoices online as per the contract terms on GeM portal. Timely invoice submission is mandatory for compliances, smooth payment processing,\nand will also contribute to improving their ratings."
        ],
        [
          "Note: This is system generated file. No signature is required. Print out of this document is not valid for payment/ transaction purpose."
        ]
      ]
    }
  ],
  "table_count": 3,
  "total_pages": 3
}