{
  "source_file": "GEMC-511687790907931.pdf",
  "extraction_date": "2026-01-15T00:35:25.963493",
  "extraction_method": "pdfplumber",
  "metadata": {
    "Title": "Contract",
    "Creator": "wkhtmltopdf 0.12.4",
    "Producer": "Qt 4.8.7",
    "CreationDate": "D:20260108151027+05'30'"
  },
  "text_content": "(cid:16)(cid:16) ||CCoonnttrraacctt NNoo:: GEMC-511687790907931\n(cid:34)(cid:34) (cid:34)(cid:34) ||GGeenneerraatteedd DDaattee :: 08-Jan-2026\n// // (cid:51) (cid:51) ||BBiidd//RRAA//PPBBPP NNoo..:: GEM/2025/B/6511397\n||SScchheedduullee NNaammee::Schedule 2\n(cid:34)(cid:34) ||OOrrggaanniissaattiioonn DDeettaaiillss (cid:34)(cid:34) ||BBuuyyeerr DDeettaaiillss\n(cid:73)(cid:74) |Type : Central Government |Designation : oic\n(cid:79) |Ministry : Ministry of Health and Family Welfare (cid:85) |Contact No. : 011-26730512-0512\n(cid:34) |Department : Department of Health and Family Welfare |Email ID : procuresurgical@vmmc-sjh.nic.in\n|Organisation NameCentral Health Service Ministry of Health and Family (cid:99) |GSTIN : -\n: Welfare OFFICE OF THE MEDICAL SUPERINTENDENT SAFDARJUNG\n(cid:85) (cid:86) (cid:79)|Office Zone: Safdarjung Hospital |Address : HOSPITAL NEW DELHI-110029,\nNEW DELHI, DELHI-110029, India\n(cid:34)(cid:34) (cid:103)(cid:103) (cid:104)(cid:104) (cid:34)(cid:34) (cid:34)(cid:34) ||FFiinnaanncciiaall AApppprroovvaall DDeettaaiill (cid:73)(cid:73) (cid:34)(cid:34) (cid:34)(cid:34) ||PPaayyiinngg AAuutthhoorriittyy DDeettaaiillss\n(cid:34) |IFD Concurrence : Yes Role: DDO\nDIRECTOR PFMSOffline\nDesignation of Administrative Approval: Payment Mode:\n(cid:34) (cid:103) | |Designation : ACCOUNTS OFFICER\nDIRECTOR\nDesignation of Financial Approval : |Email ID : sanjaykathuria@vmmc-sjh.nic.in\nOFFICE OF THE MEDICAL SUPERINTENDENT SAFDARJUNG\n|Address: HOSPITAL NEW DELHI-110029,\nNEW DELHI, DELHI-110029, India\n(cid:34)(cid:34) (cid:16)(cid:16) (cid:34)(cid:34) ||SSeelllleerr DDeettaaiillss\n(cid:34) (cid:16) |GeM Seller ID : A09D180000104865\n|Company Name : SEA SILVER HEALTHCARE PRIVATE LIMITED\n(cid:85) |Contact No. : 09990241466\n|Email ID : seasilverudit@gmail.com\nSPACE NO-209,2ND FLOOR,PLOT NO C-17,,COMMUNITY CENTRE CITIZENS PARAMOUNT TOWER,,JANAKPURI,,\n| Address :\nNEW DELHI, DELHI-110058, -\n(cid:51) |MSME Registration number : UDYAM-DL-11-0005894\n(cid:99) |GSTIN: 07AANCS2934F1Z8 (R)\n(cid:117) (cid:118) (cid:34) (cid:34)(cid:119)(cid:34) | MII Status as\nVerified\nevaluated by buyer :\n(cid:117) (cid:120) (cid:34) (cid:34)(cid:119)(cid:34) |MSME Status as\nNot Verified\nverified by buyer :\n(cid:34) (cid:121) |MSE Social Category : General\n(cid:34) (cid:121) |MSE Gender : Male\n*(cid:34) (cid:86) (cid:123) GST/TAX (cid:34) |GST / Tax invoice to be raised in the name of - Buyer\n(cid:34) (cid:34) (cid:128) | Delivery Instructions : NA\n(cid:120)(cid:120) (cid:34)(cid:34) ||PPrroodduucctt DDeettaaiillss\n(cid:118) (cid:118)\n((IINNRR (cid:123) (cid:123)\n## (cid:34)(cid:34) ||IItteemm DDeessccrriippttiioonn\nOOrrddeerreedd UUnniitt UUnniitt PPrriiccee TTaaxx BBiiffuurrccaattiioonn ((IINNRR)) PPrriiccee\nQQuuaannttiittyy ((IINNRR)) ((IInncclluussiivvee ooff\naallll DDuuttiieess aanndd\nTTaaxxeess iinn IINNRR))\n(cid:120)(cid:120) ||PPrroodduucctt NNaammee :: DURACARE Non-Absorbable Suture Polypropylene\n(cid:133)(cid:133) ||BBrraanndd :: DURACARE\n(cid:133)(cid:133) (cid:73)(cid:73) ||BBrraanndd TTyyppee :: Registered Brand\n(cid:135)(cid:135) (cid:34)(cid:34)(cid:119)(cid:119)(cid:34)(cid:34) ||CCaattaalloogguuee SSttaattuuss:: OEM verified catalogue\n1 1,890 pieces 51.38 NA 97,108.2\n| |SSeelllliinngg AAss :: OEM verified Reseller\n(cid:121)(cid:121) (cid:136) (cid:136) ||CCaatteeggoorryy NNaammee && QQuuaaddrraanntt :: Sutures (V3) (Q2)\n||MMooddeell:: FS 8982\n||HHSSNN CCooddee:: HSN not specified by seller\n(cid:85) (cid:118) |Total Order Value (in INR) 9977,,110088..22\n(cid:34) (cid:34) (cid:34)(cid:34) ||CCoonnssiiggnneeee DDeettaaiill\n(cid:16)(cid:16).. . .||SS..NNoo (cid:34) (cid:34) ||CCoonnssiiggnneeee (cid:104)(cid:104) | |IItteemm LLoott NNoo.. (cid:79)(cid:79) ||QQuuaannttiittyy | | BBee\nDDeelliivveerryy SSttaarrtt CCoommpplleetteedd\nAAfftteerr BByy\n| Designation : - 1 690 13-Jan-2026 09-Mar-2026\n|Email ID : storessurgcons@vmmc-sjh.nic.in\n2 600 14-Mar-2026 08-May-2026\n(cid:85)|Contact : 011-26707668-0668 DURACARE Non-\n1 (cid:99) |GSTIN : - Absorbable Suture\n|Address : OFFICE OF THE MEDICAL SUPERINTENDENT Polypropylene\n3 600 13-May-2026 07-Jul-2026\nSAFDARJUNG HOSPITAL NEW DELHI-110029,\nNEW DELHI, DELHI-110029, India\nPPrroodduucctt SSppeecciiffiiccaattiioonn ffoorr DDUURRAACCAARREE NNoonn--AAbbssoorrbbaabbllee SSuuttuurree PPoollyypprrooppyylleennee\n(cid:34)(cid:34) (cid:34)(cid:34) (cid:128)(cid:128) ||SSppeecciifificcaattiioonn --(cid:34)(cid:34) (cid:34)(cid:34) (cid:128)(cid:128) ||SSuubb--SSppeecc (cid:118) (cid:118) ||VVaalluuee\nProduct Description Suture\nSutures are threads or strands used to stitch tissues together after\nGENERAL Purpose surgery or injury. They are a crucial part of wound closure, helping to\npromote healing and reduce the risk of infection\nSterility Sterile\nType of Suture Non-Absorbable\nColor of Suture Dyed\nSuture Material (Medical Grade) Polypropylene\nConstruction Mono-filament\nAntibacterial Coated No\nSuture Size 2-0\nPRODUCT\nINFORMATION\nSuture Length ( 2cm) 70 cm\nNeedle Single Arm Needle\nType of Needle Reverse Cutting\nNeedle Length ( 0.5mm) 45 mm\nNeedle Shape (Curvature) 3/8 circle\nPledgets No\nPACKING Number of strands in a suture foil 1\nCompliance to Medical Device Rules (MDR) 2017 as amended till date Yes\nAvailability of valid medical device license for the product issued from the\ncompetent authority defined under Drugs and Cosmetic Act 1940 and Rules Yes\nmade there under as amended till date\nValid Medical Device License Number MFG/MD/2020/000200\nCERTIFICATIONS\nManufacturer Certification ISO:13485 (Latest)\nAvailability of Test Report for each supplied batch/product as per Medical\nYes\nDevice Rules (MDR) 2017 as amended till date\nSubmission of all necessary certifications, licenses and test reports to the\nbuyer at the time of bid submission and/or along with supplies as per buyer Yes\nrequirement\nShelf life in months from the date of manufacture 60 month\nSHELF LIFE\nMinimum shelf life of the product at the time of delivery to the consignee 3/4 th of Total Shelf Life\nAgree to provide advance sample of the product for buyer's approval after\nADVANCE SAMPLE award of contract and before commencement of supply in case of bidding Yes\nonly\nADDITIONAL\nAdditional Requirement NA\nREQUIREMENTS\n(cid:34)(cid:34) (cid:34)(cid:34) (cid:34)(cid:34) (cid:34)(cid:34) (cid:146)(cid:146) (cid:34)(cid:34) (cid:34)(cid:34) (cid:147)(cid:147) (cid:34)(cid:34) ||BBuuyyeerr DDeeffiinneedd AAddddiittiioonnaall SSppeecciiffiiccaattiioonn ffoorr DDUURRAACCAARREE NNoonn--AAbbssoorrbbaabbllee SSuuttuurree PPoollyypprrooppyylleennee\n(cid:34)(cid:34) (cid:34)(cid:34) (cid:128)(cid:128) ||SSppeecciifificcaattiioonn (cid:118) (cid:118) ||VVaalluuee\nSpecification Polypropylene Monofilament 3/8 circle REVERSE CUTTING 45 mm 2 - 0 70cm\nFirm have to submit sample mentioning the schedule number in medical store dept. before closing of Bid and the receiving of sample from the diary\nSample\nclerk should be uploaded in bid document along with relevant documents\n(cid:135)(cid:135)-- (cid:34)(cid:34) (cid:34)(cid:34)(cid:148)(cid:148) (cid:149)(cid:149)(cid:147)(cid:147) ||TTeecchhnnoo--CCoommmmeerrcciiaall CCllaarriifificcaattiioonn :: Click here to download\n(cid:34) (cid:34)(cid:150)(cid:150) (cid:79)(cid:79)||CCoorrrriiggeenndduumm\n1. ||EExxtteennddeedd UUppttoo :: 2025-08-25 13:00:00\n2. ||EExxtteennddeedd UUppttoo :: 2025-08-27 13:00:00\n(cid:155) (cid:155) || AAddvviissoorryy BBaannkk :: Bank Of Baroda\n(cid:73)(cid:73)(cid:34)(cid:34) ((%%)) || eePPBBGG PPeerrcceennttaaggee((%%)):: 1.00\n(cid:34)(cid:34) (cid:156)(cid:156) (cid:157)(cid:157) (cid:73)(cid:73)(cid:104)(cid:104) ||TThhee bbiiddddeerr sshhaallll ffuurrnniisshh eePPBBGG aass aapppplliiccaabbllee aass ppeerr bbiidd''ss tteerrmmss aanndd ccoonnddiittiioonnss\n(cid:34)(cid:34) (cid:152)|(cid:152)|TTeerrmmss aanndd CCoonnddiittiioonnss\n11.. SSppeecciiaall tteerrmmss aanndd ccoonnddiittiioonnss-- VVeerrssiioonn::22 eeffffeeccttiivvee ffrroomm 1100--0077--22002244\n11..11 11.. AAllll PPrroovviissiioonnss ooff DDrruuggss aanndd CCoossmmeettiiccss AAcctt,, 11994400 aanndd RRuulleess ((iinncclluuddiinngg MMeeddiiccaall DDeevviiccee RRuullee 22001177)) mmaaddee tthheerree uunnddeerr aass aammeennddeedd ttiillll ddaattee wwiillll aallwwaayyss bbee aapppplliiccaabbllee.. TThhiiss\nwwiillll iinncclluuddee aallll nnoottiiffiiccaattiioonnss iissssuueedd bbyy CCeennttrraall DDrruuggss SSttaannddaarrdd CCoonnttrrooll OOrrggaanniizzaattiioonn ((CCDDSSCCOO)),, MMiinniissttrryy ooff HHeeaalltthh && FFaammiillyy WWeellffaarree ((MMooHHFFWW)) aanndd DDeeppaarrttmmeenntt ooff\nPPhhaarrmmaacceeuuttiiccaallss ((DDOOPP)),, MMiinniissttrryy ooff CChheemmiiccaallss && FFeerrttiilliizzeerrss ttiimmee ttoo ttiimmee iinn tthhiiss rreeggaarrdd..\n22.. TThhee sseelllleerrss aarree rreeggiisstteerreedd oonn GGeeMM bbaasseedd oonn sseellff--ddeeccllaarraattiioonn ooff vvaalliidd MMeeddiiccaall DDeevviiccee LLiicceennssee,, pprroodduucctt cceerrttiiffiiccaattiioonn,, tteesstt rreeppoorrttss eettcc.. HHoowweevveerr,, bbuuyyeerrss mmuusstt cchheecckk aanndd\nvvaalliiddaattee tthhee ddeettaaiillss aatt tthheeiirr eenndd ffoorr aallll aapppplliiccaabbllee lliicceennsseess aanndd cceerrttiiffiiccaattiioonnss ee..gg..,, vvaalliiddiittyy aanndd aauutthheennttiicciittyy//ggeennuuiinneenneessss ooff lliicceennssee,, pprroodduucctt cceerrttiiffiiccaattiioonn,, mmaannuuffaaccttuurreerr\ncceerrttiiffiiccaattiioonn//lliicceennsseess,, tteesstt rreeppoorrttss eettcc..\n33.. IInn ccaassee ooff aauutthhoorriizzeedd rreesseelllleerrss//ddiissttrriibbuuttoorrss,, iitt wwiillll bbee tthhee lleeggaall && rreegguullaattoorryy lliiaabbiilliittyy ooff tthhee mmaannuuffaaccttuurreerr ttoo eennssuurree tthhaatt tthheeiirr rreesseelllleerrss//ddiissttrriibbuuttoorrss aarree ooppeerraattiinngg iinn\nccoommpplliiaannccee wwiitthh aallll rreelleevvaanntt llaawwss aanndd rreegguullaattiioonnss aanndd aarree pprrooppeerrllyy lliicceennsseedd ttoo sseellll tthhee mmaannuuffaaccttuurreerr''ss pprroodduuccttss,, iinncclluuddiinngg vveerriiffyyiinngg tthhee vvaalliiddiittyy aanndd aauutthheennttiicciittyy ooff\nMMeeddiiccaall DDeevviiccee LLiicceennssee lliicceennssee hheelldd bbyy tthheemm..\n44.. TThhee pprriiccee ooffffeerreedd bbyy tthhee sseelllleerr//bbiiddddeerr sshhaallll nnoott,, iinn aannyy ccaassee eexxcceeeedd tthhee DDPPCCOO//NNPPPPAA ccoonnttrroolllleedd pprriiccee oorr pprriiccee ffiixxeedd bbyy SSttaattee GGoovveerrnnmmeenntt,, iiff aannyy.. TThhee sseelllleerr mmuusstt rreedduuccee\ntthhee pprriicceess iiff tthheerree iiss aannyy rreedduuccttiioonn iinn DDPPCCOO//NNPPPPAA cceeiilliinngg pprriiccee oorr pprriiccee ffiixxeedd bbyy SSttaattee GGoovveerrnnmmeenntt,, iiff aannyy..\n55.. AAnnyy ootthheerr TTeerrmmss aanndd CCoonnddiittiioonnss wwhhiicchh iiss nnoott iinncclluuddeedd oorr aatt vvaarriiaannccee wwiitthh tthhee ccoonnddiittiioonnss ssppeecciiffiieedd iinn SSTTCC//GGTTCC,, mmaayy bbee aaddddeedd bbyy tthhee bbuuyyeerr tthhrroouugghh AAddddiittiioonnaall TTeerrmmss\naanndd CCoonnddiittiioonnss ((AATTCC)) iinn tthhee bbiidd ttoo eennssuurree iitteemmss aarree pprrooccuurreedd ffrroomm aauutthheennttiicc//vvaalliiddaatteedd ssoouurrccee wwiitthh aapppprroopprriiaattee aanndd aapppplliiccaabbllee qquuaalliittyy.. TThhee aabboovvee tteerrmmss aanndd\nccoonnddiittiioonnss aarree iinn rreevveerrssee oorrddeerr ooff pprreecceeddeennccee ii..ee.. AATTCC sshhaallll ssuuppeerrsseeddee ssppeecciiffiicc SSTTCC wwhhiicchh sshhaallll ssuuppeerrsseeddee GGeenneerraall TTeerrmmss aanndd CCoonnddiittiioonnss ((GGTTCC)),, wwhheenneevveerr tthheerree aarree\naannyy ccoonnfflliiccttiinngg pprroovviissiioonnss..\n22.. GGeenneerraall TTeerrmmss aanndd CCoonnddiittiioonnss--\n22..11TThhiiss ccoonnttrraacctt iiss ggoovveerrnneedd bbyy tthhee GGeenneerraall TTeerrmmss aanndd CCoonnddiittiioonnss,, ccoonnddiittiioonnss ssttiippuullaatteedd ttoo tthhiiss PPrroodduucctt//SSeerrvviiccee aass pprroovviiddeedd iinn tthhee MMaarrkkeettppllaaccee..\n22..22TThhiiss CCoonnttrraacctt bbeettwweeeenn tthhee SSeelllleerr aanndd tthhee BBuuyyeerr,, iiss ffoorr tthhee ssuuppppllyy ooff tthhee GGooooddss aanndd// oorr SSeerrvviicceess,, ddeettaaiilleedd iinn tthhee sscchheedduullee aabboovvee,, iinn aaccccoorrddaannccee wwiitthh tthhee GGeenneerraall TTeerrmmss aanndd\nCCoonnddiittiioonnss ((GGTTCC)) uunnlleessss ootthheerrwwiissee ssuuppeerrsseeddeedd bbyy GGooooddss // SSeerrvviicceess ssppeecciiffiicc SSppeecciiaall TTeerrmmss aanndd CCoonnddiittiioonnss ((SSTTCC)) aanndd// oorr BBIIDD//RReevveerrssee AAuuccttiioonn AAddddiittiioonnaall TTeerrmmss aanndd CCoonnddiittiioonnss\n((AATTCC)),, aass aapppplliiccaabbllee\n22..33AAllll GGeeMM SSeelllleerrss // SSeerrvviiccee PPrroovviiddeerrss aarree mmaannddaatteedd ttoo eennssuurree ccoommpplliiaannccee wwiitthh aallll tthhee aapppplliiccaabbllee llaawwss // aaccttss // rruulleess iinncclluuddiinngg bbuutt nnoott lliimmiitteedd ttoo aallll LLaabboouurr LLaawwss ssuucchh aass TThhee\nMMiinniimmuumm WWaaggeess AAcctt,, 11994488,, TThhee PPaayymmeenntt ooff WWaaggeess AAcctt,, 11993366,, TThhee PPaayymmeenntt ooff BBoonnuuss AAcctt,, 11996655,, TThhee EEqquuaall RReemmuunneerraattiioonn AAcctt,, 11997766,, TThhee PPaayymmeenntt ooff GGrraattuuiittyy AAcctt,, 11997722 eettcc.. AAnnyy\nnnoonn--ccoommpplliiaannccee wwiillll bbee ttrreeaatteedd aass bbrreeaacchh ooff ccoonnttrraacctt aanndd BBuuyyeerr mmaayy ttaakkee ssuuiittaabbllee aaccttiioonnss aass ppeerr GGeeMM CCoonnttrraacctt..\n33.. BBuuyyeerr AAddddeedd BBiidd SSppeecciiffiicc TTeerrmmss aanndd CCoonnddiittiioonnss--\n33..11AAuutthhoorriisseedd SSeerrvviiccee CCeennttrree wwiitthhiinn tthhee ssttaattee ooff OOddiisshhaa,, aalloonngg wwiitthh aa ddeeddiiccaatteedd ccoonnttaacctt ppeerrssoonn wwiitthh tteelleepphhoonnee nnuummbbeerr ffoorr tteecchhnniiccaall ssoolluuttiioonn iinn aa ffaasstt ttrraacckk bbaassiiss aatt tthhiiss\niinnssttiittuuttiioonn aass aanndd wwhheenn rreeqquuiirreedd bbaassiiss..\n33..22EExxppeerriieennccee CCeerrttiiffiiccaattee ffoorr tthhee ssuuppppllyy ooff tthhee ssaammee ttoo aannyy GGoovvtt// PPSSUU// aannyy rreennoowwnneedd pprriivvaattee oorrggaanniissaattiioonn aalloonngg wwiitthh SSuuppppllyy// PPuurrcchhaassee OOrrddeerr..\n33..33IIff tthhee aaggeennccyy iiss rreeggiisstteerreedd uunnddeerr MMSSMMEE oorr NNSSIICC,, tthheenn EEMMDD eexxeemmppttiioonn cceerrttiiffiiccaattee nneeeeddss ttoo bbee eenncclloosseedd..\n33..44MMaakkee iinn iinnddiiaa ssppeecciiffiicc aauutthhoorriissaattiioonn cceerrttiiffiiccaattee nneeeeddss ttoo bbee eenncclloosseedd..\n33..55 SSccooppee ooff SSuuppppllyy::\nSSccooppee ooff ssuuppppllyy ((BBiidd pprriiccee ttoo iinncclluuddee aallll ccoosstt ccoommppoonneennttss)) :: OOnnllyy ssuuppppllyy ooff GGooooddss\n33..66 TTuurrnnoovveerr::\nBBiiddddeerr TTuurrnn OOvveerr CCrriitteerriiaa:: TThhee mmiinniimmuumm aavveerraaggee aannnnuuaall ffiinnaanncciiaall ttuurrnnoovveerr ooff tthhee bbiiddddeerr dduurriinngg tthhee llaasstt tthhrreeee yyeeaarrss,, eennddiinngg oonn 3311sstt MMaarrcchh ooff tthhee pprreevviioouuss ffiinnaanncciiaall yyeeaarr,, sshhoouulldd\nbbee aass iinnddiiccaatteedd iinn tthhee bbiidd ddooccuummeenntt.. DDooccuummeennttaarryy eevviiddeennccee iinn tthhee ffoorrmm ooff cceerrttiiffiieedd AAuuddiitteedd BBaallaannccee SShheeeettss ooff rreelleevvaanntt ppeerriiooddss oorr aa cceerrttiiffiiccaattee ffrroomm tthhee CChhaarrtteerreedd AAccccoouunnttaanntt //\nCCoosstt AAccccoouunnttaanntt iinnddiiccaattiinngg tthhee ttuurrnnoovveerr ddeettaaiillss ffoorr tthhee rreelleevvaanntt ppeerriioodd sshhaallll bbee uuppllooaaddeedd wwiitthh tthhee bbiidd.. IInn ccaassee tthhee ddaattee ooff ccoonnssttiittuuttiioonn // iinnccoorrppoorraattiioonn ooff tthhee bbiiddddeerr iiss lleessss tthhaann 33\nyyeeaarr oolldd,, tthhee aavveerraaggee ttuurrnnoovveerr iinn rreessppeecctt ooff tthhee ccoommpplleetteedd ffiinnaanncciiaall yyeeaarrss aafftteerr tthhee ddaattee ooff ccoonnssttiittuuttiioonn sshhaallll bbee ttaakkeenn iinnttoo aaccccoouunntt ffoorr tthhiiss ccrriitteerriiaa..\n33..77 TTuurrnnoovveerr::\nOOEEMM TTuurrnn OOvveerr CCrriitteerriiaa:: TThhee mmiinniimmuumm aavveerraaggee aannnnuuaall ffiinnaanncciiaall ttuurrnnoovveerr ooff tthhee OOEEMM ooff tthhee ooffffeerreedd pprroodduucctt dduurriinngg tthhee llaasstt tthhrreeee yyeeaarrss,, eennddiinngg oonn 3311sstt MMaarrcchh ooff tthhee pprreevviioouuss\nffiinnaanncciiaall yyeeaarr,, sshhoouulldd bbee aass iinnddiiccaatteedd iinn tthhee bbiidd ddooccuummeenntt.. DDooccuummeennttaarryy eevviiddeennccee iinn tthhee ffoorrmm ooff cceerrttiiffiieedd AAuuddiitteedd BBaallaannccee SShheeeettss ooff rreelleevvaanntt ppeerriiooddss oorr aa cceerrttiiffiiccaattee ffrroomm tthhee\nCChhaarrtteerreedd AAccccoouunnttaanntt // CCoosstt AAccccoouunnttaanntt iinnddiiccaattiinngg tthhee ttuurrnnoovveerr ddeettaaiillss ffoorr tthhee rreelleevvaanntt ppeerriioodd sshhaallll bbee uuppllooaaddeedd wwiitthh tthhee bbiidd.. IInn ccaassee tthhee ddaattee ooff ccoonnssttiittuuttiioonn // iinnccoorrppoorraattiioonn ooff\ntthhee OOEEMM iiss lleessss tthhaann 33 yyeeaarr oolldd,, tthhee aavveerraaggee ttuurrnnoovveerr iinn rreessppeecctt ooff tthhee ccoommpplleetteedd ffiinnaanncciiaall yyeeaarrss aafftteerr tthhee ddaattee ooff ccoonnssttiittuuttiioonn sshhaallll bbee ttaakkeenn iinnttoo aaccccoouunntt ffoorr tthhiiss ccrriitteerriiaa.. IInn ccaassee\nooff bbuunncchh bbiiddss,, tthhee OOEEMM ooff CCAATTEEGGOORRYY RREELLAATTEEDD TTOO pprriimmaarryy pprroodduucctt hhaavviinngg hhiigghheesstt bbiidd vvaalluuee sshhoouulldd mmeeeett tthhiiss ccrriitteerriioonn..\n33..88 OOEEMM::\nIIMMPPOORRTTEEDD PPRROODDUUCCTTSS:: IInn ccaassee ooff iimmppoorrtteedd pprroodduuccttss,, OOEEMM oorr AAuutthhoorriizzeedd SSeelllleerr ooff OOEEMM sshhoouulldd hhaavvee aa rreeggiisstteerreedd ooffffiiccee iinn IInnddiiaa ttoo pprroovviiddee aafftteerr ssaalleess sseerrvviiccee ssuuppppoorrtt iinn IInnddiiaa.. TThhee\ncceerrttiiffiiccaattee ttoo tthhiiss eeffffeecctt sshhoouulldd bbee ssuubbmmiitttteedd..\n33..99 PPuurrcchhaassee PPrreeffeerreennccee ((CCeennttrree))::\nPPuurrcchhaassee pprreeffeerreennccee ttoo MMiiccrroo aanndd SSmmaallll EEnntteerrpprriisseess ((MMSSEEss)):: PPuurrcchhaassee pprreeffeerreennccee wwiillll bbee ggiivveenn ttoo MMSSEEss aass ddeeffiinneedd iinn PPuubblliicc PPrrooccuurreemmeenntt PPoolliiccyy ffoorr MMiiccrroo aanndd SSmmaallll EEnntteerrpprriisseess\n((MMSSEEss)) OOrrddeerr,, 22001122 ddaatteedd 2233..0033..22001122 iissssuueedd bbyy MMiinniissttrryy ooff MMiiccrroo,, SSmmaallll aanndd MMeeddiiuumm EEnntteerrpprriisseess aanndd iittss ssuubbsseeqquueenntt OOrrddeerrss//NNoottiiffiiccaattiioonnss iissssuueedd bbyy ccoonncceerrnneedd MMiinniissttrryy.. IIff tthhee\nbbiiddddeerr wwaannttss ttoo aavvaaiill tthhee PPuurrcchhaassee pprreeffeerreennccee,, tthhee bbiiddddeerr mmuusstt bbee tthhee mmaannuuffaaccttuurreerr ooff tthhee ooffffeerreedd pprroodduucctt iinn ccaassee ooff bbiidd ffoorr ssuuppppllyy ooff ggooooddss.. TTrraaddeerrss aarree eexxcclluuddeedd ffrroomm tthhee\nppuurrvviieeww ooff PPuubblliicc PPrrooccuurreemmeenntt PPoolliiccyy ffoorr MMiiccrroo aanndd SSmmaallll EEnntteerrpprriisseess.. IInn rreessppeecctt ooff bbiidd ffoorr SSeerrvviicceess,, tthhee bbiiddddeerr mmuusstt bbee tthhee SSeerrvviiccee pprroovviiddeerr ooff tthhee ooffffeerreedd SSeerrvviiccee.. RReelleevvaanntt\nddooccuummeennttaarryy eevviiddeennccee iinn tthhiiss rreeggaarrdd sshhaallll bbee uuppllooaaddeedd aalloonngg wwiitthh tthhee bbiidd iinn rreessppeecctt ooff tthhee ooffffeerreedd pprroodduucctt oorr sseerrvviiccee.. IIff LL--11 iiss nnoott aann MMSSEE aanndd MMSSEE SSeelllleerr ((ss)) hhaass//hhaavvee qquuootteedd\npprriiccee wwiitthhiinn LL--11++ 1155%% ooff mmaarrggiinn ooff ppuurrcchhaassee pprreeffeerreennccee //pprriiccee bbaanndd ddeeffiinneedd iinn rreelleevvaanntt ppoolliiccyy,, ssuucchh SSeelllleerr sshhaallll bbee ggiivveenn ooppppoorrttuunniittyy ttoo mmaattcchh LL--11 pprriiccee aanndd ccoonnttrraacctt wwiillll bbee\naawwaarrddeedd ffoorr ppeerrcceennttaaggee ooff 5500%% ooff ttoottaall vvaalluuee..\n33..1100 PPuurrcchhaassee PPrreeffeerreennccee ((CCeennttrree))::\nPPuurrcchhaassee PPrreeffeerreennccee lliinnkkeedd wwiitthh LLooccaall CCoonntteenntt ((PPPP--LLCC)) PPoolliiccyy::\nTThhee bbiidd ccllaauussee rreeggaarrddiinngg PPrreeffeerreennccee ttoo MMaakkee IInn IInnddiiaa pprroodduuccttss ssttaannddss mmooddiiffiieedd iinn tthhiiss bbiidd aanndd sshhaallll bbee ggoovveerrnneedd bbyy tthhee PPPPLLCC PPoolliiccyy NNoo.. FFPP--2200001133//22//22001177--FFPP--PPNNGG ddaatteedd\n1177..1111..22002200 iissssuueedd bbyy MMooPP&&NNGG aass aammeennddeedd uupp ttoo ddaattee.. AAccccoorrddiinnggllyy,, bbiiddddeerrss wwiitthh LLooccaall CCoonntteenntt lleessss tthhaann oorr eeqquuaall ttoo 2200%% wwiillll bbee ttrreeaatteedd aass NNoonn LLooccaall SSuupppplliieerr .. TThhee pprreessccrriibbeedd\nLLCC sshhaallll bbee aapppplliiccaabbllee oonn tthhee ddaattee ooff BBiidd ooppeenniinngg.. SSaannccttiioonnss oonn tthhee bbiiddddeerrss ffoorr ffaallssee // wwrroonngg ddeeccllaarraattiioonn oorr nnoott ffuullffiilllliinngg tthhee LLooccaall CCoonntteenntt rreeqquuiirreemmeenntt sshhaallll bbee aass ppeerr tthhee PPPPLLCC\nppoolliiccyy.. FFuurrtthheerr ffoolllloowwiinngg aaddddiittiioonnaall pprroovviissiioonnss aarree aaddddeedd iinn tthhee cceerrttiiffiiccaattiioonn aanndd vveerriiffiiccaattiioonn ooff llooccaall ccoonntteenntt pprroovviissiioonn ooff tthhee PPrreeffeerreennccee ttoo MMaakkee iinn IInnddiiaa ccllaauussee::\nii.. IInn ccaassee ooff ffoorreeiiggnn bbiiddddeerr,, cceerrttiiffiiccaattee ffrroomm tthhee ssttaattuuttoorryy aauuddiittoorr oorr ccoosstt aauuddiittoorr ooff tthheeiirr oowwnn ooffffiiccee oorr ssuubbssiiddiiaarryy iinn IInnddiiaa ggiivviinngg tthhee ppeerrcceennttaaggee ooff llooccaall ccoonntteenntt iiss aallssoo\naacccceeppttaabbllee.. IInn ccaassee ooffffiiccee oorr ssuubbssiiddiiaarryy iinn IInnddiiaa ddooeess nnoott eexxiisstt oorr IInnddiiaann ooffffiiccee//ssuubbssiiddiiaarryy iiss nnoott rreeqquuiirreedd ttoo aappppooiinntt ssttaattuuttoorryy aauuddiittoorr oorr ccoosstt aauuddiittoorr,, cceerrttiiffiiccaattee ffrroomm\npprraaccttiicciinngg ccoosstt aaccccoouunnttaanntt oorr pprraaccttiicciinngg cchhaarrtteerreedd aaccccoouunnttaanntt ggiivviinngg tthhee ppeerrcceennttaaggee ooff llooccaall ccoonntteenntt iiss aallssoo aacccceeppttaabbllee..\niiii.. AAlloonngg wwiitthh EEaacchh IInnvvooiiccee:: TThhee llooccaall ccoonntteenntt cceerrttiiffiiccaattee ((iissssuueedd bbyy ssttaattuuttoorryy aauuddiittoorr oonn bbeehhaallff ooff pprrooccuurriinngg ccoommppaannyy)) sshhaallll bbee ssuubbmmiitttteedd aalloonngg wwiitthh eeaacchh iinnvvooiiccee rraaiisseedd..\nHHoowweevveerr,, tthhee %% ooff llooccaall ccoonntteenntt mmaayy vvaarryy wwiitthh eeaacchh iinnvvooiiccee wwhhiillee mmaaiinnttaaiinniinngg tthhee oovveerraallll %% ooff llooccaall ccoonntteenntt ffoorr tthhee ttoottaall wwoorrkk//ppuurrcchhaassee ooff tthhee pprroo--rraattaa llooccaall ccoonntteenntt\nrreeqquuiirreemmeenntt.. IInn ccaassee,, iitt iiss nnoott ssaattiissffiieedd ccuummuullaattiivveellyy iinn tthhee iinnvvooiicceess rraaiisseedd uupp ttoo tthhaatt ssttaaggee,, tthhee ssuupppplliieerr sshhaallll iinnddiiccaattee hhooww tthhee llooccaall ccoonntteenntt rreeqquuiirreemmeenntt wwoouulldd bbee mmeett iinn\ntthhee ssuubbsseeqquueenntt ssttaaggeess..\niiiiii.. TThhee bbiiddddeerr sshhaallll ssuubbmmiitt aann uunnddeerrttaakkiinngg ffrroomm tthhee aauutthhoorriizzeedd ssiiggnnaattoorryy ooff bbiiddddeerr hhaavviinngg tthhee PPoowweerr ooff AAttttoorrnneeyy aalloonngg wwiitthh tthhee bbiidd ssttaattiinngg tthhee bbiiddddeerr mmeeeettss tthhee mmaannddaattoorryy\nmmiinniimmuumm LLCC rreeqquuiirreemmeenntt aanndd ssuucchh uunnddeerrttaakkiinngg sshhaallll bbeeccoommee aa ppaarrtt ooff tthhee ccoonnttrraacctt..\n33..1111 PPuurrcchhaassee PPrreeffeerreennccee ((CCeennttrree))::\nPPuurrcchhaassee PPrreeffeerreennccee lliinnkkeedd wwiitthh LLooccaall CCoonntteenntt ((PPPP--LLCC)) PPoolliiccyy::\nTThhee bbiidd ccllaauussee rreeggaarrddiinngg PPrreeffeerreennccee ttoo MMaakkee IInn IInnddiiaa pprroodduuccttss ssttaannddss mmooddiiffiieedd iinn tthhiiss bbiidd aanndd sshhaallll bbee ggoovveerrnneedd bbyy tthhee PPPPLLCC PPoolliiccyy NNoo.. FFPP--2200001133//22//22001177--FFPP--PPNNGG ddaatteedd\n1177..1111..22002200 iissssuueedd bbyy MMooPP&&NNGG aass aammeennddeedd uupp ttoo ddaattee.. AAccccoorrddiinnggllyy,, bbiiddddeerrss wwiitthh LLooccaall CCoonntteenntt lleessss tthhaann oorr eeqquuaall ttoo 2200%% wwiillll bbee ttrreeaatteedd aass NNoonn LLooccaall SSuupppplliieerr .. TThhee pprreessccrriibbeedd\nLLCC sshhaallll bbee aapppplliiccaabbllee oonn tthhee ddaattee ooff BBiidd ooppeenniinngg.. SSaannccttiioonnss oonn tthhee bbiiddddeerrss ffoorr ffaallssee // wwrroonngg ddeeccllaarraattiioonn oorr nnoott ffuullffiilllliinngg tthhee LLooccaall CCoonntteenntt rreeqquuiirreemmeenntt sshhaallll bbee aass ppeerr tthhee PPPPLLCC\nppoolliiccyy.. FFuurrtthheerr ffoolllloowwiinngg aaddddiittiioonnaall pprroovviissiioonnss aarree aaddddeedd iinn tthhee cceerrttiiffiiccaattiioonn aanndd vveerriiffiiccaattiioonn ooff llooccaall ccoonntteenntt pprroovviissiioonn ooff tthhee PPrreeffeerreennccee ttoo MMaakkee iinn IInnddiiaa ccllaauussee::\nii.. IInn ccaassee ooff ffoorreeiiggnn bbiiddddeerr,, cceerrttiiffiiccaattee ffrroomm tthhee ssttaattuuttoorryy aauuddiittoorr oorr ccoosstt aauuddiittoorr ooff tthheeiirr oowwnn ooffffiiccee oorr ssuubbssiiddiiaarryy iinn IInnddiiaa ggiivviinngg tthhee ppeerrcceennttaaggee ooff llooccaall ccoonntteenntt iiss aallssoo\naacccceeppttaabbllee.. IInn ccaassee ooffffiiccee oorr ssuubbssiiddiiaarryy iinn IInnddiiaa ddooeess nnoott eexxiisstt oorr IInnddiiaann ooffffiiccee//ssuubbssiiddiiaarryy iiss nnoott rreeqquuiirreedd ttoo aappppooiinntt ssttaattuuttoorryy aauuddiittoorr oorr ccoosstt aauuddiittoorr,, cceerrttiiffiiccaattee ffrroomm\npprraaccttiicciinngg ccoosstt aaccccoouunnttaanntt oorr pprraaccttiicciinngg cchhaarrtteerreedd aaccccoouunnttaanntt ggiivviinngg tthhee ppeerrcceennttaaggee ooff llooccaall ccoonntteenntt iiss aallssoo aacccceeppttaabbllee..\niiii.. AAlloonngg wwiitthh EEaacchh IInnvvooiiccee:: TThhee llooccaall ccoonntteenntt cceerrttiiffiiccaattee ((iissssuueedd bbyy ssttaattuuttoorryy aauuddiittoorr oonn bbeehhaallff ooff pprrooccuurriinngg ccoommppaannyy)) sshhaallll bbee ssuubbmmiitttteedd aalloonngg wwiitthh eeaacchh iinnvvooiiccee rraaiisseedd..\nHHoowweevveerr,, tthhee %% ooff llooccaall ccoonntteenntt mmaayy vvaarryy wwiitthh eeaacchh iinnvvooiiccee wwhhiillee mmaaiinnttaaiinniinngg tthhee oovveerraallll %% ooff llooccaall ccoonntteenntt ffoorr tthhee ttoottaall wwoorrkk//ppuurrcchhaassee ooff tthhee pprroo--rraattaa llooccaall ccoonntteenntt\nrreeqquuiirreemmeenntt.. IInn ccaassee,, iitt iiss nnoott ssaattiissffiieedd ccuummuullaattiivveellyy iinn tthhee iinnvvooiicceess rraaiisseedd uupp ttoo tthhaatt ssttaaggee,, tthhee ssuupppplliieerr sshhaallll iinnddiiccaattee hhooww tthhee llooccaall ccoonntteenntt rreeqquuiirreemmeenntt wwoouulldd bbee mmeett iinn\ntthhee ssuubbsseeqquueenntt ssttaaggeess..\niiiiii.. TThhee bbiiddddeerr sshhaallll ssuubbmmiitt aann uunnddeerrttaakkiinngg ffrroomm tthhee aauutthhoorriizzeedd ssiiggnnaattoorryy ooff bbiiddddeerr hhaavviinngg tthhee PPoowweerr ooff AAttttoorrnneeyy aalloonngg wwiitthh tthhee bbiidd ssttaattiinngg tthhee bbiiddddeerr mmeeeettss tthhee mmaannddaattoorryy\nmmiinniimmuumm LLCC rreeqquuiirreemmeenntt aanndd ssuucchh uunnddeerrttaakkiinngg sshhaallll bbeeccoommee aa ppaarrtt ooff tthhee ccoonnttrraacctt..\n33..1122 SSeerrvviiccee && SSuuppppoorrtt::\nEEssccaallaattiioonn MMaattrriixx FFoorr SSeerrvviiccee SSuuppppoorrtt :: BBiiddddeerr//OOEEMM mmuusstt pprroovviiddee EEssccaallaattiioonn MMaattrriixx ooff TTeelleepphhoonnee NNuummbbeerrss ffoorr SSeerrvviiccee SSuuppppoorrtt..\n33..1133 CCeerrttiiffiiccaatteess::\nTThhee bbiiddddeerr iiss rreeqquuiirreedd ttoo uuppllooaadd,, aalloonngg wwiitthh tthhee bbiidd,, aallll rreelleevvaanntt cceerrttiiffiiccaatteess ssuucchh aass BBIISS lliicceennccee,, ttyyppee tteesstt cceerrttiiffiiccaattee,, aapppprroovvaall cceerrttiiffiiccaatteess aanndd ootthheerr cceerrttiiffiiccaatteess aass pprreessccrriibbeedd iinn\ntthhee PPrroodduucctt SSppeecciiffiiccaattiioonn ggiivveenn iinn tthhee bbiidd ddooccuummeenntt..\n33..1144 FFoorrmmss ooff EEMMDD aanndd PPBBGG::\nSSuucccceessssffuull BBiiddddeerr ccaann ssuubbmmiitt tthhee PPeerrffoorrmmaannccee SSeeccuurriittyy iinn tthhee ffoorrmm ooff FFiixxeedd DDeeppoossiitt RReecceeiipptt aallssoo ((bbeessiiddeess PPBBGG wwhhiicchh iiss aalllloowweedd aass ppeerr GGeeMM GGTTCC)).. FFDDRR sshhoouulldd bbee mmaaddee oouutt oorr\npplleeddggeedd iinn tthhee nnaammee ooff\nddiirreeccttoorr\nAA//CC ((NNaammee ooff tthhee SSeelllleerr)).. TThhee bbaannkk sshhoouulldd cceerrttiiffyy oonn iitt tthhaatt tthhee ddeeppoossiitt ccaann bbee wwiitthhddrraawwnn oonnllyy oonn tthhee ddeemmaanndd oorr wwiitthh tthhee ssaannccttiioonn ooff tthhee pplleeddggeeee.. FFoorr rreelleeaassee ooff SSeeccuurriittyy DDeeppoossiitt,,\ntthhee FFDDRR wwiillll bbee rreelleeaasseedd iinn ffaavvoouurr ooff bbiiddddeerr bbyy tthhee BBuuyyeerr aafftteerr mmaakkiinngg eennddoorrsseemmeenntt oonn tthhee bbaacckk ooff tthhee FFDDRR dduullyy ssiiggnneedd aanndd ssttaammppeedd aalloonngg wwiitthh ccoovveerriinngg lleetttteerr.. SSuucccceessssffuull BBiiddddeerr\nhhaass ttoo uuppllooaadd ssccaannnneedd ccooppyy ooff tthhee FFDDRR ddooccuummeenntt iinn ppllaaccee ooff PPBBGG aanndd hhaass ttoo eennssuurree ddeelliivveerryy ooff hhaarrdd ccooppyy ooff OOrriiggiinnaall FFDDRR ttoo tthhee BBuuyyeerr wwiitthhiinn 1155 ddaayyss ooff aawwaarrdd ooff ccoonnttrraacctt..\n33..1155 BBuuyyeerr AAddddeedd BBiidd SSppeecciiffiicc AATTCC::\nBBuuyyeerr AAddddeedd tteexxtt bbaasseedd AATTCC ccllaauusseess\n11.. AAllll ffiirrmmss mmuusstt iimmpprriinntt tthhee tteexxtt--\"\"ggoovvtt hhoossppiittaall ssuuppppllyy OOnnllyy.. NNoott ffoorr ssaallee..\"\"\n33..1166 BBuuyyeerr AAddddeedd BBiidd SSppeecciiffiicc AATTCC::\nBBuuyyeerr uuppllooaaddeedd AATTCC ddooccuummeenntt CClliicckk hheerree ttoo vviieeww tthhee ffiillee..\nNNoottee:: SSeelllleerrss aarree rreeqquuiirreedd ttoo rraaiissee iinnvvooiicceess oonnlliinnee aass ppeerr tthhee ccoonnttrraacctt tteerrmmss oonn GGeeMM ppoorrttaall.. TTiimmeellyy iinnvvooiiccee ssuubbmmiissssiioonn iiss mmaannddaattoorryy ffoorr ccoommpplliiaanncceess,, ssmmooootthh ppaayymmeenntt pprroocceessssiinngg,,\naanndd wwiillll aallssoo ccoonnttrriibbuuttee ttoo iimmpprroovviinngg tthheeiirr rraattiinnggss..\nNNoottee:: TThhiiss iiss ssyysstteemm ggeenneerraatteedd ffiillee.. NNoo ssiiggnnaattuurree iiss rreeqquuiirreedd.. PPrriinntt oouutt ooff tthhiiss ddooccuummeenntt iiss nnoott vvaalliidd ffoorr ppaayymmeenntt// ttrraannssaaccttiioonn ppuurrppoossee..",
  "tables": [
    {
      "page": 1,
      "table_number": 1,
      "data": [
        [
          "(cid:34)(cid:34) ||OOrrggaanniissaattiioonn DDeettaaiillss (cid:34)(cid:34) ||BBuuyyeerr DDeettaaiillss\n(cid:73)(cid:74) |Type : Central Government |Designation : oic\n(cid:79) |Ministry : Ministry of Health and Family Welfare (cid:85) |Contact No. : 011-26730512-0512\n(cid:34) |Department : Department of Health and Family Welfare |Email ID : procuresurgical@vmmc-sjh.nic.in\n|Organisation NameCentral Health Service Ministry of Health and Family (cid:99) |GSTIN : -\n: Welfare OFFICE OF THE MEDICAL SUPERINTENDENT SAFDARJUNG\n(cid:85) (cid:86) (cid:79)|Office Zone: Safdarjung Hospital |Address : HOSPITAL NEW DELHI-110029,\nNEW DELHI, DELHI-110029, India",
          "",
          "",
          "",
          "",
          "",
          "",
          "",
          "",
          "",
          "",
          ""
        ],
        [
          "(cid:34)(cid:34) (cid:103)(cid:103) (cid:104)(cid:104) (cid:34)(cid:34) (cid:34)(cid:34) ||FFiinnaanncciiaall AApppprroovvaall DDeettaaiill (cid:73)(cid:73) (cid:34)(cid:34) (cid:34)(cid:34) ||PPaayyiinngg AAuutthhoorriittyy DDeettaaiillss\n(cid:34) |IFD Concurrence : Yes Role: DDO\nDIRECTOR PFMSOffline\nDesignation of Administrative Approval: Payment Mode:\n(cid:34) (cid:103) | |Designation : ACCOUNTS OFFICER\nDIRECTOR\nDesignation of Financial Approval : |Email ID : sanjaykathuria@vmmc-sjh.nic.in\nOFFICE OF THE MEDICAL SUPERINTENDENT SAFDARJUNG\n|Address: HOSPITAL NEW DELHI-110029,\nNEW DELHI, DELHI-110029, India",
          "",
          "",
          "",
          "",
          "",
          "",
          "",
          "",
          "",
          "",
          ""
        ],
        [
          "(cid:34)(cid:34) (cid:16)(cid:16) (cid:34)(cid:34) ||SSeelllleerr DDeettaaiillss\n(cid:34) (cid:16) |GeM Seller ID : A09D180000104865\n|Company Name : SEA SILVER HEALTHCARE PRIVATE LIMITED\n(cid:85) |Contact No. : 09990241466\n|Email ID : seasilverudit@gmail.com\nSPACE NO-209,2ND FLOOR,PLOT NO C-17,,COMMUNITY CENTRE CITIZENS PARAMOUNT TOWER,,JANAKPURI,,\n| Address :\nNEW DELHI, DELHI-110058, -\n(cid:51) |MSME Registration number : UDYAM-DL-11-0005894\n(cid:99) |GSTIN: 07AANCS2934F1Z8 (R)",
          "",
          "",
          "",
          "",
          "",
          "",
          "",
          "",
          "",
          "",
          ""
        ],
        [
          "(cid:117) (cid:118) (cid:34) (cid:34)(cid:119)(cid:34) | MII Status as\nVerified\nevaluated by buyer :\n(cid:117) (cid:120) (cid:34) (cid:34)(cid:119)(cid:34) |MSME Status as\nNot Verified\nverified by buyer :",
          "",
          "",
          "",
          "",
          "",
          "",
          "",
          "",
          "",
          "",
          ""
        ],
        [
          "(cid:34) (cid:121) |MSE Social Category : General\n(cid:34) (cid:121) |MSE Gender : Male",
          "",
          "",
          "",
          "",
          "",
          "",
          "",
          "",
          "",
          "",
          ""
        ],
        [
          "*(cid:34) (cid:86) (cid:123) GST/TAX (cid:34) |GST / Tax invoice to be raised in the name of - Buyer",
          "",
          "",
          "",
          "",
          "",
          "",
          "",
          "",
          "",
          "",
          ""
        ],
        [
          "(cid:34) (cid:34) (cid:128) | Delivery Instructions : NA",
          "",
          "",
          "",
          "",
          "",
          "",
          "",
          "",
          "",
          "",
          ""
        ],
        [
          "(cid:120)(cid:120) (cid:34)(cid:34) ||PPrroodduucctt DDeettaaiillss",
          "",
          "",
          "",
          "",
          "",
          "",
          "",
          "",
          "",
          "",
          ""
        ],
        [
          "",
          "(cid:34)(cid:34) ||IItteemm DDeessccrriippttiioonn",
          "",
          "",
          "OOrrddeerreedd\nQQuuaannttiittyy",
          "",
          "",
          "((IINNRR))||\nUUnniitt PPrriiccee\n((IINNRR))",
          "",
          "TTaaxx BBiiffuurrccaattiioonn ((IINNRR))",
          "",
          "(cid:118) (cid:118)\n((IINNRR (cid:123) (cid:123)\nPPrriiccee\n((IInncclluussiivvee ooff\naallll DDuuttiieess aanndd\nTTaaxxeess iinn IINNRR))"
        ],
        [
          "1",
          "(cid:120)(cid:120) ||PPrroodduucctt NNaammee :: DURACARE Non-Absorbable Suture Polypropylene\n(cid:133)(cid:133) ||BBrraanndd :: DURACARE\n(cid:133)(cid:133) (cid:73)(cid:73) ||BBrraanndd TTyyppee :: Registered Brand\n(cid:135)(cid:135) (cid:34)(cid:34)(cid:119)(cid:119)(cid:34)(cid:34) ||CCaattaalloogguuee SSttaattuuss:: OEM verified catalogue\n| |SSeelllliinngg AAss :: OEM verified Reseller\n(cid:121)(cid:121) (cid:136) (cid:136) ||CCaatteeggoorryy NNaammee && QQuuaaddrraanntt :: Sutures (V3) (Q2)\n||MMooddeell:: FS 8982\n||HHSSNN CCooddee:: HSN not specified by seller",
          "",
          "",
          "1,890",
          "pieces",
          "",
          "51.38",
          "",
          "NA",
          "",
          "97,108.2"
        ],
        [
          "(cid:85) (cid:118) |Total Order Value (in INR)",
          "",
          "",
          "",
          "",
          "",
          "",
          "",
          "",
          "",
          "",
          "9977,,110088..22"
        ],
        [
          "(cid:34) (cid:34) (cid:34)(cid:34) ||CCoonnssiiggnneeee DDeettaaiill",
          "",
          "",
          "",
          "",
          "",
          "",
          "",
          "",
          "",
          "",
          ""
        ]
      ]
    },
    {
      "page": 2,
      "table_number": 1,
      "data": [
        [
          "(cid:16)(cid:16).. . .||SS..NNoo (cid:34) (cid:34) ||CCoonnssiiggnneeee (cid:104)(cid:104) | |IItteemm LLoott NNoo.. (cid:79)(cid:79) ||QQuuaannttiittyy | | BBee\nDDeelliivveerryy SSttaarrtt CCoommpplleetteedd\nAAfftteerr BByy",
          "",
          "",
          "",
          "",
          "",
          "",
          "",
          ""
        ],
        [
          "1",
          "| Designation : -\n|Email ID : storessurgcons@vmmc-sjh.nic.in\n(cid:85)|Contact : 011-26707668-0668\n|Address : OFFICE OF THE MEDICAL SUPERINTENDENT\nSAFDARJUNG HOSPITAL NEW DELHI-110029,\nNEW DELHI, DELHI-110029, India",
          "",
          "DURACARE Non-\nAbsorbable Suture\nPolypropylene",
          "",
          "1",
          "690",
          "13-Jan-2026",
          "09-Mar-2026"
        ],
        [
          "",
          "",
          "",
          "",
          "",
          "2",
          "600",
          "14-Mar-2026",
          "08-May-2026"
        ],
        [
          "",
          "",
          "",
          "",
          "",
          "3",
          "600",
          "13-May-2026",
          "07-Jul-2026"
        ],
        [
          "PPrroodduucctt SSppeecciiffiiccaattiioonn ffoorr DDUURRAACCAARREE NNoonn--AAbbssoorrbbaabbllee SSuuttuurree PPoollyypprrooppyylleennee",
          "",
          "",
          "",
          "",
          "",
          "",
          "",
          ""
        ],
        [
          "(cid:34)(cid:34) (cid:34)(cid:34) (cid:128)(cid:128) ||SSppeecciifificcaattiioonn",
          "",
          "--(cid:34)(cid:34) (cid:34)(cid:34) (cid:128)(cid:128) ||SSuubb--SSppeecc",
          "",
          "(cid:118) (cid:118) ||VVaalluuee",
          "",
          "",
          "",
          ""
        ],
        [
          "GENERAL",
          "",
          "Product Description",
          "",
          "Suture",
          "",
          "",
          "",
          ""
        ],
        [
          "",
          "",
          "Purpose",
          "",
          "Sutures are threads or strands used to stitch tissues together after\nsurgery or injury. They are a crucial part of wound closure, helping to\npromote healing and reduce the risk of infection",
          "",
          "",
          "",
          ""
        ],
        [
          "",
          "",
          "Sterility",
          "",
          "Sterile",
          "",
          "",
          "",
          ""
        ],
        [
          "PRODUCT\nINFORMATION",
          "",
          "Type of Suture",
          "",
          "Non-Absorbable",
          "",
          "",
          "",
          ""
        ],
        [
          "",
          "",
          "Color of Suture",
          "",
          "Dyed",
          "",
          "",
          "",
          ""
        ],
        [
          "",
          "",
          "Suture Material (Medical Grade)",
          "",
          "Polypropylene",
          "",
          "",
          "",
          ""
        ],
        [
          "",
          "",
          "Construction",
          "",
          "Mono-filament",
          "",
          "",
          "",
          ""
        ],
        [
          "",
          "",
          "Antibacterial Coated",
          "",
          "No",
          "",
          "",
          "",
          ""
        ],
        [
          "",
          "",
          "Suture Size",
          "",
          "2-0",
          "",
          "",
          "",
          ""
        ],
        [
          "",
          "",
          "Suture Length ( 2cm)",
          "",
          "70 cm",
          "",
          "",
          "",
          ""
        ],
        [
          "",
          "",
          "Needle",
          "",
          "Single Arm Needle",
          "",
          "",
          "",
          ""
        ],
        [
          "",
          "",
          "Type of Needle",
          "",
          "Reverse Cutting",
          "",
          "",
          "",
          ""
        ],
        [
          "",
          "",
          "Needle Length ( 0.5mm)",
          "",
          "45 mm",
          "",
          "",
          "",
          ""
        ],
        [
          "",
          "",
          "Needle Shape (Curvature)",
          "",
          "3/8 circle",
          "",
          "",
          "",
          ""
        ],
        [
          "",
          "",
          "Pledgets",
          "",
          "No",
          "",
          "",
          "",
          ""
        ],
        [
          "PACKING",
          "",
          "Number of strands in a suture foil",
          "",
          "1",
          "",
          "",
          "",
          ""
        ],
        [
          "CERTIFICATIONS",
          "",
          "Compliance to Medical Device Rules (MDR) 2017 as amended till date",
          "",
          "Yes",
          "",
          "",
          "",
          ""
        ],
        [
          "",
          "",
          "Availability of valid medical device license for the product issued from the\ncompetent authority defined under Drugs and Cosmetic Act 1940 and Rules\nmade there under as amended till date",
          "",
          "Yes",
          "",
          "",
          "",
          ""
        ],
        [
          "",
          "",
          "Valid Medical Device License Number",
          "",
          "MFG/MD/2020/000200",
          "",
          "",
          "",
          ""
        ],
        [
          "",
          "",
          "Manufacturer Certification",
          "",
          "ISO:13485 (Latest)",
          "",
          "",
          "",
          ""
        ],
        [
          "",
          "",
          "Availability of Test Report for each supplied batch/product as per Medical\nDevice Rules (MDR) 2017 as amended till date",
          "",
          "Yes",
          "",
          "",
          "",
          ""
        ],
        [
          "",
          "",
          "Submission of all necessary certifications, licenses and test reports to the\nbuyer at the time of bid submission and/or along with supplies as per buyer\nrequirement",
          "",
          "Yes",
          "",
          "",
          "",
          ""
        ],
        [
          "SHELF LIFE",
          "",
          "Shelf life in months from the date of manufacture",
          "",
          "60 month",
          "",
          "",
          "",
          ""
        ],
        [
          "",
          "",
          "Minimum shelf life of the product at the time of delivery to the consignee",
          "",
          "3/4 th of Total Shelf Life",
          "",
          "",
          "",
          ""
        ],
        [
          "ADVANCE SAMPLE",
          "",
          "Agree to provide advance sample of the product for buyer's approval after\naward of contract and before commencement of supply in case of bidding\nonly",
          "",
          "Yes",
          "",
          "",
          "",
          ""
        ],
        [
          "ADDITIONAL\nREQUIREMENTS",
          "",
          "Additional Requirement",
          "",
          "NA",
          "",
          "",
          "",
          ""
        ],
        [
          "(cid:34)(cid:34) (cid:34)(cid:34) (cid:34)(cid:34) (cid:34)(cid:34) (cid:146)(cid:146) (cid:34)(cid:34) (cid:34)(cid:34) (cid:147)(cid:147) (cid:34)(cid:34) ||BBuuyyeerr DDeeffiinneedd AAddddiittiioonnaall SSppeecciiffiiccaattiioonn ffoorr DDUURRAACCAARREE NNoonn--AAbbssoorrbbaabbllee SSuuttuurree PPoollyypprrooppyylleennee",
          "",
          "",
          "",
          "",
          "",
          "",
          "",
          ""
        ],
        [
          "(cid:34)(cid:34) (cid:34)(cid:34) (cid:128)(cid:128) ||SSppeecciifificcaattiioonn",
          "",
          "(cid:118) (cid:118) ||VVaalluuee",
          "",
          "",
          "",
          "",
          "",
          ""
        ],
        [
          "Specification",
          "",
          "Polypropylene Monofilament 3/8 circle REVERSE CUTTING 45 mm 2 - 0 70cm",
          "",
          "",
          "",
          "",
          "",
          ""
        ],
        [
          "Sample",
          "",
          "Firm have to submit sample mentioning the schedule number in medical store dept. before closing of Bid and the receiving of sample from the diary\nclerk should be uploaded in bid document along with relevant documents",
          "",
          "",
          "",
          "",
          "",
          ""
        ],
        [
          "(cid:135)(cid:135)-- (cid:34)(cid:34) (cid:34)(cid:34)(cid:148)(cid:148) (cid:149)(cid:149)(cid:147)(cid:147) ||TTeecchhnnoo--CCoommmmeerrcciiaall CCllaarriifificcaattiioonn :: Click here to download",
          "",
          "",
          "",
          "",
          "",
          "",
          "",
          ""
        ]
      ]
    },
    {
      "page": 3,
      "table_number": 1,
      "data": [
        [
          "(cid:34) (cid:34)(cid:150)(cid:150) (cid:79)(cid:79)||CCoorrrriiggeenndduumm\n1. ||EExxtteennddeedd UUppttoo :: 2025-08-25 13:00:00\n2. ||EExxtteennddeedd UUppttoo :: 2025-08-27 13:00:00",
          ""
        ],
        [
          "(cid:155) (cid:155) || AAddvviissoorryy BBaannkk ::",
          "Bank Of Baroda"
        ],
        [
          "(cid:73)(cid:73)(cid:34)(cid:34) ((%%)) || eePPBBGG PPeerrcceennttaaggee((%%))::",
          "1.00"
        ],
        [
          "(cid:34)(cid:34) (cid:156)(cid:156) (cid:157)(cid:157) (cid:73)(cid:73)(cid:104)(cid:104) ||TThhee bbiiddddeerr sshhaallll ffuurrnniisshh eePPBBGG aass aapppplliiccaabbllee aass ppeerr bbiidd''ss tteerrmmss aanndd ccoonnddiittiioonnss",
          ""
        ],
        [
          "(cid:34)(cid:34) (cid:152)|(cid:152)|TTeerrmmss aanndd CCoonnddiittiioonnss\n11.. SSppeecciiaall tteerrmmss aanndd ccoonnddiittiioonnss-- VVeerrssiioonn::22 eeffffeeccttiivvee ffrroomm 1100--0077--22002244\n11..11 11.. AAllll PPrroovviissiioonnss ooff DDrruuggss aanndd CCoossmmeettiiccss AAcctt,, 11994400 aanndd RRuulleess ((iinncclluuddiinngg MMeeddiiccaall DDeevviiccee RRuullee 22001177)) mmaaddee tthheerree uunnddeerr aass aammeennddeedd ttiillll ddaattee wwiillll aallwwaayyss bbee aapppplliiccaabbllee.. TThhiiss\nwwiillll iinncclluuddee aallll nnoottiiffiiccaattiioonnss iissssuueedd bbyy CCeennttrraall DDrruuggss SSttaannddaarrdd CCoonnttrrooll OOrrggaanniizzaattiioonn ((CCDDSSCCOO)),, MMiinniissttrryy ooff HHeeaalltthh && FFaammiillyy WWeellffaarree ((MMooHHFFWW)) aanndd DDeeppaarrttmmeenntt ooff\nPPhhaarrmmaacceeuuttiiccaallss ((DDOOPP)),, MMiinniissttrryy ooff CChheemmiiccaallss && FFeerrttiilliizzeerrss ttiimmee ttoo ttiimmee iinn tthhiiss rreeggaarrdd..\n22.. TThhee sseelllleerrss aarree rreeggiisstteerreedd oonn GGeeMM bbaasseedd oonn sseellff--ddeeccllaarraattiioonn ooff vvaalliidd MMeeddiiccaall DDeevviiccee LLiicceennssee,, pprroodduucctt cceerrttiiffiiccaattiioonn,, tteesstt rreeppoorrttss eettcc.. HHoowweevveerr,, bbuuyyeerrss mmuusstt cchheecckk aanndd\nvvaalliiddaattee tthhee ddeettaaiillss aatt tthheeiirr eenndd ffoorr aallll aapppplliiccaabbllee lliicceennsseess aanndd cceerrttiiffiiccaattiioonnss ee..gg..,, vvaalliiddiittyy aanndd aauutthheennttiicciittyy//ggeennuuiinneenneessss ooff lliicceennssee,, pprroodduucctt cceerrttiiffiiccaattiioonn,, mmaannuuffaaccttuurreerr\ncceerrttiiffiiccaattiioonn//lliicceennsseess,, tteesstt rreeppoorrttss eettcc..\n33.. IInn ccaassee ooff aauutthhoorriizzeedd rreesseelllleerrss//ddiissttrriibbuuttoorrss,, iitt wwiillll bbee tthhee lleeggaall && rreegguullaattoorryy lliiaabbiilliittyy ooff tthhee mmaannuuffaaccttuurreerr ttoo eennssuurree tthhaatt tthheeiirr rreesseelllleerrss//ddiissttrriibbuuttoorrss aarree ooppeerraattiinngg iinn\nccoommpplliiaannccee wwiitthh aallll rreelleevvaanntt llaawwss aanndd rreegguullaattiioonnss aanndd aarree pprrooppeerrllyy lliicceennsseedd ttoo sseellll tthhee mmaannuuffaaccttuurreerr''ss pprroodduuccttss,, iinncclluuddiinngg vveerriiffyyiinngg tthhee vvaalliiddiittyy aanndd aauutthheennttiicciittyy ooff\nMMeeddiiccaall DDeevviiccee LLiicceennssee lliicceennssee hheelldd bbyy tthheemm..\n44.. TThhee pprriiccee ooffffeerreedd bbyy tthhee sseelllleerr//bbiiddddeerr sshhaallll nnoott,, iinn aannyy ccaassee eexxcceeeedd tthhee DDPPCCOO//NNPPPPAA ccoonnttrroolllleedd pprriiccee oorr pprriiccee ffiixxeedd bbyy SSttaattee GGoovveerrnnmmeenntt,, iiff aannyy.. TThhee sseelllleerr mmuusstt rreedduuccee\ntthhee pprriicceess iiff tthheerree iiss aannyy rreedduuccttiioonn iinn DDPPCCOO//NNPPPPAA cceeiilliinngg pprriiccee oorr pprriiccee ffiixxeedd bbyy SSttaattee GGoovveerrnnmmeenntt,, iiff aannyy..\n55.. AAnnyy ootthheerr TTeerrmmss aanndd CCoonnddiittiioonnss wwhhiicchh iiss nnoott iinncclluuddeedd oorr aatt vvaarriiaannccee wwiitthh tthhee ccoonnddiittiioonnss ssppeecciiffiieedd iinn SSTTCC//GGTTCC,, mmaayy bbee aaddddeedd bbyy tthhee bbuuyyeerr tthhrroouugghh AAddddiittiioonnaall TTeerrmmss\naanndd CCoonnddiittiioonnss ((AATTCC)) iinn tthhee bbiidd ttoo eennssuurree iitteemmss aarree pprrooccuurreedd ffrroomm aauutthheennttiicc//vvaalliiddaatteedd ssoouurrccee wwiitthh aapppprroopprriiaattee aanndd aapppplliiccaabbllee qquuaalliittyy.. TThhee aabboovvee tteerrmmss aanndd\nccoonnddiittiioonnss aarree iinn rreevveerrssee oorrddeerr ooff pprreecceeddeennccee ii..ee.. AATTCC sshhaallll ssuuppeerrsseeddee ssppeecciiffiicc SSTTCC wwhhiicchh sshhaallll ssuuppeerrsseeddee GGeenneerraall TTeerrmmss aanndd CCoonnddiittiioonnss ((GGTTCC)),, wwhheenneevveerr tthheerree aarree\naannyy ccoonnfflliiccttiinngg pprroovviissiioonnss..\n22.. GGeenneerraall TTeerrmmss aanndd CCoonnddiittiioonnss--\n22..11TThhiiss ccoonnttrraacctt iiss ggoovveerrnneedd bbyy tthhee GGeenneerraall TTeerrmmss aanndd CCoonnddiittiioonnss,, ccoonnddiittiioonnss ssttiippuullaatteedd ttoo tthhiiss PPrroodduucctt//SSeerrvviiccee aass pprroovviiddeedd iinn tthhee MMaarrkkeettppllaaccee..\n22..22TThhiiss CCoonnttrraacctt bbeettwweeeenn tthhee SSeelllleerr aanndd tthhee BBuuyyeerr,, iiss ffoorr tthhee ssuuppppllyy ooff tthhee GGooooddss aanndd// oorr SSeerrvviicceess,, ddeettaaiilleedd iinn tthhee sscchheedduullee aabboovvee,, iinn aaccccoorrddaannccee wwiitthh tthhee GGeenneerraall TTeerrmmss aanndd\nCCoonnddiittiioonnss ((GGTTCC)) uunnlleessss ootthheerrwwiissee ssuuppeerrsseeddeedd bbyy GGooooddss // SSeerrvviicceess ssppeecciiffiicc SSppeecciiaall TTeerrmmss aanndd CCoonnddiittiioonnss ((SSTTCC)) aanndd// oorr BBIIDD//RReevveerrssee AAuuccttiioonn AAddddiittiioonnaall TTeerrmmss aanndd CCoonnddiittiioonnss\n((AATTCC)),, aass aapppplliiccaabbllee\n22..33AAllll GGeeMM SSeelllleerrss // SSeerrvviiccee PPrroovviiddeerrss aarree mmaannddaatteedd ttoo eennssuurree ccoommpplliiaannccee wwiitthh aallll tthhee aapppplliiccaabbllee llaawwss // aaccttss // rruulleess iinncclluuddiinngg bbuutt nnoott lliimmiitteedd ttoo aallll LLaabboouurr LLaawwss ssuucchh aass TThhee\nMMiinniimmuumm WWaaggeess AAcctt,, 11994488,, TThhee PPaayymmeenntt ooff WWaaggeess AAcctt,, 11993366,, TThhee PPaayymmeenntt ooff BBoonnuuss AAcctt,, 11996655,, TThhee EEqquuaall RReemmuunneerraattiioonn AAcctt,, 11997766,, TThhee PPaayymmeenntt ooff GGrraattuuiittyy AAcctt,, 11997722 eettcc.. AAnnyy\nnnoonn--ccoommpplliiaannccee wwiillll bbee ttrreeaatteedd aass bbrreeaacchh ooff ccoonnttrraacctt aanndd BBuuyyeerr mmaayy ttaakkee ssuuiittaabbllee aaccttiioonnss aass ppeerr GGeeMM CCoonnttrraacctt..\n33.. BBuuyyeerr AAddddeedd BBiidd SSppeecciiffiicc TTeerrmmss aanndd CCoonnddiittiioonnss--\n33..11AAuutthhoorriisseedd SSeerrvviiccee CCeennttrree wwiitthhiinn tthhee ssttaattee ooff OOddiisshhaa,, aalloonngg wwiitthh aa ddeeddiiccaatteedd ccoonnttaacctt ppeerrssoonn wwiitthh tteelleepphhoonnee nnuummbbeerr ffoorr tteecchhnniiccaall ssoolluuttiioonn iinn aa ffaasstt ttrraacckk bbaassiiss aatt tthhiiss\niinnssttiittuuttiioonn aass aanndd wwhheenn rreeqquuiirreedd bbaassiiss..\n33..22EExxppeerriieennccee CCeerrttiiffiiccaattee ffoorr tthhee ssuuppppllyy ooff tthhee ssaammee ttoo aannyy GGoovvtt// PPSSUU// aannyy rreennoowwnneedd pprriivvaattee oorrggaanniissaattiioonn aalloonngg wwiitthh SSuuppppllyy// PPuurrcchhaassee OOrrddeerr..\n33..33IIff tthhee aaggeennccyy iiss rreeggiisstteerreedd uunnddeerr MMSSMMEE oorr NNSSIICC,, tthheenn EEMMDD eexxeemmppttiioonn cceerrttiiffiiccaattee nneeeeddss ttoo bbee eenncclloosseedd..\n33..44MMaakkee iinn iinnddiiaa ssppeecciiffiicc aauutthhoorriissaattiioonn cceerrttiiffiiccaattee nneeeeddss ttoo bbee eenncclloosseedd..\n33..55 SSccooppee ooff SSuuppppllyy::\nSSccooppee ooff ssuuppppllyy ((BBiidd pprriiccee ttoo iinncclluuddee aallll ccoosstt ccoommppoonneennttss)) :: OOnnllyy ssuuppppllyy ooff GGooooddss\n33..66 TTuurrnnoovveerr::\nBBiiddddeerr TTuurrnn OOvveerr CCrriitteerriiaa:: TThhee mmiinniimmuumm aavveerraaggee aannnnuuaall ffiinnaanncciiaall ttuurrnnoovveerr ooff tthhee bbiiddddeerr dduurriinngg tthhee llaasstt tthhrreeee yyeeaarrss,, eennddiinngg oonn 3311sstt MMaarrcchh ooff tthhee pprreevviioouuss ffiinnaanncciiaall yyeeaarr,, sshhoouulldd\nbbee aass iinnddiiccaatteedd iinn tthhee bbiidd ddooccuummeenntt.. DDooccuummeennttaarryy eevviiddeennccee iinn tthhee ffoorrmm ooff cceerrttiiffiieedd AAuuddiitteedd BBaallaannccee SShheeeettss ooff rreelleevvaanntt ppeerriiooddss oorr aa cceerrttiiffiiccaattee ffrroomm tthhee CChhaarrtteerreedd AAccccoouunnttaanntt //\nCCoosstt AAccccoouunnttaanntt iinnddiiccaattiinngg tthhee ttuurrnnoovveerr ddeettaaiillss ffoorr tthhee rreelleevvaanntt ppeerriioodd sshhaallll bbee uuppllooaaddeedd wwiitthh tthhee bbiidd.. IInn ccaassee tthhee ddaattee ooff ccoonnssttiittuuttiioonn // iinnccoorrppoorraattiioonn ooff tthhee bbiiddddeerr iiss lleessss tthhaann 33\nyyeeaarr oolldd,, tthhee aavveerraaggee ttuurrnnoovveerr iinn rreessppeecctt ooff tthhee ccoommpplleetteedd ffiinnaanncciiaall yyeeaarrss aafftteerr tthhee ddaattee ooff ccoonnssttiittuuttiioonn sshhaallll bbee ttaakkeenn iinnttoo aaccccoouunntt ffoorr tthhiiss ccrriitteerriiaa..\n33..77 TTuurrnnoovveerr::\nOOEEMM TTuurrnn OOvveerr CCrriitteerriiaa:: TThhee mmiinniimmuumm aavveerraaggee aannnnuuaall ffiinnaanncciiaall ttuurrnnoovveerr ooff tthhee OOEEMM ooff tthhee ooffffeerreedd pprroodduucctt dduurriinngg tthhee llaasstt tthhrreeee yyeeaarrss,, eennddiinngg oonn 3311sstt MMaarrcchh ooff tthhee pprreevviioouuss\nffiinnaanncciiaall yyeeaarr,, sshhoouulldd bbee aass iinnddiiccaatteedd iinn tthhee bbiidd ddooccuummeenntt.. DDooccuummeennttaarryy eevviiddeennccee iinn tthhee ffoorrmm ooff cceerrttiiffiieedd AAuuddiitteedd BBaallaannccee SShheeeettss ooff rreelleevvaanntt ppeerriiooddss oorr aa cceerrttiiffiiccaattee ffrroomm tthhee\nCChhaarrtteerreedd AAccccoouunnttaanntt // CCoosstt AAccccoouunnttaanntt iinnddiiccaattiinngg tthhee ttuurrnnoovveerr ddeettaaiillss ffoorr tthhee rreelleevvaanntt ppeerriioodd sshhaallll bbee uuppllooaaddeedd wwiitthh tthhee bbiidd.. IInn ccaassee tthhee ddaattee ooff ccoonnssttiittuuttiioonn // iinnccoorrppoorraattiioonn ooff\ntthhee OOEEMM iiss lleessss tthhaann 33 yyeeaarr oolldd,, tthhee aavveerraaggee ttuurrnnoovveerr iinn rreessppeecctt ooff tthhee ccoommpplleetteedd ffiinnaanncciiaall yyeeaarrss aafftteerr tthhee ddaattee ooff ccoonnssttiittuuttiioonn sshhaallll bbee ttaakkeenn iinnttoo aaccccoouunntt ffoorr tthhiiss ccrriitteerriiaa.. IInn ccaassee\nooff bbuunncchh bbiiddss,, tthhee OOEEMM ooff CCAATTEEGGOORRYY RREELLAATTEEDD TTOO pprriimmaarryy pprroodduucctt hhaavviinngg hhiigghheesstt bbiidd vvaalluuee sshhoouulldd mmeeeett tthhiiss ccrriitteerriioonn..\n33..88 OOEEMM::\nIIMMPPOORRTTEEDD PPRROODDUUCCTTSS:: IInn ccaassee ooff iimmppoorrtteedd pprroodduuccttss,, OOEEMM oorr AAuutthhoorriizzeedd SSeelllleerr ooff OOEEMM sshhoouulldd hhaavvee aa rreeggiisstteerreedd ooffffiiccee iinn IInnddiiaa ttoo pprroovviiddee aafftteerr ssaalleess sseerrvviiccee ssuuppppoorrtt iinn IInnddiiaa.. TThhee\ncceerrttiiffiiccaattee ttoo tthhiiss eeffffeecctt sshhoouulldd bbee ssuubbmmiitttteedd..\n33..99 PPuurrcchhaassee PPrreeffeerreennccee ((CCeennttrree))::\nPPuurrcchhaassee pprreeffeerreennccee ttoo MMiiccrroo aanndd SSmmaallll EEnntteerrpprriisseess ((MMSSEEss)):: PPuurrcchhaassee pprreeffeerreennccee wwiillll bbee ggiivveenn ttoo MMSSEEss aass ddeeffiinneedd iinn PPuubblliicc PPrrooccuurreemmeenntt PPoolliiccyy ffoorr MMiiccrroo aanndd SSmmaallll EEnntteerrpprriisseess\n((MMSSEEss)) OOrrddeerr,, 22001122 ddaatteedd 2233..0033..22001122 iissssuueedd bbyy MMiinniissttrryy ooff MMiiccrroo,, SSmmaallll aanndd MMeeddiiuumm EEnntteerrpprriisseess aanndd iittss ssuubbsseeqquueenntt OOrrddeerrss//NNoottiiffiiccaattiioonnss iissssuueedd bbyy ccoonncceerrnneedd MMiinniissttrryy.. IIff tthhee\nbbiiddddeerr wwaannttss ttoo aavvaaiill tthhee PPuurrcchhaassee pprreeffeerreennccee,, tthhee bbiiddddeerr mmuusstt bbee tthhee mmaannuuffaaccttuurreerr ooff tthhee ooffffeerreedd pprroodduucctt iinn ccaassee ooff bbiidd ffoorr ssuuppppllyy ooff ggooooddss.. TTrraaddeerrss aarree eexxcclluuddeedd ffrroomm tthhee\nppuurrvviieeww ooff PPuubblliicc PPrrooccuurreemmeenntt PPoolliiccyy ffoorr MMiiccrroo aanndd SSmmaallll EEnntteerrpprriisseess.. IInn rreessppeecctt ooff bbiidd ffoorr SSeerrvviicceess,, tthhee bbiiddddeerr mmuusstt bbee tthhee SSeerrvviiccee pprroovviiddeerr ooff tthhee ooffffeerreedd SSeerrvviiccee.. RReelleevvaanntt\nddooccuummeennttaarryy eevviiddeennccee iinn tthhiiss rreeggaarrdd sshhaallll bbee uuppllooaaddeedd aalloonngg wwiitthh tthhee bbiidd iinn rreessppeecctt ooff tthhee ooffffeerreedd pprroodduucctt oorr sseerrvviiccee.. IIff LL--11 iiss nnoott aann MMSSEE aanndd MMSSEE SSeelllleerr ((ss)) hhaass//hhaavvee qquuootteedd\npprriiccee wwiitthhiinn LL--11++ 1155%% ooff mmaarrggiinn ooff ppuurrcchhaassee pprreeffeerreennccee //pprriiccee bbaanndd ddeeffiinneedd iinn rreelleevvaanntt ppoolliiccyy,, ssuucchh SSeelllleerr sshhaallll bbee ggiivveenn ooppppoorrttuunniittyy ttoo mmaattcchh LL--11 pprriiccee aanndd ccoonnttrraacctt wwiillll bbee\naawwaarrddeedd ffoorr ppeerrcceennttaaggee ooff 5500%% ooff ttoottaall vvaalluuee..",
          ""
        ]
      ]
    },
    {
      "page": 4,
      "table_number": 1,
      "data": [
        [
          "33..1100 PPuurrcchhaassee PPrreeffeerreennccee ((CCeennttrree))::\nPPuurrcchhaassee PPrreeffeerreennccee lliinnkkeedd wwiitthh LLooccaall CCoonntteenntt ((PPPP--LLCC)) PPoolliiccyy::\nTThhee bbiidd ccllaauussee rreeggaarrddiinngg PPrreeffeerreennccee ttoo MMaakkee IInn IInnddiiaa pprroodduuccttss ssttaannddss mmooddiiffiieedd iinn tthhiiss bbiidd aanndd sshhaallll bbee ggoovveerrnneedd bbyy tthhee PPPPLLCC PPoolliiccyy NNoo.. FFPP--2200001133//22//22001177--FFPP--PPNNGG ddaatteedd\n1177..1111..22002200 iissssuueedd bbyy MMooPP&&NNGG aass aammeennddeedd uupp ttoo ddaattee.. AAccccoorrddiinnggllyy,, bbiiddddeerrss wwiitthh LLooccaall CCoonntteenntt lleessss tthhaann oorr eeqquuaall ttoo 2200%% wwiillll bbee ttrreeaatteedd aass NNoonn LLooccaall SSuupppplliieerr .. TThhee pprreessccrriibbeedd\nLLCC sshhaallll bbee aapppplliiccaabbllee oonn tthhee ddaattee ooff BBiidd ooppeenniinngg.. SSaannccttiioonnss oonn tthhee bbiiddddeerrss ffoorr ffaallssee // wwrroonngg ddeeccllaarraattiioonn oorr nnoott ffuullffiilllliinngg tthhee LLooccaall CCoonntteenntt rreeqquuiirreemmeenntt sshhaallll bbee aass ppeerr tthhee PPPPLLCC\nppoolliiccyy.. FFuurrtthheerr ffoolllloowwiinngg aaddddiittiioonnaall pprroovviissiioonnss aarree aaddddeedd iinn tthhee cceerrttiiffiiccaattiioonn aanndd vveerriiffiiccaattiioonn ooff llooccaall ccoonntteenntt pprroovviissiioonn ooff tthhee PPrreeffeerreennccee ttoo MMaakkee iinn IInnddiiaa ccllaauussee::\nii.. IInn ccaassee ooff ffoorreeiiggnn bbiiddddeerr,, cceerrttiiffiiccaattee ffrroomm tthhee ssttaattuuttoorryy aauuddiittoorr oorr ccoosstt aauuddiittoorr ooff tthheeiirr oowwnn ooffffiiccee oorr ssuubbssiiddiiaarryy iinn IInnddiiaa ggiivviinngg tthhee ppeerrcceennttaaggee ooff llooccaall ccoonntteenntt iiss aallssoo\naacccceeppttaabbllee.. IInn ccaassee ooffffiiccee oorr ssuubbssiiddiiaarryy iinn IInnddiiaa ddooeess nnoott eexxiisstt oorr IInnddiiaann ooffffiiccee//ssuubbssiiddiiaarryy iiss nnoott rreeqquuiirreedd ttoo aappppooiinntt ssttaattuuttoorryy aauuddiittoorr oorr ccoosstt aauuddiittoorr,, cceerrttiiffiiccaattee ffrroomm\npprraaccttiicciinngg ccoosstt aaccccoouunnttaanntt oorr pprraaccttiicciinngg cchhaarrtteerreedd aaccccoouunnttaanntt ggiivviinngg tthhee ppeerrcceennttaaggee ooff llooccaall ccoonntteenntt iiss aallssoo aacccceeppttaabbllee..\niiii.. AAlloonngg wwiitthh EEaacchh IInnvvooiiccee:: TThhee llooccaall ccoonntteenntt cceerrttiiffiiccaattee ((iissssuueedd bbyy ssttaattuuttoorryy aauuddiittoorr oonn bbeehhaallff ooff pprrooccuurriinngg ccoommppaannyy)) sshhaallll bbee ssuubbmmiitttteedd aalloonngg wwiitthh eeaacchh iinnvvooiiccee rraaiisseedd..\nHHoowweevveerr,, tthhee %% ooff llooccaall ccoonntteenntt mmaayy vvaarryy wwiitthh eeaacchh iinnvvooiiccee wwhhiillee mmaaiinnttaaiinniinngg tthhee oovveerraallll %% ooff llooccaall ccoonntteenntt ffoorr tthhee ttoottaall wwoorrkk//ppuurrcchhaassee ooff tthhee pprroo--rraattaa llooccaall ccoonntteenntt\nrreeqquuiirreemmeenntt.. IInn ccaassee,, iitt iiss nnoott ssaattiissffiieedd ccuummuullaattiivveellyy iinn tthhee iinnvvooiicceess rraaiisseedd uupp ttoo tthhaatt ssttaaggee,, tthhee ssuupppplliieerr sshhaallll iinnddiiccaattee hhooww tthhee llooccaall ccoonntteenntt rreeqquuiirreemmeenntt wwoouulldd bbee mmeett iinn\ntthhee ssuubbsseeqquueenntt ssttaaggeess..\niiiiii.. TThhee bbiiddddeerr sshhaallll ssuubbmmiitt aann uunnddeerrttaakkiinngg ffrroomm tthhee aauutthhoorriizzeedd ssiiggnnaattoorryy ooff bbiiddddeerr hhaavviinngg tthhee PPoowweerr ooff AAttttoorrnneeyy aalloonngg wwiitthh tthhee bbiidd ssttaattiinngg tthhee bbiiddddeerr mmeeeettss tthhee mmaannddaattoorryy\nmmiinniimmuumm LLCC rreeqquuiirreemmeenntt aanndd ssuucchh uunnddeerrttaakkiinngg sshhaallll bbeeccoommee aa ppaarrtt ooff tthhee ccoonnttrraacctt..\n33..1111 PPuurrcchhaassee PPrreeffeerreennccee ((CCeennttrree))::\nPPuurrcchhaassee PPrreeffeerreennccee lliinnkkeedd wwiitthh LLooccaall CCoonntteenntt ((PPPP--LLCC)) PPoolliiccyy::\nTThhee bbiidd ccllaauussee rreeggaarrddiinngg PPrreeffeerreennccee ttoo MMaakkee IInn IInnddiiaa pprroodduuccttss ssttaannddss mmooddiiffiieedd iinn tthhiiss bbiidd aanndd sshhaallll bbee ggoovveerrnneedd bbyy tthhee PPPPLLCC PPoolliiccyy NNoo.. FFPP--2200001133//22//22001177--FFPP--PPNNGG ddaatteedd\n1177..1111..22002200 iissssuueedd bbyy MMooPP&&NNGG aass aammeennddeedd uupp ttoo ddaattee.. AAccccoorrddiinnggllyy,, bbiiddddeerrss wwiitthh LLooccaall CCoonntteenntt lleessss tthhaann oorr eeqquuaall ttoo 2200%% wwiillll bbee ttrreeaatteedd aass NNoonn LLooccaall SSuupppplliieerr .. TThhee pprreessccrriibbeedd\nLLCC sshhaallll bbee aapppplliiccaabbllee oonn tthhee ddaattee ooff BBiidd ooppeenniinngg.. SSaannccttiioonnss oonn tthhee bbiiddddeerrss ffoorr ffaallssee // wwrroonngg ddeeccllaarraattiioonn oorr nnoott ffuullffiilllliinngg tthhee LLooccaall CCoonntteenntt rreeqquuiirreemmeenntt sshhaallll bbee aass ppeerr tthhee PPPPLLCC\nppoolliiccyy.. FFuurrtthheerr ffoolllloowwiinngg aaddddiittiioonnaall pprroovviissiioonnss aarree aaddddeedd iinn tthhee cceerrttiiffiiccaattiioonn aanndd vveerriiffiiccaattiioonn ooff llooccaall ccoonntteenntt pprroovviissiioonn ooff tthhee PPrreeffeerreennccee ttoo MMaakkee iinn IInnddiiaa ccllaauussee::\nii.. IInn ccaassee ooff ffoorreeiiggnn bbiiddddeerr,, cceerrttiiffiiccaattee ffrroomm tthhee ssttaattuuttoorryy aauuddiittoorr oorr ccoosstt aauuddiittoorr ooff tthheeiirr oowwnn ooffffiiccee oorr ssuubbssiiddiiaarryy iinn IInnddiiaa ggiivviinngg tthhee ppeerrcceennttaaggee ooff llooccaall ccoonntteenntt iiss aallssoo\naacccceeppttaabbllee.. IInn ccaassee ooffffiiccee oorr ssuubbssiiddiiaarryy iinn IInnddiiaa ddooeess nnoott eexxiisstt oorr IInnddiiaann ooffffiiccee//ssuubbssiiddiiaarryy iiss nnoott rreeqquuiirreedd ttoo aappppooiinntt ssttaattuuttoorryy aauuddiittoorr oorr ccoosstt aauuddiittoorr,, cceerrttiiffiiccaattee ffrroomm\npprraaccttiicciinngg ccoosstt aaccccoouunnttaanntt oorr pprraaccttiicciinngg cchhaarrtteerreedd aaccccoouunnttaanntt ggiivviinngg tthhee ppeerrcceennttaaggee ooff llooccaall ccoonntteenntt iiss aallssoo aacccceeppttaabbllee..\niiii.. AAlloonngg wwiitthh EEaacchh IInnvvooiiccee:: TThhee llooccaall ccoonntteenntt cceerrttiiffiiccaattee ((iissssuueedd bbyy ssttaattuuttoorryy aauuddiittoorr oonn bbeehhaallff ooff pprrooccuurriinngg ccoommppaannyy)) sshhaallll bbee ssuubbmmiitttteedd aalloonngg wwiitthh eeaacchh iinnvvooiiccee rraaiisseedd..\nHHoowweevveerr,, tthhee %% ooff llooccaall ccoonntteenntt mmaayy vvaarryy wwiitthh eeaacchh iinnvvooiiccee wwhhiillee mmaaiinnttaaiinniinngg tthhee oovveerraallll %% ooff llooccaall ccoonntteenntt ffoorr tthhee ttoottaall wwoorrkk//ppuurrcchhaassee ooff tthhee pprroo--rraattaa llooccaall ccoonntteenntt\nrreeqquuiirreemmeenntt.. IInn ccaassee,, iitt iiss nnoott ssaattiissffiieedd ccuummuullaattiivveellyy iinn tthhee iinnvvooiicceess rraaiisseedd uupp ttoo tthhaatt ssttaaggee,, tthhee ssuupppplliieerr sshhaallll iinnddiiccaattee hhooww tthhee llooccaall ccoonntteenntt rreeqquuiirreemmeenntt wwoouulldd bbee mmeett iinn\ntthhee ssuubbsseeqquueenntt ssttaaggeess..\niiiiii.. TThhee bbiiddddeerr sshhaallll ssuubbmmiitt aann uunnddeerrttaakkiinngg ffrroomm tthhee aauutthhoorriizzeedd ssiiggnnaattoorryy ooff bbiiddddeerr hhaavviinngg tthhee PPoowweerr ooff AAttttoorrnneeyy aalloonngg wwiitthh tthhee bbiidd ssttaattiinngg tthhee bbiiddddeerr mmeeeettss tthhee mmaannddaattoorryy\nmmiinniimmuumm LLCC rreeqquuiirreemmeenntt aanndd ssuucchh uunnddeerrttaakkiinngg sshhaallll bbeeccoommee aa ppaarrtt ooff tthhee ccoonnttrraacctt..\n33..1122 SSeerrvviiccee && SSuuppppoorrtt::\nEEssccaallaattiioonn MMaattrriixx FFoorr SSeerrvviiccee SSuuppppoorrtt :: BBiiddddeerr//OOEEMM mmuusstt pprroovviiddee EEssccaallaattiioonn MMaattrriixx ooff TTeelleepphhoonnee NNuummbbeerrss ffoorr SSeerrvviiccee SSuuppppoorrtt..\n33..1133 CCeerrttiiffiiccaatteess::\nTThhee bbiiddddeerr iiss rreeqquuiirreedd ttoo uuppllooaadd,, aalloonngg wwiitthh tthhee bbiidd,, aallll rreelleevvaanntt cceerrttiiffiiccaatteess ssuucchh aass BBIISS lliicceennccee,, ttyyppee tteesstt cceerrttiiffiiccaattee,, aapppprroovvaall cceerrttiiffiiccaatteess aanndd ootthheerr cceerrttiiffiiccaatteess aass pprreessccrriibbeedd iinn\ntthhee PPrroodduucctt SSppeecciiffiiccaattiioonn ggiivveenn iinn tthhee bbiidd ddooccuummeenntt..\n33..1144 FFoorrmmss ooff EEMMDD aanndd PPBBGG::\nSSuucccceessssffuull BBiiddddeerr ccaann ssuubbmmiitt tthhee PPeerrffoorrmmaannccee SSeeccuurriittyy iinn tthhee ffoorrmm ooff FFiixxeedd DDeeppoossiitt RReecceeiipptt aallssoo ((bbeessiiddeess PPBBGG wwhhiicchh iiss aalllloowweedd aass ppeerr GGeeMM GGTTCC)).. FFDDRR sshhoouulldd bbee mmaaddee oouutt oorr\npplleeddggeedd iinn tthhee nnaammee ooff\nddiirreeccttoorr\nAA//CC ((NNaammee ooff tthhee SSeelllleerr)).. TThhee bbaannkk sshhoouulldd cceerrttiiffyy oonn iitt tthhaatt tthhee ddeeppoossiitt ccaann bbee wwiitthhddrraawwnn oonnllyy oonn tthhee ddeemmaanndd oorr wwiitthh tthhee ssaannccttiioonn ooff tthhee pplleeddggeeee.. FFoorr rreelleeaassee ooff SSeeccuurriittyy DDeeppoossiitt,,\ntthhee FFDDRR wwiillll bbee rreelleeaasseedd iinn ffaavvoouurr ooff bbiiddddeerr bbyy tthhee BBuuyyeerr aafftteerr mmaakkiinngg eennddoorrsseemmeenntt oonn tthhee bbaacckk ooff tthhee FFDDRR dduullyy ssiiggnneedd aanndd ssttaammppeedd aalloonngg wwiitthh ccoovveerriinngg lleetttteerr.. SSuucccceessssffuull BBiiddddeerr\nhhaass ttoo uuppllooaadd ssccaannnneedd ccooppyy ooff tthhee FFDDRR ddooccuummeenntt iinn ppllaaccee ooff PPBBGG aanndd hhaass ttoo eennssuurree ddeelliivveerryy ooff hhaarrdd ccooppyy ooff OOrriiggiinnaall FFDDRR ttoo tthhee BBuuyyeerr wwiitthhiinn 1155 ddaayyss ooff aawwaarrdd ooff ccoonnttrraacctt..\n33..1155 BBuuyyeerr AAddddeedd BBiidd SSppeecciiffiicc AATTCC::\nBBuuyyeerr AAddddeedd tteexxtt bbaasseedd AATTCC ccllaauusseess\n11.. AAllll ffiirrmmss mmuusstt iimmpprriinntt tthhee tteexxtt--\"\"ggoovvtt hhoossppiittaall ssuuppppllyy OOnnllyy.. NNoott ffoorr ssaallee..\"\"\n33..1166 BBuuyyeerr AAddddeedd BBiidd SSppeecciiffiicc AATTCC::\nBBuuyyeerr uuppllooaaddeedd AATTCC ddooccuummeenntt CClliicckk hheerree ttoo vviieeww tthhee ffiillee.."
        ],
        [
          "NNoottee:: SSeelllleerrss aarree rreeqquuiirreedd ttoo rraaiissee iinnvvooiicceess oonnlliinnee aass ppeerr tthhee ccoonnttrraacctt tteerrmmss oonn GGeeMM ppoorrttaall.. TTiimmeellyy iinnvvooiiccee ssuubbmmiissssiioonn iiss mmaannddaattoorryy ffoorr ccoommpplliiaanncceess,, ssmmooootthh ppaayymmeenntt pprroocceessssiinngg,,\naanndd wwiillll aallssoo ccoonnttrriibbuuttee ttoo iimmpprroovviinngg tthheeiirr rraattiinnggss.."
        ],
        [
          "NNoottee:: TThhiiss iiss ssyysstteemm ggeenneerraatteedd ffiillee.. NNoo ssiiggnnaattuurree iiss rreeqquuiirreedd.. PPrriinntt oouutt ooff tthhiiss ddooccuummeenntt iiss nnoott vvaalliidd ffoorr ppaayymmeenntt// ttrraannssaaccttiioonn ppuurrppoossee.."
        ]
      ]
    }
  ],
  "table_count": 4,
  "total_pages": 4
}