bid_no,seller_id,seller_name,seller_email,unit_price
GEMC-511687701265917,5I7A200001827894,GAJANAND SURGITECH,dr.dileep.sharma@esic.gov.in,"1,648"
GEMC-511687702174618,5I7A200001827894,GAJANAND SURGITECH,dr.dileep.sharma@esic.gov.in,"17,548"
GEMC-511687702218605,QITU220005233760,GEM INDIA,buyer14.cmsdfh.up@gembuyer.in,"1,500"
GEMC-511687705269108,5I7A200001827894,GAJANAND SURGITECH,dr.dileep.sharma@esic.gov.in,"2,250"
GEMC-511687707853830,73MB210002401934,OM SAI PHARMACEUTICALS,buyer1.tbsh.prg@gembuyer.in,258
GEMC-511687714748614,Q380230010272043,R K ENTERPRISES,storemdh.bp-up@gov.in,"1,500"
GEMC-511687714863730,FBF2190000857786,MY HEALTH SOLUTION,sushil.1301@gov.in,380
GEMC-511687716416257,UA9O220006437660,I A PHARMA AND SURGICALS,tejinder20675@jk.gov.in,190
GEMC-511687718222733,96DC190000857305,A P HEALTHCARE,buycon128.hfwdjk.jk@gembuyer.in,429
GEMC-511687720275835,E728190000818095,S.S.SURGICALS,omer.hussain0337@jk.gov.in,44.98
GEMC-511687724038124,5I7A200001827894,GAJANAND SURGITECH,dr.dileep.sharma@esic.gov.in,"14,498.40"
GEMC-511687727600536,56C1190000891989,PURNA ENTERPRISES,buyer1.tbsh.prg@gembuyer.in,341
GEMC-511687730911996,F5XS220005349432,SUNRISE ENTERPRISES,dr.dileep.sharma@esic.gov.in,"5,450"
GEMC-511687731950528,9FHS220006282257,QUBIX MEDICARE PRIVATE LIMITED,procuresurgical@vmmc-sjh.nic.in,32.95
GEMC-511687733731644,G0EU210003998288,KETAN AGENCIES,saacctts-ayush@jk.gov.in,"1,960"
GEMC-511687737198073,8AD6180000593530,M/S SNEH ENTERPRISES,shashank2002.mp@up.gov.in,208
GEMC-511687737821877,I8NK240012146045,Omkaar Medicare Agency,dr.dileep.sharma@esic.gov.in,"5,440"
GEMC-511687741236036,Q380230010272043,R K ENTERPRISES,storemdh.bp-up@gov.in,"1,200"
GEMC-511687743432355,73MB210002401934,OM SAI PHARMACEUTICALS,buyer1.tbsh.prg@gembuyer.in,162
GEMC-511687743843900,212D200001306573,WINSURE INTERNATIONAL,buyer5.dch.up@gembuyer.in,"2,415"
GEMC-511687750116607,I8NK240012146045,Omkaar Medicare Agency,dr.dileep.sharma@esic.gov.in,"5,388"
GEMC-511687753965829,FBF2190000857786,MY HEALTH SOLUTION,sushil.1301@gov.in,980
GEMC-511687757913438,E872200001123915,JAI SHREE SHYAM SERVICES,buyer14.cmsdfh.up@gembuyer.in,"1,416"
GEMC-511687758128078,8AD6180000593530,M/S SNEH ENTERPRISES,shashank2002.mp@up.gov.in,"4,200"
GEMC-511687764681498,A4E1190000953882,SADARIYA INTERNATIONAL,dr.ashish.kispotta@esic.nic.in,200
GEMC-511687773307511,602F180000098454,Tirupati Medilines Private Limited,procuresurgical@vmmc-sjh.nic.in,54.9
GEMC-511687774525519,Q380230010272043,R K ENTERPRISES,storemdh.bp-up@gov.in,"2,499.96"
GEMC-511687775422873,6N1S220005145111,JASWIK INNOVATIONS PRIVATE LIMITED,con25.phfwdm.mh@gembuyer.in,"9,000"
GEMC-511687777055104,Q380230010272043,R K ENTERPRISES,storemdh.bp-up@gov.in,"2,496"
GEMC-511687780176059,AC16180000115472,M/S ANANTA SURGICAL INDUSTRY,con29.mhfwdup.up@gembuyer.in,"2,520"
GEMC-511687781956353,56C1190000891989,PURNA ENTERPRISES,buyer1.tbsh.prg@gembuyer.in,148
GEMC-511687782445437,FB15190000821228,CYGNET MEDITECH PRIVATE LIMITED,raj.thakur@icmr.gov.in,"4,300"
GEMC-511687787061917,56C1190000891989,PURNA ENTERPRISES,buyer1.tbsh.prg@gembuyer.in,252
GEMC-511687787083038,UYWY220005095977,Sapiens Healthcare,dr.dileep.sharma@esic.gov.in,216
GEMC-511687788305036,AC16180000115472,M/S ANANTA SURGICAL INDUSTRY,con29.mhfwdup.up@gembuyer.in,"2,520"
GEMC-511687788725315,8AD6180000593530,M/S SNEH ENTERPRISES,shashank2002.mp@up.gov.in,"4,200"
GEMC-511687788893697,8AD6180000593530,M/S SNEH ENTERPRISES,shashank2002.mp@up.gov.in,"4,200"
GEMC-511687789665064,8AD6180000593530,M/S SNEH ENTERPRISES,shashank2002.mp@up.gov.in,"4,200"
GEMC-511687790907931,A09D180000104865,SEA SILVER HEALTHCARE PRIVATE LIMITED,procuresurgical@vmmc-sjh.nic.in,51.38
GEMC-511687795569092,967C180000103898,HEALTHIUM MEDTECH LIMITED,buyer21.sctimsts.kl@gembuyer.in,"1,895"
GEMC-511687797327464,FQDV200001883890,GOURIKA ENTERPRISE,buycon33.crd.gj@gembuyer.in,"1,871"
GEMC-511687799472890,73MB210002401934,OM SAI PHARMACEUTICALS,buyer1.tbsh.prg@gembuyer.in,152
